id,name,district,region,ig_address,game_x,game_y,real_life,real_lat,real_lng,tags,ingame_photo,reallife_photo
L1,?,Washington Beach,Vice Beach,"?, Washington Beach, Vice Beach",1409.40126306379,2803.2135475894142,"The Ritz-Carlton Bal Harbour, 10295 Collins Ave, Bal Harbour, FL 33154, USA",25.898996,-80.1232991,l1 hotel,landmarks/Vice_Beach/L1_unnamed_ingame.jpg,landmarks/Vice_Beach/L1_unnamed_reallife.jpg
L2,?,Washington Beach,Vice Beach,"?, Washington Beach, Vice Beach",1491.644642010651,2633.3023385608108,"Akoya Condominium, 6365 Collins Ave, Miami Beach, FL 33141, USA",25.8460686,-80.11969669999999,residential,landmarks/Vice_Beach/L2_unnamed_ingame.jpg,landmarks/Vice_Beach/L2_unnamed_reallife.jpg
L3,?,Washington Beach,Vice Beach,"?, Washington Beach, Vice Beach",1541.925,2562.866,"Sherry Frontenac Oceanfront Hotel, 6565 Collins Ave, Miami Beach, FL 33141, USA",25.8492902,-80.1200515,hotel,landmarks/Vice_Beach/L3_unnamed_ingame.jpg,landmarks/Vice_Beach/L3_unnamed_reallife.jpg
L4,?,Washington Beach,Vice Beach,"?, Washington Beach, Vice Beach",1626.759997019858,2512.7550249217966,"Jade Ocean Condos, 17121 Collins Ave, Sunny Isles Beach, FL 33160, USA",25.9343413,-80.1210169,residential,landmarks/Vice_Beach/L4_unnamed_ingame.jpg,landmarks/Vice_Beach/L4_unnamed_reallife.jpg
L5,?,Washington Beach,Vice Beach,"?, Washington Beach, Vice Beach",1673.9352770143546,2402.7617365126403,"Maison Grande Condominium, 6039 Collins Ave, Miami Beach, FL 33140, USA",25.8430694,-80.1204528,residential,landmarks/Vice_Beach/L5_unnamed_ingame.jpg,landmarks/Vice_Beach/L5_unnamed_reallife.jpg
L6,?,Washington Beach,Vice Beach,"?, Washington Beach, Vice Beach",1720.9472792155304,2199.0019649925734,"The Bath Club, 5937 Collins Ave, Miami Beach, FL 33140, USA",25.8414441,-80.1211879,hotel,landmarks/Vice_Beach/L6_unnamed_ingame.jpg,landmarks/Vice_Beach/L6_unnamed_reallife.jpg
L7,?,Washington Beach,Vice Beach,"?, Washington Beach, Vice Beach",1771.6250105104211,2167.415798523127,"MEI Condominium, 5875 Collins Ave, Miami Beach, FL 33140, USA",25.8408333,-80.1205556,residential,landmarks/Vice_Beach/L7_unnamed_ingame.jpg,landmarks/Vice_Beach/L7_unnamed_reallife.jpg
L8,?,Washington Beach,Vice Beach,"?, Washington Beach, Vice Beach",1808.2404872498184,2127.7063926732812,"Green Diamond, 4775 Collins Ave, Miami Beach, FL 33140, USA",25.822683,-80.1215727,residential,landmarks/Vice_Beach/L8_unnamed_ingame.jpg,landmarks/Vice_Beach/L8_unnamed_reallife.jpg
L9,?,Washington Beach,Vice Beach,"?, Washington Beach, Vice Beach",1871.8848643739557,2057.0075774474344,"Blue Diamond, 4779 Collins Ave, Miami Beach, FL 33140, USA",25.8233175,-80.1215857,residential,landmarks/Vice_Beach/L9_unnamed_ingame.jpg,landmarks/Vice_Beach/L9_unnamed_reallife.jpg
L10,?,Washington Beach,Vice Beach,"?, Washington Beach, Vice Beach",1890.3918876840426,1932.4861301214287,"Trésor Tower, 4401 Collins Ave, Miami Beach, FL 33140, USA",25.8165156,-80.1229681,residential,landmarks/Vice_Beach/L10_unnamed_ingame.jpg,landmarks/Vice_Beach/L10_unnamed_reallife.jpg
L11,?,Washington Beach,Vice Beach,"?, Washington Beach, Vice Beach",1979.4552215394265,1926.5420522539341,"Sorrento Tower, Miami Beach Boardwalk, Miami Beach, FL 33140, USA",25.8162956,-80.12183519999999,,landmarks/Vice_Beach/L11_unnamed_ingame.jpg,landmarks/Vice_Beach/L11_unnamed_reallife.jpg
L12,?,Washington Beach,Vice Beach,"?, Washington Beach, Vice Beach",1874.2259557548418,1799.3720065000448,"Red South Beach, 3010 Collins Ave, Miami Beach, FL 33140, USA",25.8061909,-80.1245716,,landmarks/Vice_Beach/L12_unnamed_ingame.jpg,landmarks/Vice_Beach/L12_unnamed_reallife.jpg
L13,Albany Hotel,Washington Beach,Vice Beach,"Albany Hotel, Washington Beach, Vice Beach",1943.0868425339124,1809.1293729736378,"Cadillac Hotel & Beach Club, 3925 Collins Ave, Miami Beach, FL 33140, USA",25.8120341,-80.1228024,l1 hotel,landmarks/Vice_Beach/L13_Albany_Hotel_ingame.jpg,landmarks/Vice_Beach/L13_Albany_Hotel_reallife.jpg
L14,?,Washington Beach,Vice Beach,"?, Washington Beach, Vice Beach",1881.53107591128,1752.9108483354016,"Generator Miami, 3120 Collins Ave, Miami Beach, FL 33140, USA",25.8070512,-80.1243636,,landmarks/Vice_Beach/L14_unnamed_ingame.jpg,landmarks/Vice_Beach/L14_unnamed_reallife.jpg
L15,?,Washington Beach,Vice Beach,"?, Washington Beach, Vice Beach",1964.2576195626377,1704.4839333190596,"Faena House, 3315 Collins Ave, Miami Beach, FL 33140, USA",25.8078284,-80.1233677,construction,landmarks/Vice_Beach/L15_unnamed_ingame.jpg,landmarks/Vice_Beach/L15_unnamed_reallife.jpg
L16,Y Vice City,Washington Beach,Vice Beach,"Y Vice City, Washington Beach, Vice Beach",1951.7532969132371,1591.8411954119233,"W South Beach, 2201 Collins Ave, Miami Beach, FL 33139, USA",25.7973813,-80.1271903,enterable hotel,landmarks/Vice_Beach/L16_Y_Vice_City_ingame.jpg,landmarks/Vice_Beach/L16_Y_Vice_City_reallife.jpg
L17,Crystal,Ocean Beach,Vice Beach,"Crystal, Ocean Beach, Vice Beach",1985.0504692697145,1361.326114910523,"The Ritz-Carlton South Beach, 1 Lincoln Rd, Miami Beach, FL 33139, USA",25.7909379,-80.1291845,hotel,landmarks/Vice_Beach/L17_Crystal_ingame.jpg,landmarks/Vice_Beach/L17_Crystal_reallife.jpg
L18,Sachem,Ocean Beach,Vice Beach,"Sachem, Ocean Beach, Vice Beach",1953.4524265808273,1283.3452826092866,"Decoplage, 100 Lincoln Rd, Miami Beach, FL 33139, USA",25.7902767,-80.1284648,l1 hotel,landmarks/Vice_Beach/L18_Sachem_ingame.jpg,landmarks/Vice_Beach/L18_Sachem_reallife.jpg
L19,?,Ocean Beach,Vice Beach,"?, Ocean Beach, Vice Beach",1791.9586404108416,1181.6915646423522,"Park@420 Lincoln Rd, 420 Lincoln Rd, Miami Beach, FL 33139, USA",25.7895983,-80.1327819,transportation,landmarks/Vice_Beach/L19_unnamed_ingame.jpg,landmarks/Vice_Beach/L19_unnamed_reallife.jpg
L20,?,Ocean Beach,Vice Beach,"?, Ocean Beach, Vice Beach",1948.933045831473,1143.6654336921083,"Loews Miami Beach, 1601 Collins Ave, Miami Beach, FL 33139, USA",25.7894357,-80.1297317,hotel,landmarks/Vice_Beach/L20_unnamed_ingame.jpg,landmarks/Vice_Beach/L20_unnamed_reallife.jpg
L21,?,Ocean Beach,Vice Beach,"?, Ocean Beach, Vice Beach",1983.5,1091.5,"St. Moritz Hotel, 1601 Collins Ave, Miami Beach, FL 33139, USA",25.78886,-80.1295927,hotel,landmarks/Vice_Beach/L21_unnamed_ingame.jpg,landmarks/Vice_Beach/L21_unnamed_reallife.jpg
L22,Bayfront Heights,Ocean Beach,Vice Beach,"Bayfront Heights, Ocean Beach, Vice Beach",2029.5710136244118,1035.3709215792328,"Royal Palm South Beach, 1545 Collins Ave, Miami Beach, FL 33139, USA",25.7883969,-80.1293601,hotel,landmarks/Vice_Beach/L22_Bayfront_Heights_ingame.jpg,landmarks/Vice_Beach/L22_Bayfront_Heights_reallife.jpg
L23,?,Ocean Beach,Vice Beach,"?, Ocean Beach, Vice Beach",1865,1044,"Aqua Hotel, 1530 Collins Ave, Miami Beach, FL 33139, USA",25.7882888,-80.1308035,hotel,landmarks/Vice_Beach/L23_unnamed_ingame.jpg,landmarks/Vice_Beach/L23_unnamed_reallife.jpg
L24,?,Ocean Beach,Vice Beach,"?, Ocean Beach, Vice Beach",2037.9337717210276,970.5615860275598,"1500 Ocean Dr, Miami Beach, FL 33139, USA",25.787952,-80.12908700000001,hotel,landmarks/Vice_Beach/L24_unnamed_ingame.jpg,landmarks/Vice_Beach/L24_unnamed_reallife.jpg
L25,Dominion Hotel,Ocean Beach,Vice Beach,"Dominion Hotel, Shore Dr, Ocean Beach, Vice Beach",2008.1592860647202,912.1226816203816,"Cardozo South Beach, 1300 Ocean Dr, Miami Beach, FL 33139, USA",25.7842292,-80.13026909999999,hotel,landmarks/Vice_Beach/L25_Dominion_Hotel_ingame.jpg,landmarks/Vice_Beach/L25_Dominion_Hotel_reallife.jpg
L26,?,Ocean Beach,Vice Beach,"?, Shore Dr, Ocean Beach, Vice Beach",2003,873.5,"The Tides South Beach, 1220 Ocean Dr, Miami Beach, FL 33139, USA",25.7831096,-80.1303634,hotel,landmarks/Vice_Beach/L26_unnamed_ingame.jpg,landmarks/Vice_Beach/L26_unnamed_reallife.jpg
L27,?,Ocean Beach,Vice Beach,"?, Shore Dr, Ocean Beach, Vice Beach",2000.5,847,"McAlpin Ocean Plaza, 1430 Ocean Dr, Miami Beach, FL 33139, USA",25.7862903,-80.1299086,hotel,landmarks/Vice_Beach/L27_unnamed_ingame.jpg,landmarks/Vice_Beach/L27_unnamed_reallife.jpg
L28,?,Ocean Beach,Vice Beach,"?, Shore Dr, Ocean Beach, Vice Beach",1995.5,828,"Winter Haven, 1400 Ocean Dr, Miami Beach, FL 33139, USA",25.7853153,-80.1298456,hotel,landmarks/Vice_Beach/L28_unnamed_ingame.jpg,landmarks/Vice_Beach/L28_unnamed_reallife.jpg
L29,?,Ocean Beach,Vice Beach,"?, Shore Dr, Ocean Beach, Vice Beach",1985.5,802.5,"The Villa Casa Casuarina, 1116 Ocean Dr, Miami Beach, FL 33139, USA",25.7819611,-80.13049989999999,hotel,landmarks/Vice_Beach/L29_unnamed_ingame.jpg,landmarks/Vice_Beach/L29_unnamed_reallife.jpg
L30,?,Ocean Beach,Vice Beach,"?, Ocean Beach, Vice Beach",2059.537104391691,743.0908915427462,"14th St Public Restrooms, 1451 Ocean Dr, Miami Beach, FL 33139, USA",25.7851353,-80.1295282,public,landmarks/Vice_Beach/L30_unnamed_ingame.jpg,landmarks/Vice_Beach/L30_unnamed_reallife.jpg
L31,?,Ocean Beach,Vice Beach,"?, Ocean Beach, Vice Beach",1912,723.5,"826 Collins Ave, Miami Beach, FL 33139, USA",25.7787396,-80.13245359999999,,landmarks/Vice_Beach/L31_unnamed_ingame.jpg,landmarks/Vice_Beach/L31_unnamed_reallife.jpg
L32,Hotel Dixon,Ocean Beach,Vice Beach,"Hotel Dixon, Shore Dr, Ocean Beach, Vice Beach",1973.5,737,"Hotel Victor, 1144 Ocean Dr, Miami Beach, FL 33139, USA",25.782402,-80.1305387,hotel,landmarks/Vice_Beach/L32_Hotel_Dixon_ingame.jpg,landmarks/Vice_Beach/L32_Hotel_Dixon_reallife.jpg
L33,?,Ocean Beach,Vice Beach,"?, Shore Dr, Ocean Beach, Vice Beach",1971,710,"Leslie Hotel, 1244 Ocean Dr, Miami Beach, FL 33139, USA",25.7835479,-80.1301558,hotel,landmarks/Vice_Beach/L33_unnamed_ingame.jpg,landmarks/Vice_Beach/L33_unnamed_reallife.jpg
L34,?,Ocean Beach,Vice Beach,"?, Shore Dr, Ocean Beach, Vice Beach",1968,693,"Cavalier Hotel, 1320 Ocean Dr, Miami Beach, FL 33139, USA",25.7843811,-80.1300461,hotel,landmarks/Vice_Beach/L34_unnamed_ingame.jpg,landmarks/Vice_Beach/L34_unnamed_reallife.jpg
L35,Paramour Hotel,Ocean Beach,Vice Beach,"Paramour Hotel, Shore Dr, Ocean Beach, Vice Beach",1963,677.5,"Congress Hotel, 1036 Ocean Dr, Miami Beach, FL 33139, USA",25.7811276,-80.13079850000001,hotel,landmarks/Vice_Beach/L35_Paramour_Hotel_ingame.jpg,landmarks/Vice_Beach/L35_Paramour_Hotel_reallife.jpg
L36,Ocean View Hotel,Ocean Beach,Vice Beach,"Ocean View Hotel, Shore Dr, Ocean Beach, Vice Beach",1959.5,639,"Clevelander South Beach, 1020 Ocean Dr, Miami Beach, FL 33139, USA",25.780866,-80.13084599999999,hotel,landmarks/Vice_Beach/L36_Ocean_View_Hotel_ingame.jpg,landmarks/Vice_Beach/L36_Ocean_View_Hotel_reallife.jpg
L37,?,Ocean Beach,Vice Beach,"?, Ocean Beach, Vice Beach",2052,604,"Beach Patrol Headquarters, Miami Beach, FL 33139, USA",25.7746389,-80.1421845,l1 service,landmarks/Vice_Beach/L37_unnamed_ingame.jpg,landmarks/Vice_Beach/L37_unnamed_reallife.jpg
L38,?,Ocean Beach,Vice Beach,"?, Ocean Beach, Vice Beach",2019,606,"Art Deco Welcome Center, 1001 Ocean Dr, Miami Beach, FL 33139, USA",25.7802959,-80.1303405,public,landmarks/Vice_Beach/L38_unnamed_ingame.jpg,landmarks/Vice_Beach/L38_unnamed_reallife.jpg
L39,?,Ocean Beach,Vice Beach,"?, Shore Dr, Ocean Beach, Vice Beach",1941,589,"Edison Hotel, 960 Ocean Dr, Miami Beach, FL 33139, USA",25.7802567,-80.1308979,hotel,landmarks/Vice_Beach/L39_unnamed_ingame.jpg,landmarks/Vice_Beach/L39_unnamed_reallife.jpg
L40,Boardwalk,Ocean Beach,Vice Beach,"Boardwalk, Shore Dr, Ocean Beach, Vice Beach",1939,564.5,"Hotel Breakwater, 940 Ocean Dr, Miami Beach, FL 33139, USA",25.7799929,-80.13108559999999,hotel,landmarks/Vice_Beach/L40_Boardwalk_ingame.jpg,landmarks/Vice_Beach/L40_Boardwalk_reallife.jpg
L41,Hotel Neptune,Ocean Beach,Vice Beach,"Hotel Neptune, Shore Dr, Ocean Beach, Vice Beach",1934.5,540.5,"Shore Park Hotel, 820 Ocean Dr, Miami Beach, FL 33139, USA",25.7784146,-80.131334,l1 hotel,landmarks/Vice_Beach/L41_Hotel_Neptune_ingame.jpg,landmarks/Vice_Beach/L41_Hotel_Neptune_reallife.jpg
L42,Parsons Hotel?,Ocean Beach,Vice Beach,"Parsons Hotel?, Shore Dr, Ocean Beach, Vice Beach",1932.5,526.5,"Pelican Hotel & Café, 826 Ocean Dr, Miami Beach, FL 33139, USA",25.7785098,-80.1311626,hotel unconfirmed,,landmarks/Vice_Beach/L42_Parsons_Hotel_reallife.jpg
L43,?,Ocean Beach,Vice Beach,"?, Shore Dr, Ocean Beach, Vice Beach",1928.5,495,"760 Ocean Dr, Miami Beach, FL 33139, USA",25.7778817,-80.1314356,,landmarks/Vice_Beach/L43_unnamed_ingame.jpg,landmarks/Vice_Beach/L43_unnamed_reallife.jpg
L44,?,Ocean Beach,Vice Beach,"?, Shore Dr, Ocean Beach, Vice Beach",1930.5,510.5,"News Cafe, 800 Ocean Dr, Miami Beach, FL 33139, USA",25.7780952,-80.1313455,restaurant,landmarks/Vice_Beach/L44_unnamed_ingame.jpg,landmarks/Vice_Beach/L44_unnamed_reallife.jpg
L45,Seashell Hotel,Ocean Beach,Vice Beach,"Seashell Hotel, Shore Dr, Ocean Beach, Vice Beach",1931,446.4999999999999,"Starlite Hotel, 750 Ocean Dr, Miami Beach, FL 33139, USA",25.7776858,-80.13137449999999,hotel,landmarks/Vice_Beach/L45_Seashell_Hotel_ingame.jpg,landmarks/Vice_Beach/L45_Seashell_Hotel_reallife.jpg
L46,?,Ocean Beach,Vice Beach,"?, Shore Dr, Ocean Beach, Vice Beach",1928.5,428.4999999999999,"Boulevard Hotel, 740 Ocean Dr, Miami Beach, FL 33139, USA",25.7775653,-80.1314342,//may-not-exist hotel unconfirmed,,landmarks/Vice_Beach/L46_unnamed_reallife.jpg
L47,Cortez Hotel,Ocean Beach,Vice Beach,"Cortez Hotel, Shore Dr, Ocean Beach, Vice Beach",1928,411.9999999999999,"Colony Hotel, 736 Ocean Dr, Miami Beach, FL 33139, USA",25.7774259,-80.1314201,hotel,landmarks/Vice_Beach/L47_Cortez_Hotel_ingame.jpg,landmarks/Vice_Beach/L47_Cortez_Hotel_reallife.jpg
L48,Bobby Hurricane's,Ocean Beach,Vice Beach,"Bobby Hurricane's, Shore Dr, Ocean Beach, Vice Beach",1923.5,398.4999999999999,"Johnny Rockets, 728 Ocean Dr, Miami Beach, FL 33139, USA",25.7772667,-80.1315472,retail scarface,landmarks/Vice_Beach/L48_Bobby_Hurricanes_ingame.jpg,landmarks/Vice_Beach/L48_Bobby_Hurricanes_reallife.jpg
L49,Atlantis Hotel,Ocean Beach,Vice Beach,"Atlantis Hotel, Shore Dr, Ocean Beach, Vice Beach",1922,386.4999999999999,"Beacon South Beach, 720 Ocean Dr, Miami Beach, FL 33139, USA",25.7771732,-80.1315903,hotel,landmarks/Vice_Beach/L49_Atlantis_Hotel_ingame.jpg,landmarks/Vice_Beach/L49_Atlantis_Hotel_reallife.jpg
L50,Seahorse,Ocean Beach,Vice Beach,"Seahorse, Shore Dr, Ocean Beach, Vice Beach",1920.5,371.4999999999999,"Gabriel South Beach, 640 Ocean Dr, Miami Beach, FL 33139, USA",25.7763613,-80.1316421,,landmarks/Vice_Beach/L50_Seahorse_ingame.jpg,landmarks/Vice_Beach/L50_Seahorse_reallife.jpg
L51,Cordelia,Ocean Beach,Vice Beach,"Cordelia, Shore Dr, Ocean Beach, Vice Beach",1918,354.4999999999999,"Park Central Hotel, 640 Ocean Dr, Miami Beach, FL 33139, USA",25.7763613,-80.1316421,hotel,landmarks/Vice_Beach/L51_Cordelia_ingame.jpg,landmarks/Vice_Beach/L51_Cordelia_reallife.jpg
L52,?,Ocean Beach,Vice Beach,"?, Shore Dr, Ocean Beach, Vice Beach",1906.5,286,"Beach Park Hotel, 600 Ocean Dr, Miami Beach, FL 33139, USA",25.775693,-80.131826,hotel,,landmarks/Vice_Beach/L52_unnamed_reallife.jpg
L53,?,Ocean Beach,Vice Beach,"?, Shore Dr, Ocean Beach, Vice Beach",1904,266,"Majestic Hotel South Beach, 660 Ocean Dr, Miami Beach, FL 33139, USA",25.776646,-80.1316603,hotel,,landmarks/Vice_Beach/L53_unnamed_reallife.jpg
L54,?,Ocean Beach,Vice Beach,"?, Shore Dr, Ocean Beach, Vice Beach",1963.807374931945,123.44651344211871,"Royal Atlantic Condominium, 465 Ocean Dr, Miami Beach, FL 33139, USA",25.774416,-80.131343,residential,landmarks/Vice_Beach/L54_unnamed_ingame.jpg,landmarks/Vice_Beach/L54_unnamed_reallife.jpg
L55,?,Ocean Beach,Vice Beach,"?, Shore Dr, Ocean Beach, Vice Beach",1880.1516170245661,107.95503814631576,"260 Ocean Dr, Miami Beach, FL 33139, USA",25.7719115,-80.13282679999999,,,landmarks/Vice_Beach/L55_unnamed_reallife.jpg
L56,?,Ocean Beach,Vice Beach,"?, Shore Dr, Ocean Beach, Vice Beach",1957.4794763471068,89.77479562879648,"455 Ocean Dr, Miami Beach, FL 33139, USA",25.7741299,-80.1317834,unconfirmed,,landmarks/Vice_Beach/L56_unnamed_reallife.jpg
L57,?,Ocean Beach,Vice Beach,"?, Shore Dr, Ocean Beach, Vice Beach",1881.9759525200275,67.36923022655145,"Ocean Place, 226 Ocean Dr, Miami Beach, FL 33139, USA",25.7714479,-80.132949,,,landmarks/Vice_Beach/L57_unnamed_reallife.jpg
L58,?,Ocean Beach,Vice Beach,"?, Shore Dr, Ocean Beach, Vice Beach",1961.6719124527617,43.91043558747464,"The Savoy Hotel & Beach Club, 425 Ocean Dr, Miami Beach, FL 33139, USA",25.7737878,-80.13196409999999,hotel unconfirmed,,landmarks/Vice_Beach/L58_unnamed_reallife.jpg
L59,?,Ocean Beach,Vice Beach,"?, Shore Dr, Ocean Beach, Vice Beach",1978.5915635129934,14.53227014951716,"101 Ocean Dr, Miami Beach, FL 33139, USA",25.7696675,-80.1323919,,landmarks/Vice_Beach/L59_unnamed_ingame.jpg,landmarks/Vice_Beach/L59_unnamed_reallife.jpg
L60,?,Ocean Beach,Vice Beach,"?, Shore Dr, Ocean Beach, Vice Beach",1884.8397349838328,30.904440627542385,"200 Ocean Dr, Miami Beach, FL 33139, USA",25.7710296,-80.1329238,,,landmarks/Vice_Beach/L60_unnamed_reallife.jpg
L61,? (S),Ocean Beach,Vice Beach,"? (S), Ocean Beach, Vice Beach",1978.7924856778995,-339.3303358589649,"Continuum on South Beach, 100 South Pointe Dr, Miami Beach, FL 33139, USA",25.7672315,-80.1327611,residential,,landmarks/Vice_Beach/L61_S_reallife.jpg
L62,?,Ocean Beach,Vice Beach,"?, Ocean Beach, Vice Beach",1743,404.4999999999999,"1043 Washington Ave, Miami Beach, FL 33139, USA",25.7813748,-80.13241239999999,,landmarks/Vice_Beach/L62_unnamed_ingame.jpg,landmarks/Vice_Beach/L62_unnamed_reallife.jpg
L63,?,Ocean Beach,Vice Beach,"?, Ocean Beach, Vice Beach",1848.8014831202777,174.3036694755511,"Council Towers South, 533 Collins Ave, Miami Beach, FL 33139, USA",25.7752575,-80.13272540000001,residential,landmarks/Vice_Beach/L63_unnamed_ingame.jpg,landmarks/Vice_Beach/L63_unnamed_reallife.jpg
L64,?,Ocean Beach,Vice Beach,"?, Ocean Beach, Vice Beach",1742.5,383.9999999999999,"1001 Washington Ave, Miami Beach, FL 33139, USA",25.780896,-80.13243419999999,//address-ambiguous,landmarks/Vice_Beach/L64_unnamed_ingame.jpg,landmarks/Vice_Beach/L64_unnamed_reallife.jpg
L65,?,Ocean Beach,Vice Beach,"?, Ocean Beach, Vice Beach",1811.1219999999998,425.08899999999994,"Council Towers North, 1040 Collins Ave, Miami Beach, FL 33139, USA",25.7814319,-80.1318375,residential,landmarks/Vice_Beach/L65_unnamed_ingame.jpg,landmarks/Vice_Beach/L65_unnamed_reallife.jpg
L66,?,Ocean Beach,Vice Beach,"?, Ocean Beach, Vice Beach",1817.2755,464.4309999999999,"Ocean Hotel, 236 9th St, Miami Beach, FL 33139, USA",25.7793736,-80.13267259999999,hotel,,landmarks/Vice_Beach/L66_unnamed_reallife.jpg
L67,?,Ocean Beach,Vice Beach,"?, Shorefront Ave, Ocean Beach, Vice Beach",1617.0712762396065,395.6946863456135,"555 Washington Ave, Miami Beach, FL 33139, USA",25.7751146,-80.1337082,,landmarks/Vice_Beach/L67_unnamed_ingame.jpg,landmarks/Vice_Beach/L67_unnamed_reallife.jpg
L68,?,Ocean Beach,Vice Beach,"?, Ocean Beach, Vice Beach",1830.5,542.4999999999999,"1100 Collins Ave, Miami Beach, FL 33139, USA",25.7819498,-80.1315059,,,landmarks/Vice_Beach/L68_unnamed_reallife.jpg
L69,?,Ocean Beach,Vice Beach,"?, Ocean Beach, Vice Beach",1837,578,"1120 Collins Ave, Miami Beach, FL 33139, USA",25.7822088,-80.1315618,,,landmarks/Vice_Beach/L69_unnamed_reallife.jpg
L70,?,Ocean Beach,Vice Beach,"?, Ocean Beach, Vice Beach",1699,599,"Old City Hall, 1130 Washington Ave, Miami Beach, FL 33139, USA",25.7825298,-80.1326844,,landmarks/Vice_Beach/L70_unnamed_ingame.jpg,landmarks/Vice_Beach/L70_unnamed_reallife.jpg
L71,?,Ocean Beach,Vice Beach,"?, Ocean Beach, Vice Beach",1893,580,"Jenny Hostel, 953 Collins Ave, Miami Beach, FL 33139, USA",25.7801843,-80.1313873,,landmarks/Vice_Beach/L71_unnamed_ingame.jpg,landmarks/Vice_Beach/L71_unnamed_reallife.jpg
L72,?,Ocean Beach,Vice Beach,"?, Ocean Beach, Vice Beach",1843.5,615.5,"170 8th St, Miami Beach, FL 33139, USA",25.7780135,-80.1319511,,landmarks/Vice_Beach/L72_unnamed_ingame.jpg,landmarks/Vice_Beach/L72_unnamed_reallife.jpg
L73,?,Ocean Beach,Vice Beach,"?, Ocean Beach, Vice Beach",1839.2998999237439,695.5538153611519,"Miami Beach Parking Garage, 200 7th St, Miami Beach, FL 33139, USA",25.7766204,-80.1329516,,landmarks/Vice_Beach/L73_unnamed_ingame.jpg,landmarks/Vice_Beach/L73_unnamed_reallife.jpg
L74,?,Ocean Beach,Vice Beach,"?, Ocean Beach, Vice Beach",1931,876,"Chesterfield Hotel & Suites, 855 Collins Ave, Miami Beach, FL 33139, USA",25.7790128,-80.13164909999999,hotel,,landmarks/Vice_Beach/L74_unnamed_reallife.jpg
L75,?,Ocean Beach,Vice Beach,"?, Ocean Beach, Vice Beach",1871.5,880.5,"1208 Collins Ave, 1208 Collins Ave, Miami Beach, FL 33139, USA",25.783142,-80.1314964,l1 retail,landmarks/Vice_Beach/L75_unnamed_ingame.jpg,landmarks/Vice_Beach/L75_unnamed_reallife.jpg
L76,?,Ocean Beach,Vice Beach,"?, Thompson Ave, Ocean Beach, Vice Beach",1724.889,914.6844999999998,"405 Española Wy, Miami Beach, FL 33139, USA",25.7870228,-80.13206339999999,//address-ambiguous,landmarks/Vice_Beach/L76_unnamed_ingame.jpg,landmarks/Vice_Beach/L76_unnamed_reallife.jpg
L77,?,Ocean Beach,Vice Beach,"?, Thompson Ave, Ocean Beach, Vice Beach",1730.094,949.9999999999999,"Chandler Building, 1464 Washington Ave, Miami Beach, FL 33139, USA",25.7874406,-80.1320095,,landmarks/Vice_Beach/L77_unnamed_ingame.jpg,landmarks/Vice_Beach/L77_unnamed_reallife.jpg
L78,?,Ocean Beach,Vice Beach,"?, Ocean Beach, Vice Beach",1933.5,911.5,"1351 Collins Ave, Miami Beach, FL 33139, USA",25.7849853,-80.1306894,,,landmarks/Vice_Beach/L78_unnamed_reallife.jpg
L79,?,Ocean Beach,Vice Beach,"?, Ocean Beach, Vice Beach",1882.502,982.4999999999999,"1400 Collins Ave, Miami Beach, FL 33139, USA",25.7855639,-80.13112559999999,,landmarks/Vice_Beach/L79_unnamed_ingame.jpg,landmarks/Vice_Beach/L79_unnamed_reallife.jpg
L80,?,Ocean Beach,Vice Beach,"?, Thompson Ave, Ocean Beach, Vice Beach",1725,1044.5,"Courtyard by Marriott, 1530 Washington Ave, Miami Beach, FL 33139, USA",25.7881782,-80.1320177,,landmarks/Vice_Beach/L80_unnamed_ingame.jpg,landmarks/Vice_Beach/L80_unnamed_reallife.jpg
L81,?,Ocean Beach,Vice Beach,"?, Thompson Ave, Ocean Beach, Vice Beach",1724,1067,"Exchange South Beach, 1532 Washington Ave, Miami Beach, FL 33139, USA",25.7882822,-80.13208519999999,,landmarks/Vice_Beach/L81_unnamed_ingame.jpg,landmarks/Vice_Beach/L81_unnamed_reallife.jpg
L82,?,Ocean Beach,Vice Beach,"?, Thompson Ave, Ocean Beach, Vice Beach",1720.828,1083.056,"Chalan on the Beach, 1580 Washington Ave, Miami Beach, FL 33139, USA",25.788956,-80.132021,,landmarks/Vice_Beach/L82_unnamed_ingame.jpg,landmarks/Vice_Beach/L82_unnamed_reallife.jpg
L83,?,Ocean Beach,Vice Beach,"?, Thompson Ave, Ocean Beach, Vice Beach",1802,1093,"1441 Washington Ave, Miami Beach, FL 33139, USA",25.7867871,-80.1316152,,landmarks/Vice_Beach/L83_unnamed_ingame.jpg,landmarks/Vice_Beach/L83_unnamed_reallife.jpg
L84,?,Ocean Beach,Vice Beach,"?, Ocean Beach, Vice Beach",1713.2835,1359.0720000000001,"Bank of America Financial Center, 401 Lincoln Rd, Miami Beach, FL 33139, USA",25.7909671,-80.1320884,,landmarks/Vice_Beach/L84_unnamed_ingame.jpg,landmarks/Vice_Beach/L84_unnamed_reallife.jpg
L85,Vice Museum of Art,Ocean Beach,Vice Beach,"Vice Museum of Art, Ocean Beach, Vice Beach",1792,1474,"The Bass, 2100 Collins Ave, Miami Beach, FL 33139, USA",25.7975668,-80.1301297,,landmarks/Vice_Beach/L85_Vice_Museum_of_Art_ingame.jpg,landmarks/Vice_Beach/L85_Vice_Museum_of_Art_reallife.jpg
L86,Fence,,Vice Beach,"Fence, Vice Beach",1815.3103641613782,1565.9248453074824,"The Gates Hotel South Beach, 2360 Collins Ave, Miami Beach, FL 33139, USA",25.7993599,-80.127821,hotel,landmarks/Vice_Beach/L86_Fence_ingame.jpg,landmarks/Vice_Beach/L86_Fence_reallife.jpg
L87,Firefly Plaza,,Vice Beach,"Firefly Plaza, Vice Beach",1726.9920000000002,1673.875,"2421 Lake Pancoast Dr, Miami Beach, FL 33140, USA",25.8007002,-80.1277233,,landmarks/Vice_Beach/L87_Firefly_Plaza_ingame.jpg,landmarks/Vice_Beach/L87_Firefly_Plaza_reallife.jpg
L88,?,Washington Beach,Vice Beach,"?, Washington Beach, Vice Beach",1866.5531400721864,1679.4261903141519,"Portugal Tower Condominium, 3200 Collins Ave, Miami, FL 33140, USA",25.807557,-80.12412789999999,residential,landmarks/Vice_Beach/L88_unnamed_ingame.jpg,landmarks/Vice_Beach/L88_unnamed_reallife.jpg
L89,?,,Vice Beach,"?, Vice Beach",1670.7603281612382,1823.2621821245648,"Tower 41, 4209 Pine Tree Dr, Miami Beach, FL 33140, USA",25.8140407,-80.1254986,,landmarks/Vice_Beach/L89_unnamed_ingame.jpg,landmarks/Vice_Beach/L89_unnamed_reallife.jpg
L90,?,,Vice Beach,"?, Vice Beach",1621.495921624004,1979.8417723776647,"Guildford House Condominium, 9800 W Bay Harbor Dr, Bay Harbor Islands, FL 33154, USA",25.8888385,-80.1335891,,landmarks/Vice_Beach/L90_unnamed_ingame.jpg,landmarks/Vice_Beach/L90_unnamed_reallife.jpg
L91,?,,Vice Beach,"?, Vice Beach",,,"Mount Sinai Comprehensive Cancer Center, 4306 Alton Rd, Miami Beach, FL 33140, USA",25.811983,-80.140846,public,landmarks/Vice_Beach/L91_unnamed_ingame.jpg,
L92,?,,Vice Beach,"?, Vice Beach",1116.5,2118,"Muriel & Sherman Simon Building, 4302 Alton Rd, Miami Beach, FL 33140, USA",25.814242,-80.1397799,public,landmarks/Vice_Beach/L92_unnamed_ingame.jpg,landmarks/Vice_Beach/L92_unnamed_reallife.jpg
L93,?,,Vice Beach,"?, Vice Beach",823.9426633268492,2051.6796099220765,"Samuel L. Jacobson Healthcare Center, Lowenstein Building, 4304 Alton Rd, Miami Beach, FL 33140, USA",25.8149948,-80.13969039999999,public,landmarks/Vice_Beach/L93_unnamed_ingame.jpg,landmarks/Vice_Beach/L93_unnamed_reallife.jpg
L94,?,,Vice Beach,"?, Vice Beach",735.4797074373057,2011.3139237396342,"Donald L. Golden Family Medical Building, 4308 Alton Rd, Miami Beach, FL 33140, USA",25.8148808,-80.1405032,public,,landmarks/Vice_Beach/L94_unnamed_reallife.jpg
L95,?,,Vice Beach,"?, Vice Beach",939,2083.5,"Maribel G. Blum Pavilion, 4300 Alton Rd, Miami Beach, FL 33140, USA",25.8122449,-80.1396632,public,landmarks/Vice_Beach/L95_unnamed_ingame.jpg,landmarks/Vice_Beach/L95_unnamed_reallife.jpg
L96,?,,Vice Beach,"?, Vice Beach",1036.645,2105.5505000000003,"Polly & Baron DeHirsch Meyer Tower, 4300 Alton Rd, Miami, FL 33140, USA",25.8110933,-80.1434608,,landmarks/Vice_Beach/L96_unnamed_ingame.jpg,landmarks/Vice_Beach/L96_unnamed_reallife.jpg
L97,?,,Vice Beach,"?, Vice Beach",1174.9098622721613,1931.9322943212587,"Mount Sinai Medical Center Main Parking Garage, 4300 Alton Rd, Miami Beach, FL 33140, USA",25.8142247,-80.1391222,public,landmarks/Vice_Beach/L97_unnamed_ingame.jpg,landmarks/Vice_Beach/L97_unnamed_reallife.jpg
L98,?,,Vice Beach,"?, Vice Beach",1295.5018732822668,1850.6645641944733,"Ascher Building, 4306 Alton Rd Fl 2, Miami Beach, FL 33140, USA",25.8153982,-80.1382667,public,landmarks/Vice_Beach/L98_unnamed_ingame.jpg,landmarks/Vice_Beach/L98_unnamed_reallife.jpg
L99,?,,Vice Beach,"?, Vice Beach",1108.0824581241832,1711.5463160156164,"Pelican Harbor Marina, 1275 NE 79th St, Miami, FL 33138, USA",25.849473,-80.1667227,,landmarks/Vice_Beach/L99_unnamed_ingame.jpg,landmarks/Vice_Beach/L99_unnamed_reallife.jpg
L100,?,SW 4th St,Vice Beach,"?, SW 4th St, Vice Beach",,,"Senator Law Center, 767 Arthur Godfrey Rd, Miami Beach, FL 33140, USA",25.8140309,-80.1323122,,,landmarks/Vice_Beach/L100_unnamed_reallife.jpg
L101,Vice Beach Welcome Mural,,Vice Beach,"Vice Beach Welcome Mural, Vice Beach",1405.327,1753.3645,"Miami Beach Welcome Mural, 770 Arthur Godfrey Rd, Miami Beach, FL 33140, USA",25.8135922,-80.132316,,landmarks/Vice_Beach/L101_Vice_Beach_Welcome_Mural_ingame.jpg,landmarks/Vice_Beach/L101_Vice_Beach_Welcome_Mural_reallife.jpg
L102,?,Vickery Dr,Vice Beach,"?, Vickery Dr, Vice Beach",1448.0456758365513,1660.5854031145889,"Sunset Harbour South Condo, 1800 Purdy Ave, Miami Beach, FL 33139, USA",25.7944045,-80.1447247,residential,landmarks/Vice_Beach/L102_unnamed_ingame.jpg,landmarks/Vice_Beach/L102_unnamed_reallife.jpg
L103,?,Ocean Beach,Vice Beach,"?, Ocean Beach, Vice Beach",1626,1430.2602928220979,"New World Center, 500 17th St, Miami Beach, FL 33139, USA",25.7916128,-80.1335235,,landmarks/Vice_Beach/L103_unnamed_ingame.jpg,landmarks/Vice_Beach/L103_unnamed_reallife.jpg
L104,Effluvia,Ocean Beach,Vice Beach,"Effluvia, Ocean Beach, Vice Beach",1492,1342.5,"1111 Lincoln Rd, Miami Beach, FL 33139, USA",25.7909106,-80.140205,enterable leisure,landmarks/Vice_Beach/L104_Effluvia_ingame.jpg,landmarks/Vice_Beach/L104_Effluvia_reallife.jpg
L105,?,Ocean Beach,Vice Beach,"?, Ocean Beach, Vice Beach",1424.434,1393.208,"Lincoln Palace Condo, 1658 Bay Rd, Miami Beach, FL 33139, USA",25.790838,-80.14393199999999,l4 residential,landmarks/Vice_Beach/L105_unnamed_ingame.jpg,landmarks/Vice_Beach/L105_unnamed_reallife.jpg
L106,?,Ocean Beach,Vice Beach,"?, Ocean Beach, Vice Beach",1357.434,1408.717,"1670 Lincoln Ct, Miami Beach, FL 33139, USA",25.7911655,-80.1443646,residential,landmarks/Vice_Beach/L106_unnamed_ingame.jpg,landmarks/Vice_Beach/L106_unnamed_reallife.jpg
L107,?,Ocean Beach,Vice Beach,"?, Ocean Beach, Vice Beach",1347.453,1358.217,"1662 Lincoln Ct, Miami Beach, FL 33139, USA",25.7909646,-80.14451319999999,residential,landmarks/Vice_Beach/L107_unnamed_ingame.jpg,landmarks/Vice_Beach/L107_unnamed_reallife.jpg
L108,?,Ocean Beach,Vice Beach,"?, Ocean Beach, Vice Beach",1441.5,1335,"Herzog and de Meuron Building, 1111 Lincoln Rd 7th Floor, Miami Beach, FL 33139, USA",25.7907494,-80.14097149999999,,,landmarks/Vice_Beach/L108_unnamed_reallife.jpg
L109,?,Ocean Beach,Vice Beach,"?, Ocean Beach, Vice Beach",1331.46,1251.2930000000001,"Lincoln Bay Towers, 1450 Lincoln Rd, Miami Beach, FL 33139, USA",25.7901125,-80.1444995,residential,landmarks/Vice_Beach/L109_unnamed_ingame.jpg,landmarks/Vice_Beach/L109_unnamed_reallife.jpg
L110,?,Ocean Beach,Vice Beach,"?, Ocean Beach, Vice Beach",1474.9773303223749,1265.2793744972869,"Lincoln Center, 1100 Lincoln Rd Mall, Miami Beach, FL 33139, USA",25.7900228,-80.14085209999999,,landmarks/Vice_Beach/L110_unnamed_ingame.jpg,landmarks/Vice_Beach/L110_unnamed_reallife.jpg
L111,?,Ocean Beach,Vice Beach,"?, Harborside Ave, Ocean Beach, Vice Beach",1310,1140,"Capri South Beach, 1445 16th St, Miami Beach, FL 33139, USA",25.7892826,-80.1447046,,landmarks/Vice_Beach/L111_unnamed_ingame.jpg,landmarks/Vice_Beach/L111_unnamed_reallife.jpg
L112,?,Ocean Beach,Vice Beach,"?, Harborside Ave, Ocean Beach, Vice Beach",1343.7332568850188,920.5616972593367,"Flamingo South Beach, 1504 Bay Rd, Miami Beach, FL 33139, USA",25.7875706,-80.14422479999999,,landmarks/Vice_Beach/L112_unnamed_ingame.jpg,landmarks/Vice_Beach/L112_unnamed_reallife.jpg
L113,?,,Vice-Dale County,"?, Vice-Dale County",812.2739350101333,935.1528391339945,"Flagler Memorial Monument, 1 Flagler Memorial Is, Miami Beach, FL 33139, USA",25.7851827,-80.1527397,landmark,landmarks/Vice-Dale_County/L113_unnamed_ingame.jpg,landmarks/Vice-Dale_County/L113_unnamed_reallife.jpg
L114,?,Ocean Beach,Vice Beach,"?, Ocean Beach, Vice Beach",1263.273200596559,572.9935254149137,"The Waverly South Beach, 1330 West Ave, Miami Beach, FL 33139, USA",25.784946,-80.1424723,residential,landmarks/Vice_Beach/L114_unnamed_ingame.jpg,landmarks/Vice_Beach/L114_unnamed_reallife.jpg
L115,?,Ocean Beach,Vice Beach,"?, Ocean Beach, Vice Beach",1445.1696358788722,553.3291177464196,"1025 Alton Rd, Miami Beach, FL 33139, USA",25.7811661,-80.1406494,,landmarks/Vice_Beach/L115_unnamed_ingame.jpg,landmarks/Vice_Beach/L115_unnamed_reallife.jpg
L116,?,Ocean Beach,Vice Beach,"?, Ocean Beach, Vice Beach",1263.4239522453777,400.96601790798337,"The Floridian, 650 West Ave, Miami Beach, FL 33139, USA",25.7767964,-80.14232530000001,residential,landmarks/Vice_Beach/L116_unnamed_ingame.jpg,landmarks/Vice_Beach/L116_unnamed_reallife.jpg
L117,? (N),Ocean Beach,Vice Beach,"? (N), Ocean Beach, Vice Beach",1295,322.5,"The Bentley Bay Condominiums, 520-540 West Ave, Miami Beach, FL 33139, USA",25.7756635,-80.1422556,residential,landmarks/Vice_Beach/L117_N_ingame.jpg,landmarks/Vice_Beach/L117_N_reallife.jpg
L118,?,Ocean Beach,Vice Beach,"?, Ocean Beach, Vice Beach",1490.8078190182232,89.44041655941061,"Icon at South Beach, Alton Rd, Miami Beach, FL 33139, USA",25.7739882,-80.1411574,,landmarks/Vice_Beach/L118_unnamed_ingame.jpg,landmarks/Vice_Beach/L118_unnamed_reallife.jpg
L119,?,Ocean Beach,Vice Beach,"?, Ocean Beach, Vice Beach",1478.7384113930614,-33.62084388536272,"Murano Grande, 400 Alton Rd, Miami Beach, FL 33139, USA",25.7731379,-80.14060429999999,,landmarks/Vice_Beach/L119_unnamed_ingame.jpg,landmarks/Vice_Beach/L119_unnamed_reallife.jpg
L120,Vice Beach Marina,Ocean Beach,Vice Beach,"Vice Beach Marina, Ocean Beach, Vice Beach",1356.6911961431344,-111.85990307066652,"Miami Beach Marina, 300 Alton Rd, Miami Beach, FL 33139, USA",25.7716239,-80.1397398,l1 transportation,landmarks/Vice_Beach/L120_Vice_Beach_Marina_ingame.jpg,landmarks/Vice_Beach/L120_Vice_Beach_Marina_reallife.jpg
L121,?,Ocean Beach,Vice Beach,"?, Ocean Beach, Vice Beach",1632.961,-207.48049999999998,"Apogee Condominium, 800 South Pointe Dr, Miami Beach, FL 33139, USA",25.7679638,-80.13630309999999,residential,landmarks/Vice_Beach/L121_unnamed_ingame.jpg,landmarks/Vice_Beach/L121_unnamed_reallife.jpg
L122,?,Ocean Beach,Vice Beach,"?, Ocean Beach, Vice Beach",1746.8698473432553,-199.56463543552562,"Portofino Tower, 300 South Pointe Dr, Miami Beach, FL 33139, USA",25.7677055,-80.1348768,,landmarks/Vice_Beach/L122_unnamed_ingame.jpg,landmarks/Vice_Beach/L122_unnamed_reallife.jpg
L123,?,Ocean Beach,Vice Beach,"?, Ocean Beach, Vice Beach",1838.7327928961618,-259.3817472845452,"South Pointe Tower, 400 South Pointe Dr, Miami Beach, FL 33139, USA",25.7672946,-80.1341836,,,landmarks/Vice_Beach/L123_unnamed_reallife.jpg
L124,?,,Dalton Island,"?, Dalton Island",2009.0612562193805,-1121.3236744059786,"Palazzo del Sol, 7000 Fisher Island Dr, Miami Beach, FL 33109, USA",25.7633615,-80.1370677,residential,,landmarks/Dalton_Island/L124_unnamed_reallife.jpg
L125,?,,Dalton Island,"?, Dalton Island",2108.7222246402303,-1235.2763805368345,"Villa del Mare, 7292 Fisher Island Dr, Miami Beach, FL 33109, USA",25.762287,-80.134708,residential,,landmarks/Dalton_Island/L125_unnamed_reallife.jpg
L126,?,,Gloriana Key,"?, Gloriana Key",827.7086693533606,-1193.627035754444,"QR2W+Q67 Miami, Florida, USA",25.7519125,-80.1544531,transportation,landmarks/Gloriana_Key/L126_unnamed_ingame.jpg,landmarks/Gloriana_Key/L126_unnamed_reallife.jpg
L127,Tennis Stadium,,Catalan Key,"Tennis Stadium, Catalan Key",-311.6688314049143,-1868.6415382734203,"Crandon Park Tennis Center, 7300 Crandon Blvd, Key Biscayne, FL 33149, USA",25.7083248,-80.1591495,l1 leisure,landmarks/Catalan_Key/L127_Tennis_Stadium_ingame.jpg,landmarks/Catalan_Key/L127_Tennis_Stadium_reallife.jpg
L128,?,Tequesta Retreat,Vice City,"?, Tequesta Retreat, Vice City",-46.25740629673703,-1085.5338109055383,"Brickell Key One, 520 Brickell Key Dr, Miami, FL 33131, USA",25.7672121,-80.1842655,,landmarks/Vice_City/L128_unnamed_ingame.jpg,landmarks/Vice_City/L128_unnamed_reallife.jpg
L129,?,Tequesta Retreat,Vice City,"?, Tequesta Retreat, Vice City",-132.28330326721266,-1125.7794403105074,"Brickell Key Two, 540 Brickell Key Dr, Miami, FL 33131, USA",25.7680028,-80.1837141,,landmarks/Vice_City/L129_unnamed_ingame.jpg,landmarks/Vice_City/L129_unnamed_reallife.jpg
L130,Pegassi Residences South Tower,Tequesta Retreat,Vice City,"Pegassi Residences South Tower, Tequesta Retreat, Vice City",48.472579677785916,-1081.4315122946155,"The Ritz-Carlton Residences, 15701 Collins Ave, Sunny Isles Beach, FL 33160, USA",25.9221974,-80.121749,enterable residential unconfirmed,landmarks/Vice_City/L130_Pegassi_Residences_South_Tower_ingame.jpg,landmarks/Vice_City/L130_Pegassi_Residences_South_Tower_reallife.jpg
L131,Pegassi Residences North Tower,Tequesta Retreat,Vice City,"Pegassi Residences North Tower, Tequesta Retreat, Vice City",1.6837440704182427,-956.2713770449071,"Aston Martin Residences, 300 Biscayne Blvd Way, Miami, FL 33131, USA",25.7705283,-80.18826059999999,enterable residential unconfirmed,landmarks/Vice_City/L131_Pegassi_Residences_North_Tower_ingame.jpg,landmarks/Vice_City/L131_Pegassi_Residences_North_Tower_reallife.jpg
L132,?,,Port Vice City,"?, Port Vice City",323.0430387018531,-468.13257133565537,"Carnival Cruise Line, 1015 N America Wy, Miami, FL 33132, USA",25.778738,-80.1779293,,,landmarks/Port_Vice_City/L132_unnamed_reallife.jpg
L133,?,,Port Vice City,"?, Port Vice City",221.32007137391867,-448.81794960754485,"Port of Miami Parking Garage G, 921 N America Wy, Miami, FL 33132, USA",25.7792566,-80.1792476,,,landmarks/Port_Vice_City/L133_unnamed_reallife.jpg
L134,?,,Port Vice City,"?, Port Vice City",394.06000311957064,-355.337255252293,"Cruise Terminal F, 1103 N Cruise Blvd, Miami, FL 33132, USA",25.7787235,-80.17497379999999,,landmarks/Port_Vice_City/L134_unnamed_ingame.jpg,landmarks/Port_Vice_City/L134_unnamed_reallife.jpg
L135,?,,Rialto Islands,"?, Rialto Islands",734.2952267629132,1265.1878836257529,"1427 N Venetian Way, Miami Beach, FL 33139, USA",25.7908931,-80.1662358,residential,landmarks/Rialto_Islands/L135_unnamed_ingame.jpg,landmarks/Rialto_Islands/L135_unnamed_reallife.jpg
L136,?,,Rialto Islands,"?, Rialto Islands",721.1241560495667,1334.887694022047,"1396 S Venetian Way, Miami Beach, FL 33139, USA",25.790388,-80.16607599999999,residential,landmarks/Rialto_Islands/L136_unnamed_ingame.jpg,landmarks/Rialto_Islands/L136_unnamed_reallife.jpg
L137,?,,Rialto Islands,"?, Rialto Islands",515.8753199019059,1415.4061842980252,"400 E San Marino Dr, Miami Beach, FL 33139, USA",25.792632,-80.1628885,residential,landmarks/Rialto_Islands/L137_unnamed_ingame.jpg,landmarks/Rialto_Islands/L137_unnamed_reallife.jpg
L138,?,,Rialto Islands,"?, Rialto Islands",480.7884999999999,1467.025,"420 W San Marino Dr, Miami Beach, FL 33139, USA",25.7930393,-80.1636576,residential,landmarks/Rialto_Islands/L138_unnamed_ingame.jpg,landmarks/Rialto_Islands/L138_unnamed_reallife.jpg
L139,?,,Rialto Islands,"?, Rialto Islands",450.03099999999995,1410.761,"416 W San Marino Dr, Miami Beach, FL 33139, USA",25.7929074,-80.1638194,residential,landmarks/Rialto_Islands/L139_unnamed_ingame.jpg,landmarks/Rialto_Islands/L139_unnamed_reallife.jpg
L140,?,,Rialto Islands,"?, Rialto Islands",452.2149999999999,1375.233,"205 E San Marino Dr, Miami Beach, FL 33139, USA",25.7900275,-80.1621065,residential reused,landmarks/Rialto_Islands/L140_unnamed_ingame.jpg,landmarks/Rialto_Islands/L140_unnamed_reallife.jpg
L141,?,,Rialto Islands,"?, Rialto Islands",338.3829999999999,1280.9699999999998,"212 W Dilido Dr, Miami Beach, FL 33139, USA",25.7887213,-80.1596821,residential,landmarks/Rialto_Islands/L141_unnamed_ingame.jpg,
L142,?,,Rialto Islands,"?, Rialto Islands",470.81899999999996,1315.971,"610 W Dilido Dr, Miami Beach, FL 33139, USA",25.7930174,-80.1599966,residential reused,landmarks/Rialto_Islands/L142_unnamed_ingame.jpg,landmarks/Rialto_Islands/L142_unnamed_reallife.jpg
L143,?,,Rialto Islands,"?, Rialto Islands",482.5629999999999,1273.8405,"440 W Dilido Dr, Miami Beach, FL 33139, USA",25.7911961,-80.15981839999999,residential,landmarks/Rialto_Islands/L143_unnamed_ingame.jpg,landmarks/Rialto_Islands/L143_unnamed_reallife.jpg
L144,?,,Rialto Islands,"?, Rialto Islands",487.58399999999995,1255.6545,"430 W Dilido Dr, Miami Beach, FL 33139, USA",25.7910551,-80.1598307,residential,,landmarks/Rialto_Islands/L144_unnamed_reallife.jpg
L145,?,,Rialto Islands,"?, Rialto Islands",499.9166269573068,1186.2349978358088,"10 W San Marino Dr, Miami Beach, FL 33139, USA",25.7881871,-80.1629616,residential unconfirmed,,landmarks/Rialto_Islands/L145_unnamed_reallife.jpg
L146,?,,Rialto Islands,"?, Rialto Islands",519.0290000000001,1082.4180000000001,"40 W San Marino Dr, Miami Beach, FL 33139, USA",25.7888867,-80.16369879999999,construction residential,landmarks/Rialto_Islands/L146_unnamed_ingame.jpg,landmarks/Rialto_Islands/L146_unnamed_reallife.jpg
L147,?,,Rialto Islands,"?, Rialto Islands",540.0056337460145,1045.3719587407443,"205 E San Marino Dr, Miami Beach, FL 33139, USA",25.7900275,-80.1621065,residential reused,landmarks/Rialto_Islands/L147_unnamed_ingame.jpg,landmarks/Rialto_Islands/L147_unnamed_reallife.jpg
L148,?,,Rialto Islands,"?, Rialto Islands",665.8866093170695,1117.797668018669,"212 W Dilido Dr, Miami Beach, FL 33139, USA",25.7887213,-80.1596821,residential reused,landmarks/Rialto_Islands/L148_unnamed_ingame.jpg,landmarks/Rialto_Islands/L148_unnamed_reallife.jpg
L149,?,,Rialto Islands,"?, Rialto Islands",305.0580000000001,1266.4989999999998,"941 N Venetian Dr, Miami Beach, FL 33139, USA",25.7909613,-80.1753754,residential,landmarks/Rialto_Islands/L149_unnamed_ingame.jpg,landmarks/Rialto_Islands/L149_unnamed_reallife.jpg
L150,?,,Rialto Islands,"?, Rialto Islands",302,1109.5,"1000 Venetian Way, Miami Beach, FL 33139, USA",25.7897615,-80.1739522,residential,landmarks/Rialto_Islands/L150_unnamed_ingame.jpg,landmarks/Rialto_Islands/L150_unnamed_reallife.jpg
L151,Redwood Suites,,Rialto Islands,"Redwood Suites, Rialto Islands",23.0886070757989,1209.4106028881283,"Venetian Isle Condominium, 801 N Venetian Dr, Miami Beach, FL 33139, USA",25.7906455,-80.1789093,residential,landmarks/Rialto_Islands/L151_Redwood_Suites_ingame.jpg,landmarks/Rialto_Islands/L151_Redwood_Suites_reallife.jpg
L152,?,,Rialto Islands,"?, Rialto Islands",98.88291061369836,1233.3520581949776,"1301 N Venetian Way, Miami Beach, FL 33139, USA",25.7911026,-80.1689841,residential unconfirmed,landmarks/Rialto_Islands/L152_unnamed_ingame.jpg,landmarks/Rialto_Islands/L152_unnamed_reallife.jpg
L153,?,,Rialto Islands,"?, Rialto Islands",148.38299999999992,1242.1754999999998,"250 E San Marino Dr, Miami Beach, FL 33139, USA",25.7913402,-80.1627348,residential,landmarks/Rialto_Islands/L153_unnamed_ingame.jpg,landmarks/Rialto_Islands/L153_unnamed_reallife.jpg
L154,?,,Rialto Islands,"?, Rialto Islands",203.7065,1258.6754999999998,"921 N Venetian Dr, Miami Beach, FL 33139, USA",25.7908624,-80.1762205,residential,landmarks/Rialto_Islands/L154_unnamed_ingame.jpg,landmarks/Rialto_Islands/L154_unnamed_reallife.jpg
L155,?,,Vice-Dale County,"?, Vice-Dale County",539.897,1965.1055,"79th St West Drawbridge, NE 79th St, Miami, FL 33138, USA",25.847998,-80.1712567,transportation,,landmarks/Vice-Dale_County/L155_unnamed_reallife.jpg
L156,?,,Waning Sands,"?, Waning Sands",329.45403700712245,4340.920555485698,"Towers of Quayside Tower I, 1000 Quayside Terrace, Miami, FL 33138, USA",25.8736952,-80.1684981,residential unconfirmed,landmarks/Waning_Sands/L156_unnamed_ingame.jpg,landmarks/Waning_Sands/L156_unnamed_reallife.jpg
L157,?,,Waning Sands,"?, Waning Sands",136.78165423279506,4271.896637851853,"Palm Bay Yacht Club Condominium, 780 NE 69th St, El Portal, FL 33138, USA",25.8389355,-80.1801394,residential,landmarks/Waning_Sands/L157_unnamed_ingame.jpg,landmarks/Waning_Sands/L157_unnamed_reallife.jpg
L158,?,,Waning Sands,"?, Waning Sands",-11.847617561880043,4244.636134328916,"Sailboat Cay, 13499 Biscayne Blvd, North Miami, FL 33181, USA",25.8995933,-80.1599349,residential,landmarks/Waning_Sands/L158_unnamed_ingame.jpg,landmarks/Waning_Sands/L158_unnamed_reallife.jpg
L159,?,,Waning Sands,"?, Waning Sands",-195.64630858715486,4537.248275562099,"CACTI Park of the Palm Beaches, 5444 N Haverhill Rd, West Palm Beach, FL 33407, USA",26.7550434,-80.112931,leisure unconfirmed,landmarks/Waning_Sands/L159_unnamed_ingame.jpg,landmarks/Waning_Sands/L159_unnamed_reallife.jpg
L160,Construction Site,,Waning Sands,"Construction Site, Waning Sands",-131.10187313723827,4219.01564462052,,,,construction,landmarks/Waning_Sands/L160_Construction_Site_ingame.jpg,
L161,Gas Station,,Waning Sands,"Gas Station, Waning Sands",-310.911241514651,4207.658541707389,,,,retail,landmarks/Waning_Sands/L161_Gas_Station_ingame.jpg,
L162,Water Tower,,Waning Sands,"Water Tower, Waning Sands",398.20860720770884,4163.858116599769,"Hollywood Water Tower, Hollywood, FL 33019, USA",26.0323801,-80.12863039999999,//may-not-exist utilities,landmarks/Waning_Sands/L162_Water_Tower_ingame.jpg,landmarks/Waning_Sands/L162_Water_Tower_reallife.jpg
L163,Evergreen Plaza?,,Waning Sands,"Evergreen Plaza?, Waning Sands",-413.3978753357153,4040.992121459689,"Cooper City Commons, Hollywood, FL 33024, USA",26.0320138,-80.2662814,retail unconfirmed,landmarks/Waning_Sands/L163_Evergreen_Plaza_ingame.jpg,
L164,Water Tower,,Leonard County,"Water Tower, Leonard County",-947.9837308304864,3205.1110141896406,,,,l4 utilities,landmarks/Leonard_County/L164_Water_Tower_ingame.jpg,
L165,Arrow Gas Station,Belville,Leonard County,"Arrow Gas Station, Belville, Leonard County",-772.3498330466709,2840.7454167982746,"9500 NW 7th Ave, Miami, FL 33150, USA",25.8620503,-80.2100833,retail unconfirmed,landmarks/Leonard_County/L165_Arrow_Gas_Station_ingame.jpg,landmarks/Leonard_County/L165_Arrow_Gas_Station_reallife.jpg
L166,Parking Lot,Belville,Leonard County,"Parking Lot, Belville, Leonard County",-810.6679495191704,2825.2696777852257,,,,transportation,,
L167,?,,Vice City,"?, Vice City",-191.6139659651202,2574.220481287113,"12000 Biscayne Blvd, Miami, FL 33181, USA",25.8869459,-80.165229,//may-not-exist unconfirmed,,landmarks/Vice_City/L167_unnamed_reallife.jpg
L168,Construction Site,,Vice City,"Construction Site, Vice City",41.6441292860527,2205.4085829097567,"123 NE 36th St, Miami, FL 33137, USA",25.8108063,-80.1927347,construction unconfirmed,landmarks/Vice_City/L168_Construction_Site_ingame.jpg,landmarks/Vice_City/L168_Construction_Site_reallife.jpg
L169,?,,Vice City,"?, Vice City",-215.1132269164159,2073.557421326139,"City View Parking Garage, 3800 NE 1st Ave, Miami, FL 33137, USA",25.8118913,-80.19405450000001,transportation,landmarks/Vice_City/L169_unnamed_ingame.jpg,landmarks/Vice_City/L169_unnamed_reallife.jpg
L170,?,,Vice City,"?, Vice City",-321.00099520444746,2091.027633775643,"3800 NE Miami Ct, Miami, FL 33137, USA",25.8119113,-80.19474,,,landmarks/Vice_City/L170_unnamed_reallife.jpg
L171,?,La Perle,Vice City,"?, La Perle, Vice City",-810.2839999999999,1407.0459999999998,"191 NE 75th St, Miami, FL 33138, USA",25.8443528,-80.1932631,l4 residential,landmarks/Vice_City/L171_unnamed_ingame.jpg,landmarks/Vice_City/L171_unnamed_reallife.jpg
L172,Jack of Hearts,Crosstown,Vice City,"Jack of Hearts, Miramar Dr, Crosstown, Vice City",-685.9389999999999,1194.937,"120 NE 19th Terrace, Miami, FL 33132, USA",25.7953454,-80.192725,#stripclub demolished enterable l1 leisure,landmarks/Vice_City/L172_Jack_of_Hearts_ingame.jpg,landmarks/Vice_City/L172_Jack_of_Hearts_reallife.jpg
L173,?,Crosstown,Vice City,"?, Crosstown, Vice City",-629.4680000000001,1114.0845,"240 NW 21st St, Miami, FL 33127, USA",25.7965298,-80.1998492,l1 residential,landmarks/Vice_City/L173_unnamed_ingame.jpg,landmarks/Vice_City/L173_unnamed_reallife.jpg
L174,Park,Crosstown,Vice City,"Park, Crosstown, Vice City",-491.03600000000006,1376.771,"1775 Biscayne Blvd, Miami, FL 33132, USA",25.792815,-80.188554,l1 unconfirmed,landmarks/Vice_City/L174_Park_ingame.jpg,landmarks/Vice_City/L174_Park_reallife.jpg
L175,Archez,Stockyard,Vice City,"Archez, Stockyard, Vice City",-480.2059999999999,1716.8139999999999,"2451 NW 5th Ave, Miami, FL 33127, USA",25.8005245,-80.2027892,l1 retail,landmarks/Vice_City/L175_Archez_ingame.jpg,landmarks/Vice_City/L175_Archez_reallife.jpg
L176,?,Bayside,Vice City,"?, Bayside, Vice City",-339.0259485664229,1430.2616008086572,"New Wave Condominiums, 725 NE 22nd St, Miami, FL 33137, USA",25.7985414,-80.1856179,residential,landmarks/Vice_City/L176_unnamed_ingame.jpg,landmarks/Vice_City/L176_unnamed_reallife.jpg
L177,?,Bayside,Vice City,"?, Bayside, Vice City",-380.6803897029215,1328.8815212393642,"Uptown Lofts, 2275 Biscayne Blvd, Miami, FL 33137, USA",25.7989166,-80.18860889999999,,landmarks/Vice_City/L177_unnamed_ingame.jpg,landmarks/Vice_City/L177_unnamed_reallife.jpg
L178,Crescent,Bayside,Vice City,"Crescent, Bayside, Vice City",-386.15599999999995,1275.916,"333 S Miami Ave, Miami, FL 33130, USA",25.7710405,-80.1930838,l4 reused,landmarks/Vice_City/L178_Crescent_ingame.jpg,landmarks/Vice_City/L178_Crescent_reallife.jpg
L179,Archipelago (N),Bayside,Vice City,"Archipelago (N), Bayside, Vice City",-467.1010000000001,1141.5,"Quantum on the Bay, 1900 N Bayshore Dr, Miami, FL 33132, USA",25.7950454,-80.1872016,residential,landmarks/Vice_City/L179_Archipelago_N_ingame.jpg,landmarks/Vice_City/L179_Archipelago_N_reallife.jpg
L180,?,Bayside,Vice City,"?, Bayside, Vice City",-326,1171.5,"Tennis Miami, 1745 N Bayshore Dr, Miami, FL 33132, USA",25.7926724,-80.1859553,leisure,landmarks/Vice_City/L180_unnamed_ingame.jpg,landmarks/Vice_City/L180_unnamed_reallife.jpg
L181,?,Bayside,Vice City,"?, Bayside, Vice City",-406.0809999999999,1057.7585000000001,"1800 Club, 1800 N Bayshore Dr, Miami, FL 33132, USA",25.7938696,-80.186675,,landmarks/Vice_City/L181_unnamed_ingame.jpg,landmarks/Vice_City/L181_unnamed_reallife.jpg
L182,TW?,Bayside,Vice City,"TW?, Bayside, Vice City",-292.6479999999999,943.4165000000002,"The Grand, 1717 N Bayshore Dr, Miami, FL 33132, USA",25.7916211,-80.1863722,,landmarks/Vice_City/L182_TW_ingame.jpg,landmarks/Vice_City/L182_TW_reallife.jpg
L183,?,Bayside,Vice City,"?, Bayside, Vice City",-432.19100000000003,914.1285000000001,"Bay Parc Apartments, 1756 N Bayshore Dr, Miami, FL 33132, USA",25.793019,-80.1870045,l4 residential,landmarks/Vice_City/L183_unnamed_ingame.jpg,landmarks/Vice_City/L183_unnamed_reallife.jpg
L184,?,Bayside,Vice City,"?, Bayside, Vice City",-440.8960000000002,856.4050000000002,"Opera Tower, 1750 N Bayshore Dr, Miami, FL 33132, USA",25.7923092,-80.1870981,residential,landmarks/Vice_City/L184_unnamed_ingame.jpg,landmarks/Vice_City/L184_unnamed_reallife.jpg
L185,The Sumerian,Bayside,Vice City,"The Sumerian, Bayside, Vice City",-287.58799999999997,844.3565000000001,"Marriott Miami Biscayne Bay, 1633 N Bayshore Dr, Miami, FL 33132, USA",25.7908441,-80.18653599999999,hotel,landmarks/Vice_City/L185_The_Sumerian_ingame.jpg,landmarks/Vice_City/L185_The_Sumerian_reallife.jpg
L186,Galina Ballet Opera House,Bayside,Vice City,"Galina Ballet Opera House, Catalan Blvd, Bayside, Vice City",-507.73299999999995,725.0475000000001,"Adrienne Arsht Center, 1300 Biscayne Blvd, Miami, FL 33132, USA",25.7876284,-80.1899025,leisure,landmarks/Vice_City/L186_Galina_Ballet_Opera_House_ingame.jpg,landmarks/Vice_City/L186_Galina_Ballet_Opera_House_reallife.jpg
L187,Sahara Arena,Downtown,Vice City,"Sahara Arena, Catalan Blvd, Downtown, Vice City",-302.967335163014,429.9274330647777,"Kaseya Center, 601 Biscayne Blvd, Miami, FL 33132, USA",25.7814014,-80.18696899999999,leisure,landmarks/Vice_City/L187_Sahara_Arena_ingame.jpg,landmarks/Vice_City/L187_Sahara_Arena_reallife.jpg
L188,The Celtica Hotel?,Downtown,Vice City,"The Celtica Hotel?, Catalan Blvd, Downtown, Vice City",-499.7995531984411,535.1519260676408,"Marquis Miami, 1100 Biscayne Blvd, Miami, FL 33132, USA",25.785199,-80.19011230000001,hotel,landmarks/Vice_City/L188_The_Celtica_Hotel_ingame.jpg,landmarks/Vice_City/L188_The_Celtica_Hotel_reallife.jpg
L189,?,Downtown,Vice City,"?, Catalan Blvd, Downtown, Vice City",-488.6684376419935,403.1713892267445,"Marina Blue, 888 Biscayne Blvd, Miami, FL 33132, USA",25.7825799,-80.190407,residential,landmarks/Vice_City/L189_unnamed_ingame.jpg,landmarks/Vice_City/L189_unnamed_reallife.jpg
L190,NINE1NINE,Downtown,Vice City,"NINE1NINE, Downtown, Vice City",-671.0975,467.57949999999994,"E11EVEN, 29 NE 11th St, Miami, FL 33132, USA",25.7849684,-80.19355689999999,#nightclub leisure,landmarks/Vice_City/L190_NINE1NINE_ingame.jpg,landmarks/Vice_City/L190_NINE1NINE_reallife.jpg
L191,?,Downtown,Vice City,"?, Catalan Blvd, Downtown, Vice City",-489.53323068798204,472.874944152083,"Ten Museum Park, 1040 Biscayne Blvd, Miami, FL 33132, USA",25.7846557,-80.19014709999999,l4 residential,landmarks/Vice_City/L191_unnamed_ingame.jpg,landmarks/Vice_City/L191_unnamed_reallife.jpg
L192,Venture Apts North,Rockridge,Vice City,"Venture Apts North, Rockridge, Vice City",-1325.3930000000003,712.7595,"Robert King High Towers, 1405 NW 7th St, Miami, FL 33125, USA",25.7929139,-80.215268,residential,landmarks/Vice_City/L192_Venture_Apts_North_ingame.jpg,
L193,Venture Apts South,Rockridge,Vice City,"Venture Apts South, Rockridge, Vice City",-1316.2830000000001,634.652,"800 NW 13th Ave, Miami, FL 33125, USA",25.7818928,-80.21727349999999,enterable l1 residential,landmarks/Vice_City/L193_Venture_Apts_South_ingame.jpg,landmarks/Vice_City/L193_Venture_Apts_South_reallife.jpg
L194,7071 Warren Thacker Manor,Rockridge,Vice City,"7071 Warren Thacker Manor, Rockridge, Vice City",-1292.128,818.933,"Martin Fine Villa, 780 NW 13th Ct, Miami, FL 33125, USA",25.7811231,-80.2176372,l1 demolished residential,landmarks/Vice_City/L194_7071_Warren_Thacker_Manor_ingame.jpg,landmarks/Vice_City/L194_7071_Warren_Thacker_Manor_reallife.jpg
L195,Lou's,Rockridge,Vice City,"Lou's, Rockridge, Vice City",-1299.7640000000001,913.3924999999999,"Palace Cafe & Dairy, 1300 NW 7th St, Miami, FL 33125, USA",25.7799692,-80.2166798,l1 restaurant,landmarks/Vice_City/L195_Lous_ingame.jpg,landmarks/Vice_City/L195_Lous_reallife.jpg
L196,Fleeca Field,Rockridge,Vice City,"Fleeca Field, Rockridge, Vice City",-1605.5891419763186,1038.252430634706,"LoanDepot Park, 501 Marlins Way, Miami, FL 33125, USA",25.7781487,-80.2195998,leisure,landmarks/Vice_City/L196_Fleeca_Field_ingame.jpg,landmarks/Vice_City/L196_Fleeca_Field_reallife.jpg
L197,Fleeca Field Metro Station,Rockridge,Vice City,"Fleeca Field Metro Station, Rockridge, Vice City",-1531.5083921382943,1178.1402004683623,,,,l1 transportation,landmarks/Vice_City/L197_Fleeca_Field_Metro_Station_ingame.jpg,
L198,?,Rockridge,Vice City,"?, Rockridge, Vice City",-1806.2822165573652,721.5520401430783,"Reworld Miami-Dade, 6990 NW 97th Ave, Doral, FL 33178, USA",25.8353057,-80.3569387,industrial unconfirmed,landmarks/Vice_City/L198_unnamed_ingame.jpg,landmarks/Vice_City/L198_unnamed_reallife.jpg
L199,Rockridge Community Research Center,Rockridge,Vice City,"Rockridge Community Research Center, Rockridge, Vice City",-1373.0858208786906,743.782433981337,"Miami Police Department, 2200 W Flagler St, Miami, FL 33135, USA",25.772314,-80.23164799999999,l1 government,landmarks/Vice_City/L199_Rockridge_Community_Research_Center_ingame.jpg,landmarks/Vice_City/L199_Rockridge_Community_Research_Center_reallife.jpg
L200,Navaro Shipping Terminal,Rockridge,Vice City,"Navaro Shipping Terminal, Rockridge, Vice City",-1400.5,580,"2974 Shipping Terminal, 2974 NW N River Dr, Miami, FL 33142, USA",25.7966019,-80.2464656,l1 industrial,landmarks/Vice_City/L200_Navaro_Shipping_Terminal_ingame.jpg,landmarks/Vice_City/L200_Navaro_Shipping_Terminal_reallife.jpg
L201,?,Little Cuba,Vice City,"?, Little Cuba, Vice City",-1027.2599574195426,237.2277970575778,"Tuscan Place Apartments, 600 NW 6th St, Miami, FL 33136, USA",25.77933,-80.2061398,l1 residential,landmarks/Vice_City/L201_unnamed_ingame.jpg,landmarks/Vice_City/L201_unnamed_reallife.jpg
L202,?,Downtown,Vice City,"?, Downtown, Vice City",-886.3295,313.344,"Rohde Building, 401 NW 2nd Ave, Miami, FL 33128, USA",25.778422,-80.1972243,government,landmarks/Vice_City/L202_unnamed_ingame.jpg,landmarks/Vice_City/L202_unnamed_reallife.jpg
L203,?,Downtown,Vice City,"?, Downtown, Vice City",-752.4859105072633,396.47047853896805,"NAP of the Americas, 50 NE 9th St, Miami, FL 33132, USA",25.7819303,-80.1930972,l4,landmarks/Vice_City/L203_unnamed_ingame.jpg,landmarks/Vice_City/L203_unnamed_reallife.jpg
L204,?,Downtown,Vice City,"?, Downtown, Vice City",-726.059,251.442,"Wilkie D. Ferguson Jr. U.S. Courthouse, 400 N Miami Ave, Miami, FL 33128, USA",25.7781127,-80.19466419999999,l1 government,landmarks/Vice_City/L204_unnamed_ingame.jpg,landmarks/Vice_City/L204_unnamed_reallife.jpg
L205,Arcadia Towers (N),Downtown,Vice City,"Arcadia Towers (N), Downtown, Vice City",-561.3739334622018,123.02409522201259,"Vizcayne North Condominium, 244 Biscayne Blvd, Miami, FL 33132, USA",25.7767311,-80.1883352,residential,landmarks/Vice_City/L205_Arcadia_Towers_N_ingame.jpg,landmarks/Vice_City/L205_Arcadia_Towers_N_reallife.jpg
L206,?,Downtown,Vice City,"?, Downtown, Vice City",-548.0800000000002,24.108000000000033,"Loft Downtown II, 133 NE 2nd Ave, Miami, FL 33132, USA",25.775938,-80.1901927,residential,landmarks/Vice_City/L206_unnamed_ingame.jpg,landmarks/Vice_City/L206_unnamed_reallife.jpg
L207,?,,Vice City,"?, Vice City",-253.20416587010322,-231.9315283553268,"FPL Solar Amphitheater, 301 Biscayne Blvd, Miami, FL 33132, USA",25.7762602,-80.18609699999999,leisure,landmarks/Vice_City/L207_unnamed_ingame.jpg,landmarks/Vice_City/L207_unnamed_reallife.jpg
L208,Megamundo,Downtown,Vice City,"Megamundo, Catalan Blvd, Downtown, Vice City",-471.9069999999997,-297.61,"One Biscayne Tower, 2 Biscayne Blvd, Miami, FL 33131, USA",25.7739276,-80.1879577,,landmarks/Vice_City/L208_Megamundo_ingame.jpg,landmarks/Vice_City/L208_Megamundo_reallife.jpg
L209,?,Downtown,Vice City,"?, Downtown, Vice City",-725.9380000000001,-6.488500000000016,"Miami-Dade County Courthouse, 73 W Flagler St, Miami, FL 33130, USA",25.7742862,-80.19537,government,landmarks/Vice_City/L209_unnamed_ingame.jpg,landmarks/Vice_City/L209_unnamed_reallife.jpg
L210,?,Little Cuba,Vice City,"?, Little Cuba, Vice City",-1099.0462781050796,-323.43638467794716,"Flagler on the River, 340 W Flagler St, Miami, FL 33131, USA",25.7737904,-80.20030109999999,,landmarks/Vice_City/L210_unnamed_ingame.jpg,landmarks/Vice_City/L210_unnamed_reallife.jpg
L211,?,Downtown,Vice City,"?, Downtown, Vice City",-888.6260000000002,50.7765,"Stephen P. Clark Government Center, 111 NW 1st St, Miami, FL 33128, USA",25.7760499,-80.1964857,government,landmarks/Vice_City/L211_unnamed_ingame.jpg,landmarks/Vice_City/L211_unnamed_reallife.jpg
L212,?,Little Cuba,Vice City,"?, Little Cuba, Vice City",-1150.0482573807608,-44.77717160479111,"St. John Bosco Catholic Church, 1349 W Flagler St, Miami, FL 33135, USA",25.7735778,-80.21732779999999,public,landmarks/Vice_City/L212_unnamed_ingame.jpg,landmarks/Vice_City/L212_unnamed_reallife.jpg
L213,?,Little Cuba,Vice City,"?, Little Cuba, Vice City",-1305.0368942491175,100.17970124116272,"909 SW 15th Ave, Miami, FL 33135, USA",25.7647931,-80.21928620000001,residential,landmarks/Vice_City/L213_unnamed_ingame.jpg,landmarks/Vice_City/L213_unnamed_reallife.jpg
L214,?,,Vice City,"?, Vice City",-2292.6399842728615,79.95382498811523,"Hampton Inn Miami Airport, 3449 NW 42nd Ave, Miami, FL 33142, USA",25.8057017,-80.2631894,l1 hotel,,landmarks/Vice_City/L214_unnamed_reallife.jpg
L215,?,,Vice City,"?, Vice City",-2409.2682478636602,93.9075505221906,"La Quinta Inn Miami Airport, 3501 NW 42nd Ave, Miami, FL 33142, USA",25.8060372,-80.2622841,l1 hotel,,landmarks/Vice_City/L215_unnamed_reallife.jpg
L216,Autograph Hangar 2,,Vice City International Airport,"Autograph Hangar 2, Vice City International Airport",-2508.0938098226957,-92.24219810730824,"Signature Aviation MIA, 5700 NW 36th St, Miami, FL 33122, USA",25.8064483,-80.2895791,l1 transportation,,
L217,?,,Vice City,"?, Vice City",-2302.4990963186347,26.765157824616153,"Red Roof Plus+ Miami Airport, 3401 NW Le Jeune Rd, Miami, FL 33142, USA",25.8051286,-80.26316829999999,l1 hotel,,landmarks/Vice_City/L217_unnamed_reallife.jpg
L218,VCIA Metro Station,,Vice City,"VCIA Metro Station, Vice City",-1555.3518910111281,-291.0178528108234,"Miami International Airport Station, 3861 NW 21st St, Miami, FL 33142, USA",25.7972246,-80.2585789,l1 transportation,landmarks/Vice_City/L218_VCIA_Metro_Station_ingame.jpg,landmarks/Vice_City/L218_VCIA_Metro_Station_reallife.jpg
L219,?,Salton,Vice City,"?, Westbrook Dr, Salton, Vice City",-1366.7110101826597,-150.69698857412362,"Brisas del Rio Marina, 1583 NW 24th Ave, Miami, FL 33125, USA",25.7888724,-80.2352311,,landmarks/Vice_City/L219_unnamed_ingame.jpg,landmarks/Vice_City/L219_unnamed_reallife.jpg
L220,?,,Vice City,"?, Vice City",-1370.528,-487.181,"Seybold Pointe Condominium, 816 NW 11th St, Miami, FL 33136, USA",25.7838269,-80.20868709999999,l1 residential,landmarks/Vice_City/L220_unnamed_ingame.jpg,landmarks/Vice_City/L220_unnamed_reallife.jpg
L221,Heath Tower,Downtown,Vice City,"Heath Tower, Downtown, Vice City",-808.1254999999999,-442.99250000000006,"Miami Tower, 100 SE 2nd St, Miami, FL 33131, USA",25.7723234,-80.19160219999999,office,landmarks/Vice_City/L221_Heath_Tower_ingame.jpg,landmarks/Vice_City/L221_Heath_Tower_reallife.jpg
L222,?,Downtown,Vice City,"?, Catalan Blvd, Downtown, Vice City",-496.7365,-473.75800000000004,"Southeast Financial Center, 200 S Biscayne Blvd, Miami, FL 33131, USA",25.7723168,-80.18766769999999,office,landmarks/Vice_City/L222_unnamed_ingame.jpg,landmarks/Vice_City/L222_unnamed_reallife.jpg
L223,?,Downtown,Vice City,"?, Downtown, Vice City",-560.5269999999998,-578.869,"Epic Miami Residences, 200 Biscayne Blvd Way, Miami, FL 33131, USA",25.770431,-80.189163,residential,landmarks/Vice_City/L223_unnamed_ingame.jpg,landmarks/Vice_City/L223_unnamed_reallife.jpg
L224,ShoreFront,Downtown,Vice City,"ShoreFront, Downtown, Vice City",-382.90199999999993,-479.70849999999996,"Citigroup Center, 201 S Biscayne Blvd, Miami, FL 33131, USA",25.772025,-80.18689599999999,office,landmarks/Vice_City/L224_ShoreFront_ingame.jpg,landmarks/Vice_City/L224_ShoreFront_reallife.jpg
L225,?,Downtown,Vice City,"?, Downtown, Vice City",-634.3269999999998,-460.7225000000001,"Wells Fargo Center, 333 SE 2nd Ave, Miami, FL 33131, USA",25.7714337,-80.1897869,l4 office,landmarks/Vice_City/L225_unnamed_ingame.jpg,landmarks/Vice_City/L225_unnamed_reallife.jpg
L226,?,Downtown,Vice City,"?, Downtown, Vice City",-651.1529999999998,-603.1839999999999,"Met 1 Condominium, 300 S Biscayne Blvd, Miami, FL 33131, USA",25.7713816,-80.1876481,l4,landmarks/Vice_City/L226_unnamed_ingame.jpg,landmarks/Vice_City/L226_unnamed_reallife.jpg
L227,?,Tequesta,Vice City,"?, Tequesta, Vice City",-720.3719999999998,-786.942,"Brickell on the River, 31 SE 5th St, Miami, FL 33131, USA",25.7695626,-80.1918728,,landmarks/Vice_City/L227_unnamed_ingame.jpg,landmarks/Vice_City/L227_unnamed_reallife.jpg
L228,?,Tequesta,Vice City,"?, Tequesta, Vice City",-627.8669999999997,-801.7995000000001,"500 Brickell, 500 Brickell Ave, Miami, FL 33131, USA",25.7682741,-80.19101359999999,,landmarks/Vice_City/L228_unnamed_ingame.jpg,landmarks/Vice_City/L228_unnamed_reallife.jpg
L229,?,Tequesta,Vice City,"?, Tequesta, Vice City",-743.1200723043302,-982.290978275454,"600 Brickell, 600 Brickell Ave, Miami, FL 33131, USA",25.7676501,-80.1906772,,,landmarks/Vice_City/L229_unnamed_reallife.jpg
L230,?,Tequesta,Vice City,"?, Tequesta, Vice City",-954.7589024654189,-784.7319369118418,"Latitude on the River, 185 SW 7th St, Miami, FL 33130, USA",25.7675583,-80.19695279999999,,landmarks/Vice_City/L230_unnamed_ingame.jpg,landmarks/Vice_City/L230_unnamed_reallife.jpg
L231,?,Tequesta,Vice City,"?, Tequesta, Vice City",-1039.3169781275608,-1017.3133932217131,"Nine at Mary Brickell Village, 999 SW 1st Ave, Miami, FL 33130, USA",25.764617,-80.1949807,residential,landmarks/Vice_City/L231_unnamed_ingame.jpg,landmarks/Vice_City/L231_unnamed_reallife.jpg
L232,Sahara HQ,Tequesta,Vice City,"Sahara HQ, Tequesta, Vice City",-790.2346228667612,-1135.438695287696,"Brickell Arch, 1395 Brickell Ave, Miami, FL 33131, USA",25.7607322,-80.1918207,,landmarks/Vice_City/L232_Sahara_HQ_ingame.jpg,landmarks/Vice_City/L232_Sahara_HQ_reallife.jpg
L233,?,Tequesta,Vice City,"?, Tequesta, Vice City",-764.5460331497459,-1246.1698077347583,"Fortune House Hotel, 185 SE 14th Terrace, Miami, FL 33131, USA",25.7594122,-80.1909976,l1 hotel,landmarks/Vice_City/L233_unnamed_ingame.jpg,landmarks/Vice_City/L233_unnamed_reallife.jpg
L234,?,Tequesta,Vice City,"?, Tequesta, Vice City",-647.8719999999998,-1312.483,"Costa Bella Association, 1450 Brickell Bay Dr, Miami, FL 33131, USA",25.7574386,-80.1907653,,landmarks/Vice_City/L234_unnamed_ingame.jpg,landmarks/Vice_City/L234_unnamed_reallife.jpg
L235,?,Tequesta,Vice City,"?, Tequesta, Vice City",-631.942,-1363.0945000000002,"Bayshore Place Condominium, 1420 Brickell Bay Dr, Miami, FL 33131, USA",25.7583102,-80.18933299999999,l1 residential,landmarks/Vice_City/L235_unnamed_ingame.jpg,landmarks/Vice_City/L235_unnamed_reallife.jpg
L236,?,Tequesta,Vice City,"?, Catalan Blvd, Tequesta, Vice City",-834.252,-1303.3305,"Four Seasons Hotel Miami, 1435 Brickell Ave, Miami, FL 33131, USA",25.7589641,-80.19208429999999,l1 hotel,landmarks/Vice_City/L236_unnamed_ingame.jpg,landmarks/Vice_City/L236_unnamed_reallife.jpg
L237,?,Tequesta,Vice City,"?, Tequesta, Vice City",-719.2764076058082,-1464.0457360542168,"Costa Bella Association, 1450 Brickell Bay Dr, Miami, FL 33131, USA",25.7574386,-80.1907653,,landmarks/Vice_City/L237_unnamed_ingame.jpg,landmarks/Vice_City/L237_unnamed_reallife.jpg
L238,?,Tequesta,Vice City,"?, Tequesta, Vice City",-857.4654353398212,-1423.6483795566883,"Brickell East Condo, 151 SE 15th Rd, Miami, FL 33129, USA",25.7579091,-80.1919465,residential,landmarks/Vice_City/L238_unnamed_ingame.jpg,landmarks/Vice_City/L238_unnamed_reallife.jpg
L239,?,Tequesta,Vice City,"?, Tequesta, Vice City",-1095.5629999999999,-1195.252,"Brickell City Tower, 80 SW 8th St, Miami, FL 33130, USA",25.7657337,-80.19488559999999,l1 unconfirmed,landmarks/Vice_City/L239_unnamed_ingame.jpg,landmarks/Vice_City/L239_unnamed_reallife.jpg
L240,Grand Majestic,Tequesta,Vice City,"Grand Majestic, Tequesta, Vice City",-1071.397,-1335.3310000000001,"One Broadway, 1451 S Miami Ave, Miami, FL 33130, USA",25.7592395,-80.1935787,,landmarks/Vice_City/L240_Grand_Majestic_ingame.jpg,landmarks/Vice_City/L240_Grand_Majestic_reallife.jpg
L241,International Online Unlimited,Tequesta,Vice City,"International Online Unlimited, Tequesta, Vice City",-979.0259999999998,-1380.107,"1450 Brickell Ave, Miami, FL 33131, USA",25.7588359,-80.19316119999999,,landmarks/Vice_City/L241_International_Online_Unlimited_ingame.jpg,landmarks/Vice_City/L241_International_Online_Unlimited_reallife.jpg
L242,?,Tequesta,Vice City,"?, Tequesta, Vice City",-1207.7066749868623,-1437.6220522861206,"Infinity at Brickell, 60 SW 13th St, Miami, FL 33130, USA",25.7609697,-80.19437169999999,,landmarks/Vice_City/L242_unnamed_ingame.jpg,landmarks/Vice_City/L242_unnamed_reallife.jpg
L243,?,Salton,Vice City,"?, SW 8th Ave, Salton, Vice City",-1362.1996441668593,-1178.430601106645,"Tuscan Place Apartments, 600 NW 6th St, Miami, FL 33136, USA",25.77933,-80.2061398,l1 residential,landmarks/Vice_City/L243_unnamed_ingame.jpg,landmarks/Vice_City/L243_unnamed_reallife.jpg
L244,?,Salton,Vice City,"?, SW 7th Ave, Salton, Vice City",-1437.0746014224096,-1239.467858889753,"Tuscan View, 670 NW 6th St, Miami, FL 33136, USA",25.779371,-80.20608419999999,l1 residential,landmarks/Vice_City/L244_unnamed_ingame.jpg,landmarks/Vice_City/L244_unnamed_reallife.jpg
L245,?,Tequesta,Vice City,"?, Tequesta, Vice City",-817.6494311619042,-1557.1816970961559,"The Palace Condominium, 1541 Brickell Ave, Miami, FL 33129, USA",25.7567572,-80.19247229999999,residential,landmarks/Vice_City/L245_unnamed_ingame.jpg,landmarks/Vice_City/L245_unnamed_reallife.jpg
L246,?,Tequesta,Vice City,"?, Tequesta, Vice City",-647.7188398134749,-1008.1261227966131,,,,,,
L247,?,Tequesta,Vice City,"?, Tequesta, Vice City",-577.6100540941504,-1031.4829449302053,,,,,,
L248,?,Tequesta,Vice City,"?, Tequesta, Vice City",-843.797324867692,-963.318154589325,,,,,,
L249,?,Tequesta,Vice City,"?, Tequesta, Vice City",-958.2966191560947,-921.5814115706885,,,,,,
L250,? (S),Peacock Bay,Vice City,"? (S), Peacock Bay, Vice City",-1138.4761023050214,-2059.031256248588,"Grove at Grand Bay Condominium, 2669 S Bayshore Dr, Miami, FL 33133, USA",25.730319,-80.2367699,l1 residential,landmarks/Vice_City/L250_S_ingame.jpg,landmarks/Vice_City/L250_S_reallife.jpg
L251,?,Peacock Bay,Vice City,"?, Peacock Bay, Vice City",-1174.6693686047402,-2117.8448490952433,"Office in the Grove, 2699 S Bayshore Dr, Miami, FL 33133, USA",25.7295277,-80.2371084,demolished office,landmarks/Vice_City/L251_unnamed_ingame.jpg,landmarks/Vice_City/L251_unnamed_reallife.jpg
L252,? (S),Peacock Bay,Vice City,"? (S), Peacock Bay, Vice City",-1247.4649272497334,-2055.7318158852186,"The Ritz-Carlton Coconut Grove, 3300 SW 27th Ave, Miami, FL 33133, USA",25.7304471,-80.2380563,hotel,,landmarks/Vice_City/L252_S_reallife.jpg
L253,?,Peacock Bay,Vice City,"?, SW 9th Ave, Peacock Bay, Vice City",-1341.027,-2174.9984999999997,"Park Grove Condominium, 2831 S Bayshore Dr, Coconut Grove, FL 33133, USA",25.7294045,-80.23876179999999,residential,landmarks/Vice_City/L253_unnamed_ingame.jpg,landmarks/Vice_City/L253_unnamed_reallife.jpg
L254,?,Southside,Vice City,"?, Calderone Ave, Southside, Vice City",-1972.5679999999998,-1979.8379999999997,"18214 Homestead Ave, Miami, FL 33157, USA",25.6000437,-80.35621859999999,l1 l4 residential,landmarks/Vice_City/L254_unnamed_ingame.jpg,landmarks/Vice_City/L254_unnamed_reallife.jpg
L255,"""Stiltsville Bridge""",,Mariana County,"""Stiltsville Bridge"", Mariana County",-645.93195581869,-3249.6559720636333,"William M Powell Bridge, Miami, FL 33149, USA",25.7463743,-80.1859628,transportation unconfirmed,landmarks/Mariana_County/L255_Stiltsville_Bridge_ingame.jpg,landmarks/Mariana_County/L255_Stiltsville_Bridge_reallife.jpg
L256,Fuzzard Power Station (N),,Peregrine Bay,"Fuzzard Power Station (N), Peregrine Bay",-1569.476,-3478.258,"Turkey Point Nuclear Power Station, Homestead, FL 33033, USA",25.434475,-80.3310504,//make-more-specific-later utilities,landmarks/Peregrine_Bay/L256_Fuzzard_Power_Station_N_ingame.jpg,landmarks/Peregrine_Bay/L256_Fuzzard_Power_Station_N_reallife.jpg
L257,Beacon,,Hamlet,"Beacon, Hamlet",-2616,-3454.5,"Seminole Theatre, 18 N Krome Ave, Homestead, FL 33030, USA",25.470341,-80.477611,l1 leisure,landmarks/Hamlet/L257_Beacon_ingame.jpg,landmarks/Hamlet/L257_Beacon_reallife.jpg
L258,Rattlers,,Hamlet,"Rattlers, Hamlet",-2546,-3320.5,"141 N Krome Ave, Homestead, FL 33030, USA",25.4714685,-80.4771176,l1 retail,landmarks/Hamlet/L258_Rattlers_ingame.jpg,landmarks/Hamlet/L258_Rattlers_reallife.jpg
L259,Te Invito,,Hamlet,"Te Invito, Hamlet",-2569.5,-3532.5,"1 S Krome Ave, Homestead, FL 33030, USA",25.4695579,-80.4771906,l1 restaurant,landmarks/Hamlet/L259_Te_Invito_ingame.jpg,landmarks/Hamlet/L259_Te_Invito_reallife.jpg
L260,LTD Gas Station,,Hamlet,"LTD Gas Station, Hamlet",-2568.199317527852,-3616.8752788923393,"Chevron Florida City, 893 W Palm Dr, Homestead, FL 33034, USA",25.4474967,-80.4911075,l1 retail,landmarks/Hamlet/L260_LTD_Gas_Station_ingame.jpg,landmarks/Hamlet/L260_LTD_Gas_Station_reallife.jpg
L261,?,,Hamlet,"?, Hamlet",-2565.7858464882324,-3676.7597614352294,"225 SW 2nd Ave Building 1, Homestead, FL 33030, USA",25.4672421,-80.48027119999999,l1 retail,landmarks/Hamlet/L261_unnamed_ingame.jpg,landmarks/Hamlet/L261_unnamed_reallife.jpg
L262,Hamlet Water Tower,,Hamlet,"Hamlet Water Tower, Hamlet",-2963.2645225343367,-3099.2192262182325,"Homestead Water Tower, FGFM+HQ2, Homestead, FL 33030, USA",25.4738498,-80.4656485,utilities,landmarks/Hamlet/L262_Hamlet_Water_Tower_ingame.jpg,landmarks/Hamlet/L262_Hamlet_Water_Tower_reallife.jpg
L263,Sewage Treatment Plant,,Hamlet,"Sewage Treatment Plant, Hamlet",-3154.1827404177825,-2772.8529571315466,"3R76+2WG Raiford, Florida, USA",30.0625625,-82.1876719,utilities,landmarks/Hamlet/L263_Sewage_Treatment_Plant_ingame.jpg,landmarks/Hamlet/L263_Sewage_Treatment_Plant_reallife.jpg
L264,Radio Mast,,Bluegrass,"Radio Mast, Bluegrass",-2518.6929999999998,-2422.3810000000003,"WDNA FM, 17107 SW 248th St, Homestead, FL 33031, USA",25.5402473,-80.46840279999999,utilities,landmarks/Bluegrass/L264_Radio_Mast_ingame.jpg,landmarks/Bluegrass/L264_Radio_Mast_reallife.jpg
L265,Sunrise RV Park,,Mariana County,"Sunrise RV Park, Mariana County",-3476.7457644990563,-4496.518906751298,"Everglades Alligator Farm, 40351 SW 192nd Ave, Homestead, FL 33034, USA",25.3935167,-80.5007653,agriculture unconfirmed,landmarks/Mariana_County/L265_Sunrise_RV_Park_ingame.jpg,landmarks/Mariana_County/L265_Sunrise_RV_Park_reallife.jpg
L266,Jason's House,,Key Lento,"Jason's House, Key Lento",-2353.531,-5532.255,"12522 FL-24, Cedar Key, FL 32625, USA",29.1443125,-83.0337607,#safehouse enterable residential,landmarks/Key_Lento/L266_Jasons_House_ingame.jpg,landmarks/Key_Lento/L266_Jasons_House_reallife.jpg
L267,?,,Key Lento,"?, Key Lento",-3272.2775,-6729.8205,,,,,,
L268,?,,Key Lento,"?, Key Lento",-3313.62,-6757.035,,,,,,
L269,Cell Tower,,Key Lento,"Cell Tower, Key Lento",-3400.5105000000003,-6797.023,"99353 Overseas Hwy, Key Largo, FL 33037, USA",25.0915945,-80.44258300000001,utilities,landmarks/Key_Lento/L269_Cell_Tower_ingame.jpg,landmarks/Key_Lento/L269_Cell_Tower_reallife.jpg
L270,?,,Mariana County,"?, Mariana County",-3004,-7257,"Sombrero Key Light, JVHQ+5M, Marathon, FL, USA",24.627895,-81.11083769999999,l1 transportation,landmarks/Mariana_County/L270_unnamed_ingame.jpg,landmarks/Mariana_County/L270_unnamed_reallife.jpg
L271,?,,Mariana County,"?, Mariana County",-3740.295951471936,-7016.687381028809,"Old Seven Mile Bridge, Florida Keys Overseas Heritage Trail, Marathon, FL 33050, USA",24.7045724,-81.1540978,transportation,landmarks/Mariana_County/L271_unnamed_ingame.jpg,landmarks/Mariana_County/L271_unnamed_reallife.jpg
L272,?,,Mariana County,"?, Mariana County",-3768.4952972233496,-6989.189875086684,"Seven Mile Bridge, Florida, USA",24.6961778,-81.1792517,transportation,landmarks/Mariana_County/L272_unnamed_ingame.jpg,landmarks/Mariana_County/L272_unnamed_reallife.jpg
L273,Air Force Radar Station,,Mariana County,"Air Force Radar Station, Mariana County",-4311.869000000001,-6810.052,"PF2V+2RW Cudjoe Key, FL 33042, USA",24.7001125,-81.5054219,government unconfirmed,landmarks/Mariana_County/L273_Air_Force_Radar_Station_ingame.jpg,landmarks/Mariana_County/L273_Air_Force_Radar_Station_reallife.jpg
L274,Blimp,,Mariana County,"Blimp, Mariana County",-4432.533,-6826.821,"Fat Albert Blimp, PF2V+9H, Cudjoe Key, FL 33042, USA",24.700948,-81.506076,,landmarks/Mariana_County/L274_Blimp_ingame.jpg,landmarks/Mariana_County/L274_Blimp_reallife.jpg
L275,?,,Mariana County,"?, Mariana County",-6229.875395694925,-6822.374358168296,"US Coast Guard Station Islamorada, 183 Palermo Dr, Islamorada, FL 33036, USA",24.9536443,-80.5867418,government,landmarks/Mariana_County/L275_unnamed_ingame.jpg,landmarks/Mariana_County/L275_unnamed_reallife.jpg
L276,Radio Tower,,Mariana County,"Radio Tower, Mariana County",-6285.687333933979,-6846.085769861824,,,,government,landmarks/Mariana_County/L276_Radio_Tower_ingame.jpg,
L277,Guard Booth,,Mariana County,"Guard Booth, Mariana County",-6402.738,-6978.609,"US Navy Pass & ID Office, A641, Saratoga Ave, Key West, FL 33040, USA",24.5871367,-81.69080919999999,,landmarks/Mariana_County/L277_Guard_Booth_ingame.jpg,landmarks/Mariana_County/L277_Guard_Booth_reallife.jpg
L278,Warehouse,,Kelly County,"Warehouse, Kelly County",-4705,1852,,,,l1,landmarks/Kelly_County/L278_Warehouse_ingame.jpg,
L279,Cell Tower,,Kelly County,"Cell Tower, Kelly County",-4719,1989,,,,l1 utilities,landmarks/Kelly_County/L279_Cell_Tower_ingame.jpg,
L280,Water Tower,,Kelly County,"Water Tower, Kelly County",-5100.920255613455,1609.7932430743385,"CRJ7+WV9 Augusta, Georgia, USA",33.4322875,-82.1852656,l1 utilities,landmarks/Kelly_County/L280_Water_Tower_ingame.jpg,
L281,Gellhorn International Raceway,,Port Gellhorn,"Gellhorn International Raceway, Port Gellhorn",-6752.3096199241645,2298.4453173486972,"Sebring International Raceway, 113 Midway Dr, Sebring, FL 33870, USA",27.4499117,-81.3534064,l1 leisure,landmarks/Port_Gellhorn/L281_Gellhorn_International_Raceway_ingame.jpg,landmarks/Port_Gellhorn/L281_Gellhorn_International_Raceway_reallife.jpg
L282,?,,Port Gellhorn,"?, Port Gellhorn",-6431.737932272719,2591.7814509999826,"Wine Country Motor Sports, 113 Midway Dr, Sebring, FL 33870, USA",27.4503994,-81.3591903,//pink enterable l1 retail,landmarks/Port_Gellhorn/L282_unnamed_ingame.jpg,landmarks/Port_Gellhorn/L282_unnamed_reallife.jpg
L283,Gas Stop,,Port Gellhorn,"Gas Stop, Port Gellhorn",-6339.781450999983,2754.474413545456,"4937 E Hwy 98, Panama City, FL 32404, USA",30.1313109,-85.5997819,#gas #supermarket demolished enterable l1 retail,landmarks/Port_Gellhorn/L283_Gas_Stop_ingame.jpg,landmarks/Port_Gellhorn/L283_Gas_Stop_reallife.jpg
L284,Bingo Hall,,Port Gellhorn,"Bingo Hall, Port Gellhorn",-6368,2848.5,"Mr. Bingo, 5400 US-98 BUS, Panama City, FL 32404, USA",30.127369,-85.592041,l1 demolished retail,landmarks/Port_Gellhorn/L284_Bingo_Hall_ingame.jpg,landmarks/Port_Gellhorn/L284_Bingo_Hall_reallife.jpg
L285,?,,Port Gellhorn,"?, Port Gellhorn",-6425,2932,"Central Panhandle Fair in Bay County, 2230 15th St, Panama City, FL 32405, USA",30.17442569999999,-85.63411169999999,leisure unconfirmed,,
L286,?,,Port Gellhorn,"?, Port Gellhorn",-6428.5,3056,"Dan's Pawn, 3214 E Hwy 98, Panama City, FL 32401, USA",30.1540402,-85.61825429999999,#fence //green demolished enterable l1 retail,,landmarks/Port_Gellhorn/L286_unnamed_reallife.jpg
L287,?,,Port Gellhorn,"?, Port Gellhorn",-6331.270457116454,3059.432731386326,"Coyote's, 5401 E Hwy 98, Panama City, FL 32404, USA",30.1280169,-85.5914803,l1,landmarks/Port_Gellhorn/L287_unnamed_ingame.jpg,landmarks/Port_Gellhorn/L287_unnamed_reallife.jpg
L288,?,,Port Gellhorn,"?, Port Gellhorn",-6662.482561794005,2750.0343180693444,"Gainesville Raceway, 11211 N County Road 225, Gainesville, FL 32609, USA",29.7581043,-82.2752474,l1 leisure,landmarks/Port_Gellhorn/L288_unnamed_ingame.jpg,landmarks/Port_Gellhorn/L288_unnamed_reallife.jpg
L289,?,,Port Gellhorn,"?, Port Gellhorn",-6239.5,3063.5,"Parker City Hall, 1001 W Park St, Panama City, FL 32404, USA",30.1292651,-85.60507450000001,l1 government,landmarks/Port_Gellhorn/L289_unnamed_ingame.jpg,landmarks/Port_Gellhorn/L289_unnamed_reallife.jpg
L290,?,,Port Gellhorn,"?, Port Gellhorn",-6209.5,3055,"Parker Police Station, 1001 W Park St, Panama City, FL 32404, USA",30.12941099999999,-85.6047837,l1 government,landmarks/Port_Gellhorn/L290_unnamed_ingame.jpg,landmarks/Port_Gellhorn/L290_unnamed_reallife.jpg
L291,?,,Port Gellhorn,"?, Port Gellhorn",-6215.766342449557,3113.741220868141,"Parker Public Library, 4710 E 2nd St, Panama City, FL 32404, USA",30.129828,-85.6048102,public,,
L292,?,,Port Gellhorn,"?, Port Gellhorn",-6553.825239870623,3098.4729542883547,"Pier 98 Marina & Convenience Store, 5904 E Hwy 98 Unit A, Panama City, FL 32404, USA",30.1180556,-85.59653870000001,l1 retail,landmarks/Port_Gellhorn/L292_unnamed_ingame.jpg,landmarks/Port_Gellhorn/L292_unnamed_reallife.jpg
L293,?,,Port Gellhorn,"?, Port Gellhorn",-6585,3124.5,"King Slayer Charters, 5904 E Hwy 98, Panama City, FL 32404, USA",30.1182508,-85.5963178,l1 demolished transportation,landmarks/Port_Gellhorn/L293_unnamed_ingame.jpg,landmarks/Port_Gellhorn/L293_unnamed_reallife.jpg
L294,?,,Port Gellhorn,"?, Port Gellhorn",-6560.176142791134,3160.176142791134,"Rodeo's, 5904 E Hwy 98, Panama City, FL 32404, USA",30.1186404,-85.5962265,l1 restaurant,landmarks/Port_Gellhorn/L294_unnamed_ingame.jpg,landmarks/Port_Gellhorn/L294_unnamed_reallife.jpg
L295,?,,Port Gellhorn,"?, Port Gellhorn",-6477,3139,"Red Bird Café, 3200 E Hwy 98, Panama City, FL 32401, USA",30.1544686,-85.6189309,l1 restaurant,,landmarks/Port_Gellhorn/L295_unnamed_reallife.jpg
L296,?,,Port Gellhorn,"?, Port Gellhorn",-6451.646,3255.5065,"Twice The Ice, 3145 E Hwy 98, Panama City, FL 32401, USA",30.1552794,-85.61883209999999,l1 restaurant,,landmarks/Port_Gellhorn/L296_unnamed_reallife.jpg
L297,?,,Port Gellhorn,"?, Port Gellhorn",-6380.5,3218,"Goodwill Industries, 3207 E 4th St, Panama City, FL 32401, USA",30.1553213,-85.6182168,l1 office,landmarks/Port_Gellhorn/L297_unnamed_ingame.jpg,landmarks/Port_Gellhorn/L297_unnamed_reallife.jpg
L298,Pawn & Gun,,Port Gellhorn,"Pawn & Gun, Port Gellhorn",-6350,3367,"6232 E Hwy 98, Panama City, FL 32404, USA",30.1126687,-85.6015853,retail,landmarks/Port_Gellhorn/L298_Pawn_Gun_ingame.jpg,landmarks/Port_Gellhorn/L298_Pawn_Gun_reallife.jpg
L299,?,,Port Gellhorn,"?, Port Gellhorn",-6236.5,3473.5,"1703 E 5th St, Panama City, FL 32401, USA",30.1570189,-85.6373486,demolished industrial,landmarks/Port_Gellhorn/L299_unnamed_ingame.jpg,landmarks/Port_Gellhorn/L299_unnamed_reallife.jpg
L300,Lucky Plucker,,Port Gellhorn,"Lucky Plucker, Port Gellhorn",-6362,3439,"121 N Tyndall Pkwy, Panama City, FL 32404, USA",30.1464474,-85.59170840000002,demolished restaurant,landmarks/Port_Gellhorn/L300_Lucky_Plucker_ingame.jpg,landmarks/Port_Gellhorn/L300_Lucky_Plucker_reallife.jpg
L301,Radio Tower,,Port Gellhorn,"Radio Tower, Port Gellhorn",-6495.520939219685,3528.15355427769,"59V9+XM9 Cedar Grove, Florida, USA",30.1949125,-85.63076559999999,utilities,landmarks/Port_Gellhorn/L301_Radio_Tower_ingame.jpg,landmarks/Port_Gellhorn/L301_Radio_Tower_reallife.jpg
L302,Port Gellhorn Smokestack,,Port Gellhorn,"Port Gellhorn Smokestack, Port Gellhorn",-6352.760153242537,3410.2398467574626,"Aragon Mill, Aragon, GA 30104, USA",34.0448288,-85.0583858,industrial,landmarks/Port_Gellhorn/L302_Port_Gellhorn_Smokestack_ingame.jpg,landmarks/Port_Gellhorn/L302_Port_Gellhorn_Smokestack_reallife.jpg
L303,?,,Port Gellhorn,"?, Port Gellhorn",-6287.77023299784,4067.113693779498,"Springfield Community Church, 615 Transmitter Rd, Panama City, FL 32401, USA",30.159853,-85.608097,l1 public,landmarks/Port_Gellhorn/L303_unnamed_ingame.jpg,landmarks/Port_Gellhorn/L303_unnamed_reallife.jpg
L304,Starlet Motel,,Kelly County,"Starlet Motel, Kelly County",-5354.67,3461.862,"Economy Inn, 23750 US-301, Lawtey, FL 32058, USA",30.056544,-82.068484,demolished enterable hotel,landmarks/Kelly_County/L304_Starlet_Motel_ingame.jpg,landmarks/Kelly_County/L304_Starlet_Motel_reallife.jpg
L305,Radio Mast,,Kelly County,"Radio Mast, Kelly County",-5087.0396506680445,3342.571730872497,,,,l1 utilities,landmarks/Kelly_County/L305_Radio_Mast_ingame.jpg,
L306,Taco Bomb,,Kelly County,"Taco Bomb, Kelly County",-5250,3499,"1620 S 6th St, Macclenny, FL 32063, USA",30.2566344,-82.1234819,l1 restaurant,landmarks/Kelly_County/L306_Taco_Bomb_ingame.jpg,landmarks/Kelly_County/L306_Taco_Bomb_reallife.jpg
L307,Starlet Motel Sign,,Kelly County,"Starlet Motel Sign, Kelly County",-5313.5,3513,"Dixie Motel, 551664 U.S. Rte 1, Hilliard, FL 32046, USA",30.6892517,-81.91611549999999,landmark unconfirmed,landmarks/Kelly_County/L307_Starlet_Motel_Sign_ingame.jpg,landmarks/Kelly_County/L307_Starlet_Motel_Sign_reallife.jpg
L308,Alpha Gas Station,,Kelly County,"Alpha Gas Station, Kelly County",-5277.5,3567,"9826 FL-121, Macclenny, FL 32063, USA",30.2553477,-82.1234004,demolished enterable retail,landmarks/Kelly_County/L308_Alpha_Gas_Station_ingame.jpg,landmarks/Kelly_County/L308_Alpha_Gas_Station_reallife.jpg
L309,Easy Inn Motel,Moonstone Hwy,Port Gellhorn,"Easy Inn Motel, Moonstone Hwy, Port Gellhorn",-6125.499,4412,"Econo Lodge, 4411 US-98, Panama City, FL 32401, USA",30.180168,-85.717799,l1 hotel,landmarks/Port_Gellhorn/L309_Easy_Inn_Motel_ingame.jpg,landmarks/Port_Gellhorn/L309_Easy_Inn_Motel_reallife.jpg
L310,Hank's Waffles,,Port Gellhorn,"Hank's Waffles, Port Gellhorn",-6190.705097588649,4520.714992493181,"536 Richard Jackson Blvd, Panama City Beach, FL 32407, USA",30.1858805,-85.81838909999999,enterable l1 restaurant,landmarks/Port_Gellhorn/L310_Hanks_Waffles_ingame.jpg,landmarks/Port_Gellhorn/L310_Hanks_Waffles_reallife.jpg
L311,Tank,,Port Gellhorn,"Tank, Port Gellhorn",-6259.795,4553.428,"7076 McElvey Rd, Panama City, FL 32408, USA",30.1824339,-85.7618383,l1 unconfirmed utilities,landmarks/Port_Gellhorn/L311_Tank_ingame.jpg,landmarks/Port_Gellhorn/L311_Tank_reallife.jpg
L312,Bridge,,Port Gellhorn,"Bridge, Port Gellhorn",-5932.225315161755,4813.568713063137,,,,l1 transportation,landmarks/Port_Gellhorn/L312_Bridge_ingame.jpg,
L313,Uncle Jack's Liquor,,Port Gellhorn,"Uncle Jack's Liquor, Port Gellhorn",-6354.6810000000005,3865.9355,"229 N Tyndall Pkwy, Panama City, FL 32404, USA",30.1503697,-85.59156139999999,demolished enterable retail,landmarks/Port_Gellhorn/L313_Uncle_Jacks_Liquor_ingame.jpg,landmarks/Port_Gellhorn/L313_Uncle_Jacks_Liquor_reallife.jpg
L314,Water Tower,,Port Gellhorn,"Water Tower, Port Gellhorn",-6377.5,4547.5,,,,l1 utilities,landmarks/Port_Gellhorn/L314_Water_Tower_ingame.jpg,
L315,Schlott Construction,,Port Gellhorn,"Schlott Construction, Port Gellhorn",-6205.1900000000005,4466.9259999999995,"18635 SW 105th Ave, Miami, FL 33157, USA",25.5954976,-80.3621012,l1 retail reused,landmarks/Port_Gellhorn/L315_Schlott_Construction_ingame.jpg,landmarks/Port_Gellhorn/L315_Schlott_Construction_reallife.jpg
L316,Car Wash,,Port Gellhorn,"Car Wash, Port Gellhorn",-6222.6765,4379.691000000001,"252 N Tyndall Pkwy, Panama City, FL 32404, USA",30.1516063,-85.5905354,l1 retail,landmarks/Port_Gellhorn/L316_Car_Wash_ingame.jpg,landmarks/Port_Gellhorn/L316_Car_Wash_reallife.jpg
L317,Bocamar Bridge,,Port Gellhorn,"Bocamar Bridge, Port Gellhorn",-6729.364074917241,4563.280810267906,"Sunshine Skyway Bridge, St. Petersburg, FL 33711, USA",27.6207079,-82.65584179999999,transportation,landmarks/Port_Gellhorn/L317_Bocamar_Bridge_ingame.jpg,landmarks/Port_Gellhorn/L317_Bocamar_Bridge_reallife.jpg
L318,?,,Port Gellhorn,"?, Port Gellhorn",-7186.036468878326,4754.914103744689,"1650 Hemlock St, Tampa, FL 33605, USA",27.9385815,-82.441306,unconfirmed,,
L319,?,,Port Gellhorn,"?, Port Gellhorn",-7239.065388109977,4788.873586120171,,,,,,
L320,?,,Port Gellhorn,"?, Port Gellhorn",-7279.776669479096,4733.893770194379,,,,,,
L321,?,,Port Gellhorn,"?, Port Gellhorn",-7303.34473531298,4670.641535401097,,,,,,
L322,Dry Dock,,Port Gellhorn,"Dry Dock, Port Gellhorn",-7751.00756024934,4659.0860132863045,,,,,,
L323,Container Crane (1),,Port Gellhorn,"Container Crane (1), Port Gellhorn",-7941.565434077011,4721.4497631925005,"Port of Tampa Container Terminal, 2999 Guy N Verger Blvd, Tampa, FL 33605, USA",27.914743,-82.4318632,industrial,landmarks/Port_Gellhorn/L323_Container_Crane_1_ingame.jpg,landmarks/Port_Gellhorn/L323_Container_Crane_1_reallife.jpg
L324,Hotel Valetta,,Vice Beach,"Hotel Valetta, Vice Beach",1795.934,1613.3584999999998,"Motel Ankara, Miami Beach, FL 33139, USA",25.8002143,-80.1273873,hotel,landmarks/Vice_Beach/L324_Hotel_Valetta_ingame.jpg,landmarks/Vice_Beach/L324_Hotel_Valetta_reallife.jpg
L325,The Rusty Anchor,,Key Lento,"The Rusty Anchor, Key Lento",-2271.57,-5256.913,"Caribbean Club, 104080 Overseas Hwy, Key Largo, FL 33037, USA",25.1450746,-80.39686259999999,enterable leisure,landmarks/Key_Lento/L325_The_Rusty_Anchor_ingame.jpg,landmarks/Key_Lento/L325_The_Rusty_Anchor_reallife.jpg
L326,Brian's Marina,,Key Lento,"Brian's Marina, Key Lento",-2558.17,-5860.9715,"Marina Club at Blackwater Sound, 103950 Overseas Hwy, Key Largo, FL 33037, USA",25.1433349,-80.3988498,@brian enterable transportation,landmarks/Key_Lento/L326_Brians_Marina_ingame.jpg,landmarks/Key_Lento/L326_Brians_Marina_reallife.jpg
L327,?,,Key Lento,"?, Key Lento",-2507.737,-5705.112,"Jimmy Johnson's Fisherman's Cove, 104000 Overseas Hwy, Key Largo, FL 33037, USA",25.1445207,-80.3974899,leisure,landmarks/Key_Lento/L327_unnamed_ingame.jpg,landmarks/Key_Lento/L327_unnamed_reallife.jpg
L328,Key Lento Marina Club,,Key Lento,"Key Lento Marina Club, Key Lento",-2596.697,-5784.683,"118 Poinsetta Dr, Key Largo, FL 33037, USA",25.143681,-80.39912840000001,leisure,landmarks/Key_Lento/L328_Key_Lento_Marina_Club_ingame.jpg,landmarks/Key_Lento/L328_Key_Lento_Marina_Club_reallife.jpg
L329,?,,Key Lento,"?, Key Lento",-2597.315,-5965.3615,"Florida Bay Club, 103500 Overseas Hwy, Key Largo, FL 33037, USA",25.1377603,-80.4038498,residential,landmarks/Key_Lento/L329_unnamed_ingame.jpg,landmarks/Key_Lento/L329_unnamed_reallife.jpg
L330,?,,Key Lento,"?, Key Lento",-2668.166,-6037.768,"102180 Overseas Hwy, Key Largo, FL 33037, USA",25.1227178,-80.41582939999999,utilities,landmarks/Key_Lento/L330_unnamed_ingame.jpg,landmarks/Key_Lento/L330_unnamed_reallife.jpg
L331,?,,Key Lento,"?, Key Lento",-2953.4145,-6397.5925,"The Tipsy Octopus, 86700 Overseas Hwy, Islamorada, FL 33036, USA",24.9597717,-80.57124069999999,leisure,landmarks/Key_Lento/L331_unnamed_ingame.jpg,landmarks/Key_Lento/L331_unnamed_reallife.jpg
L332,Wonder Whale,,Key Lento,"Wonder Whale, Key Lento",-2935.5725,-6420.4545,"Rain Barrel Village, 86700 Overseas Hwy, Islamorada, FL 33036, USA",24.9593306,-80.5712444,retail,landmarks/Key_Lento/L332_Wonder_Whale_ingame.jpg,landmarks/Key_Lento/L332_Wonder_Whale_reallife.jpg
L333,?,,Key Lento,"?, Key Lento",-3322.4325,-6649.161,"IslaMarina, 85920 Overseas Hwy, Islamorada, FL 33036, USA",24.9536567,-80.5855291,transportation,landmarks/Key_Lento/L333_unnamed_ingame.jpg,landmarks/Key_Lento/L333_unnamed_reallife.jpg
L334,?,,Key Lento,"?, Key Lento",-3222.7525,-6703.2654999999995,"82245 Overseas Hwy, Islamorada, FL 33036, USA",24.924865,-80.6270114,retail,landmarks/Key_Lento/L334_unnamed_ingame.jpg,landmarks/Key_Lento/L334_unnamed_reallife.jpg
L335,?,,Key Lento,"?, Key Lento",-3178.0515,-6669.491,"82661 Overseas Hwy, Islamorada, FL 33036, USA",24.9253035,-80.6266553,retail,landmarks/Key_Lento/L335_unnamed_ingame.jpg,landmarks/Key_Lento/L335_unnamed_reallife.jpg
L336,Cell Tower,,Key Lento,"Cell Tower, Key Lento",-2046.0445784633876,-5627.821924725692,,,,utilities,landmarks/Key_Lento/L336_Cell_Tower_ingame.jpg,
L337,?,,Key Lento,"?, Key Lento",-1903.7677196752525,-5491.725427123465,"180 Pompano Dr, Key Largo, FL 33037, USA",25.1375466,-80.3956486,residential,landmarks/Key_Lento/L337_unnamed_ingame.jpg,landmarks/Key_Lento/L337_unnamed_reallife.jpg
L338,?,,Key Lento,"?, Key Lento",-1887.8012485560603,-5452.7306094613705,"164 Pompano Dr, Key Largo, FL 33037, USA",25.1376674,-80.39586969999999,residential,landmarks/Key_Lento/L338_unnamed_ingame.jpg,landmarks/Key_Lento/L338_unnamed_reallife.jpg
L339,?,,Key Lento,"?, Key Lento",-1846.7042024334983,-5381.293732678437,"200 Pompano Dr, Key Largo, FL 33037, USA",25.1376751,-80.39545129999999,residential,landmarks/Key_Lento/L339_unnamed_ingame.jpg,landmarks/Key_Lento/L339_unnamed_reallife.jpg
L340,?,,Key Lento,"?, Key Lento",-1864.007105369133,-5302.820436315917,"500 Pompano Dr, Key Largo, FL 33037, USA",25.1382379,-80.39511259999999,residential,landmarks/Key_Lento/L340_unnamed_ingame.jpg,landmarks/Key_Lento/L340_unnamed_reallife.jpg
L341,24/7 Supermarket,,Key Lento,"24/7 Supermarket, Key Lento",-1977.2896219399677,-5332.6466867015415,"106501 Overseas Hwy, Key Largo, FL 33037, USA",25.1724826,-80.37373529999999,retail,landmarks/Key_Lento/L341_247_Supermarket_ingame.jpg,landmarks/Key_Lento/L341_247_Supermarket_reallife.jpg
L342,?,,Key Lento,"?, Key Lento",-2160.344,-5318.323,,,,residential,landmarks/Key_Lento/L342_unnamed_ingame.jpg,landmarks/Key_Lento/L342_unnamed_reallife.jpg
L343,?,,Key Lento,"?, Key Lento",-2101.902725738045,-5429.0555691944755,"Key Largo Chamber of Commerce, 106000 Overseas Hwy, Key Largo, FL 33037, USA",25.1665253,-80.3788963,,landmarks/Key_Lento/L343_unnamed_ingame.jpg,landmarks/Key_Lento/L343_unnamed_reallife.jpg
L344,?,,Key Lento,"?, Key Lento",-2109.55738874008,-5511.3810109446,"105970 Overseas Hwy, Key Largo, FL 33037, USA",25.1660749,-80.37926150000001,retail,landmarks/Key_Lento/L344_unnamed_ingame.jpg,landmarks/Key_Lento/L344_unnamed_reallife.jpg
L345,VCIA Control Tower,,Vice City International Airport,"VCIA Control Tower, Vice City International Airport",-2373.00837026143,-774.3230893822786,"FAA Miami ATCT (MIA), 6400 NW 22nd St, Miami, FL 33122, USA",25.7934699,-80.299433,transportation,landmarks/Vice_City_International_Airport/L345_VCIA_Control_Tower_ingame.jpg,landmarks/Vice_City_International_Airport/L345_VCIA_Control_Tower_reallife.jpg
L346,Lake,,Vice City,"Lake, Vice City",-3935.8224569691106,-360.46404384817913,,,,l1 natural,landmarks/Vice_City/L346_Lake_ingame.jpg,
L347,Burnout Scooters,,Port Gellhorn,"Burnout Scooters, Port Gellhorn",-6454.5,3327.5,"Wildfire Scooters, 3401 US-98 BUS, Panama City, FL 32401, USA",30.1527057,-85.6166089,demolished retail,landmarks/Port_Gellhorn/L347_Burnout_Scooters_ingame.jpg,landmarks/Port_Gellhorn/L347_Burnout_Scooters_reallife.jpg
L348,Watkins Auto Parts,,Port Gellhorn,"Watkins Auto Parts, Port Gellhorn",-6445.001,3278,"2533 E Hwy 98, Panama City, FL 32401, USA",30.15702929999999,-85.62634539999999,unconfirmed,landmarks/Port_Gellhorn/L348_Watkins_Auto_Parts_ingame.jpg,landmarks/Port_Gellhorn/L348_Watkins_Auto_Parts_reallife.jpg
L349,?,,Port Gellhorn,"?, Port Gellhorn",-6260.349,4496.5,"18640 SW 104th Ct, Cutler Bay, FL 33157, USA",25.5952542,-80.3616673,industrial l1 reused,landmarks/Port_Gellhorn/L349_unnamed_ingame.jpg,landmarks/Port_Gellhorn/L349_unnamed_reallife.jpg
L350,?,,Port Gellhorn,"?, Port Gellhorn",-6607.831419769003,3372.587510484379,"Leslie Porter Wayside Park, 200 Michigan Ave, Lynn Haven, FL 32444, USA",30.2539078,-85.6458191,natural,,
L351,?,Ocean Beach,Vice Beach,"?, Ocean Beach, Vice Beach",1522.2269592936866,886.2907985458252,"Flamingo Park, 999 11th St, Miami Beach, FL 33139, USA",25.7822086,-80.1383077,public,landmarks/Vice_Beach/L351_unnamed_ingame.jpg,landmarks/Vice_Beach/L351_unnamed_reallife.jpg
L352,?,,Waning Sands,"?, Waning Sands",388.39004581264226,4247.321072860242,"Towers of Quayside Tower II, 2000 Towerside Terrace, Miami, FL 33138, USA",25.8728765,-80.16972659999999,residential unconfirmed,landmarks/Waning_Sands/L352_unnamed_ingame.jpg,landmarks/Waning_Sands/L352_unnamed_reallife.jpg
L353,?,,Mariana County,"?, Mariana County",-6299.7880600563585,-6091.517153296436,"SFUWO School, Key West, FL 33040, USA",24.5930369,-81.7966957,government,landmarks/Mariana_County/L353_unnamed_ingame.jpg,landmarks/Mariana_County/L353_unnamed_reallife.jpg
L354,?,,Mariana County,"?, Mariana County",-6638.676379175098,-6806.293516792988,"Naval Air Station Key West, FL 33040, USA",24.5851584,-81.69035389999999,//make-more-specific-later government,,
L355,?,,Hamlet,"?, Hamlet",-2564.5,-3493,"1 N Krome Ave, Homestead, FL 33030, USA",25.470015,-80.4771193,l1 retail,landmarks/Hamlet/L355_unnamed_ingame.jpg,landmarks/Hamlet/L355_unnamed_reallife.jpg
L356,?,,Hamlet,"?, Hamlet",-2616.2235311249988,-3481.0411576250112,"4 N Krome Ave, Homestead, FL 33030, USA",25.4700122,-80.47764889999999,l1 retail,landmarks/Hamlet/L356_unnamed_ingame.jpg,landmarks/Hamlet/L356_unnamed_reallife.jpg
L357,Mexican Restaurant,,Hamlet,"Mexican Restaurant, Hamlet",-2558.5,-3460,"27 N Krome Ave, Homestead, FL 33030, USA",25.4704687,-80.4771037,l1 restaurant,landmarks/Hamlet/L357_Mexican_Restaurant_ingame.jpg,landmarks/Hamlet/L357_Mexican_Restaurant_reallife.jpg
L358,?,,Hamlet,"?, Hamlet",-2558.5,-3440,"Historic Town Hall of Homestead, 41 N Krome Ave, Homestead, FL 33030, USA",25.4706607,-80.4771663,l1,landmarks/Hamlet/L358_unnamed_ingame.jpg,landmarks/Hamlet/L358_unnamed_reallife.jpg
L359,?,,Hamlet,"?, Hamlet",-2555.5,-3427.5,"47 N Krome Ave, Homestead, FL 33030, USA",25.4707278,-80.47721229999999,l1 retail,landmarks/Hamlet/L359_unnamed_ingame.jpg,landmarks/Hamlet/L359_unnamed_reallife.jpg
L360,Sara's Unisex Salon,,Hamlet,"Sara's Unisex Salon, Hamlet",-2554,-3410.5,"51 N Krome Ave, Homestead, FL 33030, USA",25.4708097,-80.4770637,#hair enterable retail,landmarks/Hamlet/L360_Saras_Unisex_Salon_ingame.jpg,landmarks/Hamlet/L360_Saras_Unisex_Salon_reallife.jpg
L361,?,,Hamlet,"?, Hamlet",-2552,-3395.5,"107 N Krome Ave, Homestead, FL 33030, USA",25.4709119,-80.4770525,l1 retail,landmarks/Hamlet/L361_unnamed_ingame.jpg,landmarks/Hamlet/L361_unnamed_reallife.jpg
L362,?,,Hamlet,"?, Hamlet",-2601.5,-3369.5,"112 N Krome Ave, Homestead, FL 33030, USA",25.4710339,-80.4776902,l1 retail,landmarks/Hamlet/L362_unnamed_ingame.jpg,landmarks/Hamlet/L362_unnamed_reallife.jpg
L363,?,,Hamlet,"?, Hamlet",-2551.5,-3378,"115 N Krome Ave, Homestead, FL 33030, USA",25.4710368,-80.47706649999999,l1 retail,landmarks/Hamlet/L363_unnamed_ingame.jpg,landmarks/Hamlet/L363_unnamed_reallife.jpg
L364,Vinylism,,Hamlet,"Vinylism, Hamlet",-2550.1759077035827,-3362.4003023894047,"123 N Krome Ave, Homestead, FL 33030, USA",25.471238,-80.477047,l1 retail,landmarks/Hamlet/L364_Vinylism_ingame.jpg,landmarks/Hamlet/L364_Vinylism_reallife.jpg
L365,?,,Hamlet,"?, Hamlet",-2547.5,-3333.5,"131 N Krome Ave, Homestead, FL 33030, USA",25.4713527,-80.4770565,l1 retail,landmarks/Hamlet/L365_unnamed_ingame.jpg,landmarks/Hamlet/L365_unnamed_reallife.jpg
L366,?,,Hamlet,"?, Hamlet",-2599.5,-3347.5,"134 N Krome Ave, Homestead, FL 33030, USA",25.4713032,-80.4776033,l1 retail,landmarks/Hamlet/L366_unnamed_ingame.jpg,landmarks/Hamlet/L366_unnamed_reallife.jpg
L367,?,,Hamlet,"?, Hamlet",-2598.5,-3333.5,"140 N Krome Ave, Homestead, FL 33030, USA",25.4714101,-80.4776854,l1 retail,landmarks/Hamlet/L367_unnamed_ingame.jpg,landmarks/Hamlet/L367_unnamed_reallife.jpg
L368,?,,Hamlet,"?, Hamlet",-2597.5,-3320.5,"144 N Krome Ave, Homestead, FL 33030, USA",25.4715234,-80.4776803,l1 retail,landmarks/Hamlet/L368_unnamed_ingame.jpg,landmarks/Hamlet/L368_unnamed_reallife.jpg
L369,?,,Hamlet,"?, Hamlet",-2604.2046734950636,-3566.6237378691676,"28 S Krome Ave, Homestead, FL 33030, USA",25.4693356,-80.4776246,l1 demolished retail,landmarks/Hamlet/L369_unnamed_ingame.jpg,landmarks/Hamlet/L369_unnamed_reallife.jpg
L370,?,,Hamlet,"?, Hamlet",-2573,-3556.5,"33 S Krome Ave, Homestead, FL 33030, USA",25.4694003,-80.4771714,l1 retail,,landmarks/Hamlet/L370_unnamed_reallife.jpg
L371,Treasured Trash,,Hamlet,"Treasured Trash, Hamlet",-2616.394124499996,-3602.8705642500145,"102 S Krome Ave, Homestead, FL 33030, USA",25.4690804,-80.477597,l1 demolished retail,landmarks/Hamlet/L371_Treasured_Trash_ingame.jpg,landmarks/Hamlet/L371_Treasured_Trash_reallife.jpg
L372,?,,Hamlet,"?, Hamlet",-2548.5,-3530.5,"17 E Mowry Dr, Homestead, FL 33030, USA",25.4698363,-80.4769701,l1 retail,,landmarks/Hamlet/L372_unnamed_reallife.jpg
L373,Lifeguard Tower,Ocean Beach,Vice Beach,"Lifeguard Tower, Ocean Beach, Vice Beach",2109,39,"1st St Lifeguard Tower, QV99+MP Miami Beach, FL 33139, USA",25.7691875,-80.1306875,leisure,,landmarks/Vice_Beach/L373_Lifeguard_Tower_reallife.jpg
L374,Lifeguard Tower,Ocean Beach,Vice Beach,"Lifeguard Tower, Ocean Beach, Vice Beach",2108,129,"3rd St Lifeguard Tower, QVC9+GV Miami Beach, FL 33139, USA",25.7713125,-80.1303125,leisure,,
L375,Lifeguard Tower,Ocean Beach,Vice Beach,"Lifeguard Tower, Ocean Beach, Vice Beach",2115,230,"4th St Lifeguard Tower, QVF9+4X Miami Beach, FL 33139, USA",25.7728125,-80.1300625,leisure,,
L376,Lifeguard Tower,Ocean Beach,Vice Beach,"Lifeguard Tower, Ocean Beach, Vice Beach",2122,345,"5th St Lifeguard Tower, QVFC+Q3 Miami Beach, FL 33139, USA",25.7744375,-80.1298125,leisure,,
L377,Lifeguard Tower,Ocean Beach,Vice Beach,"Lifeguard Tower, Ocean Beach, Vice Beach",2124,479,"6th St Lifeguard Tower, QVGC+F7, Miami Beach, FL 33139, USA",25.7761875,-80.1293125,leisure,,
L378,Lifeguard Tower,Ocean Beach,Vice Beach,"Lifeguard Tower, Ocean Beach, Vice Beach",2139,608,"8th St Lifeguard Tower, QVHC+6F Miami Beach, Florida, USA",25.7780587,-80.1287825,leisure,,
L379,Lifeguard Tower,Ocean Beach,Vice Beach,"Lifeguard Tower, Ocean Beach, Vice Beach",2165.0019999999995,752,"10th St Lifeguard Tower, QVHC+XH, Miami Beach, FL 33139, USA",25.7799375,-80.1285625,leisure,landmarks/Vice_Beach/L379_Lifeguard_Tower_ingame.jpg,
L380,Lifeguard Tower,Ocean Beach,Vice Beach,"Lifeguard Tower, Ocean Beach, Vice Beach",2195.5019999999995,878,"12th St Lifeguard Tower, QVJC+WQ Miami Beach, FL 33139, USA",25.7823125,-80.1280625,leisure,,
L381,Lifeguard Tower,Ocean Beach,Vice Beach,"Lifeguard Tower, Ocean Beach, Vice Beach",2214.513364747783,985.0697906355837,"14th St Lifeguard Tower, QVPC+7X Miami Beach, FL 33139, USA",25.7856875,-80.1275625,leisure,landmarks/Vice_Beach/L381_Lifeguard_Tower_ingame.jpg,landmarks/Vice_Beach/L381_Lifeguard_Tower_reallife.jpg
L382,?,,Starfish Island,"?, Starfish Island",783.17715430425,482.99252246996684,"Star Island Water Tower, Star Island, Miami Beach, FL 33139, USA",25.7774783,-80.1503965,utilities,,landmarks/Starfish_Island/L382_unnamed_reallife.jpg
L383,Pegassi Residences West Tower,Tequesta Retreat,Vice City,"Pegassi Residences West Tower, Tequesta Retreat, Vice City",-153.06982081056924,-898.0579523826952,"Porsche Design Tower Miami, 18555 Collins Ave Apt 2701, Sunny Isles Beach, FL 33160, USA",25.9482023,-80.1199171,construction residential unconfirmed,landmarks/Vice_City/L383_Pegassi_Residences_West_Tower_ingame.jpg,landmarks/Vice_City/L383_Pegassi_Residences_West_Tower_reallife.jpg
L384,?,Tequesta Retreat,Vice City,"?, Tequesta Retreat, Vice City",-276.3275130851653,-928.9637846309239,"Courvoisier Courts Brickell Key, 701 Brickell Key Blvd, Miami, FL 33131, USA",25.767711,-80.186554,,,landmarks/Vice_City/L384_unnamed_reallife.jpg
L385,?,Tequesta Retreat,Vice City,"?, Tequesta Retreat, Vice City",-242.93212376599706,-824.5189248200309,"Carbonell Brickell, 901 Brickell Key Dr, Miami, FL 33131, USA",25.769299,-80.1869013,,,landmarks/Vice_City/L385_unnamed_reallife.jpg
L386,?,Tequesta Retreat,Vice City,"?, Tequesta Retreat, Vice City",-306.12067179674915,-980.3162024281565,"601 Brickell Key Dr, Miami, FL 33131, USA",25.767136,-80.1858202,,,landmarks/Vice_City/L386_unnamed_reallife.jpg
L387,Akio Hotel,Tequesta Retreat,Vice City,"Akio Hotel, Tequesta Retreat, Vice City",-372.1076203381838,-1208.885826369034,"Mandarin Oriental, 500 Brickell Key Dr, Miami, FL 33131, USA",25.7649907,-80.1853951,demolished enterable hotel,landmarks/Vice_City/L387_Akio_Hotel_ingame.jpg,landmarks/Vice_City/L387_Akio_Hotel_reallife.jpg
L388,?,Tequesta Retreat,Vice City,"?, Tequesta Retreat, Vice City",-195.67040396934647,-1202.3203869184704,"Isola, 770 Claughton Island Dr, Miami, FL 33131, USA",25.7661851,-80.1845544,,landmarks/Vice_City/L388_unnamed_ingame.jpg,landmarks/Vice_City/L388_unnamed_reallife.jpg
L389,?,Tequesta Retreat,Vice City,"?, Tequesta Retreat, Vice City",-261.70262830212647,-1276.7799957870518,"St Louis Condominium, 800 Claughton Island Dr, Miami, FL 33131, USA",25.7653013,-80.1840996,residential,,landmarks/Vice_City/L389_unnamed_reallife.jpg
L390,?,Bayside,Vice City,"?, Bayside, Vice City",-314.10700949042484,1096.5921915921344,"Margaret Pace Park, 1745 N Bayshore Dr, Miami, FL 33132, USA",25.7935309,-80.1857629,public,landmarks/Vice_City/L390_unnamed_ingame.jpg,
L391,?,Ocean Beach,Vice Beach,"?, Ocean Beach, Vice Beach",2001,538,"Lummus Park, 1130 Ocean Dr, Miami Beach, FL 33139, USA",25.7809553,-80.12994789999999,public,,landmarks/Vice_Beach/L391_unnamed_reallife.jpg
L392,?,,Hamlet,"?, Hamlet",-2605,-3413,"Losner Park, 104 N Krome Ave, Homestead, FL 33030, USA",25.470643,-80.4776684,l1 public,landmarks/Hamlet/L392_unnamed_ingame.jpg,landmarks/Hamlet/L392_unnamed_reallife.jpg
L393,Bite House,,Watson Bay,"Bite House, Watson Bay",-5255.0775,-3389.639,"Seabreeze, 310 Dock St, Cedar Key, FL 32625, USA",29.1352981,-83.02984310000001,restaurant,landmarks/Watson_Bay/L393_Bite_House_ingame.jpg,landmarks/Watson_Bay/L393_Bite_House_reallife.jpg
L394,?,,Watson Bay,"?, Watson Bay",-5217.9705234444455,-3403.4367382124574,"Big Deck Bar & Grill, 331 Dock St, Cedar Key, FL 32625, USA",29.1352627,-83.03021120000001,restaurant,landmarks/Watson_Bay/L394_unnamed_ingame.jpg,landmarks/Watson_Bay/L394_unnamed_reallife.jpg
L395,?,,Watson Bay,"?, Watson Bay",-5253.865384977818,-3434.9397595278806,"The Tipsy Cow Bar & Grill, 360 Dock St, Cedar Key, FL 32625, USA",29.1349866,-83.0300951,restaurant,landmarks/Watson_Bay/L395_unnamed_ingame.jpg,landmarks/Watson_Bay/L395_unnamed_reallife.jpg
L396,?,,Watson Bay,"?, Watson Bay",-5204.714392617541,-3513.2433502629165,"490 Dock St, Cedar Key, FL 32625, USA",29.1345247,-83.03074610000002,restaurant,,landmarks/Watson_Bay/L396_unnamed_reallife.jpg
L397,?,,Watson Bay,"?, Watson Bay",-5035.966,-3256.27,"Island Hotel & Restaurant, 373 2nd St, Cedar Key, FL 32625, USA",29.1372222,-83.0312162,hotel,landmarks/Watson_Bay/L397_unnamed_ingame.jpg,landmarks/Watson_Bay/L397_unnamed_reallife.jpg
L398,?,,Watson Bay,"?, Watson Bay",-5019.506,-3398.8755,"Cedar Key Fire Chief, 489 1st St, Cedar Key, FL 32625, USA",29.1360884,-83.0318313,,landmarks/Watson_Bay/L398_unnamed_ingame.jpg,landmarks/Watson_Bay/L398_unnamed_reallife.jpg
L399,Sugar Mill,Allied Crystal,Ambrosia,"Sugar Mill, Allied Crystal, Ambrosia",-3016.5107043822245,3346.662355484881,"US Sugar Mill, Georgia Ave, Clewiston, FL 33440, USA",26.7363919,-80.93640169999999,industrial,landmarks/Ambrosia/L399_Sugar_Mill_ingame.jpg,landmarks/Ambrosia/L399_Sugar_Mill_reallife.jpg
L400,Silo,Allied Crystal,Ambrosia,"Silo, Allied Crystal, Ambrosia",-2663.4978556804563,3915.4178155176032,"1500 Sonora Ave, Clewiston, FL 33440, USA",26.7391894,-80.9351198,industrial,landmarks/Ambrosia/L400_Silo_ingame.jpg,landmarks/Ambrosia/L400_Silo_reallife.jpg
L401,Tank,Allied Crystal,Ambrosia,"Tank, Allied Crystal, Ambrosia",-2964.178588761563,3713.5961936122126,"1500 Sonora Ave, Clewiston, FL 33440, USA",26.7391894,-80.9351198,industrial,landmarks/Ambrosia/L401_Tank_ingame.jpg,
L402,Water Tower,,Kelly County,"Water Tower, Kelly County",-4033.3537056565815,3061.852217046412,"3400 Transmitter Rd, Panama City, FL 32404, USA",30.20945219999999,-85.60671409999999,demolished unconfirmed utilities,landmarks/Kelly_County/L402_Water_Tower_ingame.jpg,landmarks/Kelly_County/L402_Water_Tower_reallife.jpg
L403,W. Blanco's Cuban Foods,,Ambrosia,"W. Blanco's Cuban Foods, Ambrosia",-2700.199,4197.049499999999,"100 E Sugarland Hwy, Clewiston, FL 33440, USA",26.7539437,-80.9339782,,landmarks/Ambrosia/L403_W_Blancos_Cuban_Foods_ingame.jpg,landmarks/Ambrosia/L403_W_Blancos_Cuban_Foods_reallife.jpg
L404,?,,Ambrosia,"?, Ambrosia",-2682.539,4156.7865,"602 E Sugarland Hwy, Clewiston, FL 33440, USA",26.7540678,-80.92552909999999,,landmarks/Ambrosia/L404_unnamed_ingame.jpg,landmarks/Ambrosia/L404_unnamed_reallife.jpg
L405,?,,Ambrosia,"?, Ambrosia",-2663.1040000000003,4135.6449999999995,"600 E Sugarland Hwy, Clewiston, FL 33440, USA",26.7539089,-80.92575409999999,,landmarks/Ambrosia/L405_unnamed_ingame.jpg,landmarks/Ambrosia/L405_unnamed_reallife.jpg
L406,Xero Gas Station,,Ambrosia,"Xero Gas Station, Ambrosia",-2650.259,4106.826499999999,"517 E Sugarland Hwy, Clewiston, FL 33440, USA",26.7546106,-80.92743229999999,retail,landmarks/Ambrosia/L406_Xero_Gas_Station_ingame.jpg,landmarks/Ambrosia/L406_Xero_Gas_Station_reallife.jpg
L407,?,,Ambrosia,"?, Ambrosia",-2637.675,4081.5525000000007,"543 E Sugarland Hwy, Clewiston, FL 33440, USA",26.7546012,-80.92634679999999,demolished,landmarks/Ambrosia/L407_unnamed_ingame.jpg,landmarks/Ambrosia/L407_unnamed_reallife.jpg
L408,Jeudy's Food Depot,La Perle,Vice City,"Jeudy's Food Depot, La Perle, Vice City",-913.9999999999998,1527.5,"9900 NW 27th Ave, Miami, FL 33147, USA",25.865022,-80.242678,retail,landmarks/Vice_City/L408_Jeudys_Food_Depot_ingame.jpg,landmarks/Vice_City/L408_Jeudys_Food_Depot_reallife.jpg
L409,?,La Perle,Vice City,"?, La Perle, Vice City",-924.9999999999998,1536,"9920 NW 27th Ave, Miami, FL 33147, USA",25.8651473,-80.24269579999999,retail,landmarks/Vice_City/L409_unnamed_ingame.jpg,landmarks/Vice_City/L409_unnamed_reallife.jpg
L410,?,La Perle,Vice City,"?, La Perle, Vice City",-913.4999999999998,1490.5,"7820 N Miami Ave, Miami, FL 33150, USA",25.846624,-80.1973151,,landmarks/Vice_City/L410_unnamed_ingame.jpg,landmarks/Vice_City/L410_unnamed_reallife.jpg
L411,?,,Port Gellhorn,"?, Port Gellhorn",-6239,3120.5,"Parker Community Center, 943 W Park St, Panama City, FL 32404, USA",30.1297621,-85.60508829999999,public,,
L412,?,,Port Gellhorn,"?, Port Gellhorn",-6270.5,3480.5,"1703 E 5th St, Panama City, FL 32401, USA",30.1570189,-85.6373486,demolished industrial,landmarks/Port_Gellhorn/L412_unnamed_ingame.jpg,landmarks/Port_Gellhorn/L412_unnamed_reallife.jpg
L413,?,,Port Gellhorn,"?, Port Gellhorn",-6239.5869999999995,4326.6525,"5213 FL-30, Panama City, FL 32404, USA",30.1305421,-85.5945725,l1,landmarks/Port_Gellhorn/L413_unnamed_ingame.jpg,landmarks/Port_Gellhorn/L413_unnamed_reallife.jpg
L414,?,La Perle,Vice City,"?, La Perle, Vice City",-1265.2310000000002,1224.4724999999999,"260 NE 60th St, Miami, FL 33137, USA",25.831284,-80.19123809999999,l1,landmarks/Vice_City/L414_unnamed_ingame.jpg,landmarks/Vice_City/L414_unnamed_reallife.jpg
L415,?,La Perle,Vice City,"?, La Perle, Vice City",-1258.462233799156,1181.9516276852855,"5975 NE 2nd Ave, Miami, FL 33137, USA",25.8312457,-80.1919228,#pay'n'spray demolished l1 retail,landmarks/Vice_City/L415_unnamed_ingame.jpg,landmarks/Vice_City/L415_unnamed_reallife.jpg
L416,?,La Perle,Vice City,"?, La Perle, Vice City",-1379.7245796392533,1217.0182401953812,,,,l1,landmarks/Vice_City/L416_unnamed_ingame.jpg,
L417,?,La Perle,Vice City,"?, La Perle, Vice City",-1192.6274799364478,1175.9652769401982,"Basel House, 2308 NW 5th Ave #4310, Miami, FL 33127, USA",25.7992793,-80.20343729999999,retail,landmarks/Vice_City/L417_unnamed_ingame.jpg,landmarks/Vice_City/L417_unnamed_reallife.jpg
L418,?,La Perle,Vice City,"?, La Perle, Vice City",-1171.3505091637494,1176.206946272212,"2380 NW 5th Ave, Miami, FL 33127, USA",25.799798,-80.2032713,retail,landmarks/Vice_City/L418_unnamed_ingame.jpg,landmarks/Vice_City/L418_unnamed_reallife.jpg
L419,Simon's Tires,La Perle,Vice City,"Simon's Tires, La Perle, Vice City",-1118.9058825771046,1175.9448467548966,"George's Tires and Repair, 501 NW 54th St, Miami, FL 33127, USA",25.8252738,-80.204043,retail,landmarks/Vice_City/L419_Simons_Tires_ingame.jpg,landmarks/Vice_City/L419_Simons_Tires_reallife.jpg
L420,?,,Port Vice City,"?, Port Vice City",596.7506681505901,-425.1741947924928,"Cruise Terminal D, 1435 N Cruise Blvd, Miami, FL 33132, USA",25.7767329,-80.17069359999999,,landmarks/Port_Vice_City/L420_unnamed_ingame.jpg,landmarks/Port_Vice_City/L420_unnamed_reallife.jpg
L421,?,,Port Vice City,"?, Port Vice City",149.93152730822902,-289.42686541081696,"Cruise Terminal G, 1103 N Cruise Blvd, Miami, FL 33132, USA",25.7800133,-80.1786194,//todo,,landmarks/Port_Vice_City/L421_unnamed_reallife.jpg
L422,Rivo Bridge,,Rialto Islands,"Rivo Bridge, Rialto Islands",-106.51836965470625,1067.1336054723502,"West Venetian Causeway Bridge, North, Atlantic Ave, Miami, FL 33132, USA",25.7898791,-80.1813011,transportation,landmarks/Rialto_Islands/L422_Rivo_Bridge_ingame.jpg,landmarks/Rialto_Islands/L422_Rivo_Bridge_reallife.jpg
L423,?,,Mariana County,"?, Mariana County",-5340.583553720655,-7087.701824790731,"New Bahia Honda Bridge, Overseas Hwy, Big Pine Key, FL 33043, USA",24.6578069,-81.2892687,transportation,landmarks/Mariana_County/L423_unnamed_ingame.jpg,landmarks/Mariana_County/L423_unnamed_reallife.jpg
L424,?,,Vice City International Airport,"?, Vice City International Airport",-2011.845378936901,-1007.2212999912986,"MIA Terminal J, 2100 NW 20th St, Miami, FL 33126, USA",25.7937634,-80.2750538,transportation,,landmarks/Vice_City_International_Airport/L424_unnamed_reallife.jpg
L425,?,,Vice City International Airport,"?, Vice City International Airport",-2607.3653598815854,-781.0429611257042,"MIA Terminal E, 2100 NW 42nd Ave, Miami, FL 33142, USA",25.7923496,-80.28230590000001,,,landmarks/Vice_City_International_Airport/L425_unnamed_reallife.jpg
L426,?,,Vice City International Airport,"?, Vice City International Airport",-3156.4318639054127,-593.3517620337057,"MIA Fire Station, 2100 NW 42nd Ave, Miami, FL 33142, USA",25.7923496,-80.28230590000001,unconfirmed,landmarks/Vice_City_International_Airport/L426_unnamed_ingame.jpg,landmarks/Vice_City_International_Airport/L426_unnamed_reallife.jpg
L427,?,,Vice City International Airport,"?, Vice City International Airport",-3255.2901577000034,-545.5399006834875,"MIA Radar Tower, 2100 NW 42nd Ave, Miami, FL 33142, USA",25.7923496,-80.28230590000001,transportation,landmarks/Vice_City_International_Airport/L427_unnamed_ingame.jpg,landmarks/Vice_City_International_Airport/L427_unnamed_reallife.jpg
L428,?,Ocean Beach,Vice Beach,"?, Ocean Beach, Vice Beach",1833.3594718311463,1487.9602997983666,"Collins Park, 2100 Collins Ave, Miami Beach, FL 33140, USA",25.7971165,-80.1291596,,,landmarks/Vice_Beach/L428_unnamed_reallife.jpg
L429,?,,Vice City,"?, Vice City",-740.7259163289241,-705.1297609126127,"Brickell Ave Drawbridge, 427-417 US-41, Miami, FL 33131, USA",25.7699315,-80.1899365,transportation,,landmarks/Vice_City/L429_unnamed_reallife.jpg
L430,?,,Mariana County,"?, Mariana County",-6966.061068530955,-956.8215644498172,"Cape Romano Dome House, R8W9+4G, Marco Island, FL 34145, USA",25.8451805,-81.6812035,demolished events landmark,,landmarks/Mariana_County/L430_unnamed_reallife.jpg
L431,Leaf Links Golf Club?,Leaf Links,Vice Beach,"Leaf Links Golf Club?, Leaf Links, Vice Beach",712.2404163947342,2294.5552144070684,"Indian Creek Country Club, 55 Indian Creek Island Rd, Indian Creek, FL 33154, USA",25.8756644,-80.1412856,l1 leisure,landmarks/Vice_Beach/L431_Leaf_Links_Golf_Club_ingame.jpg,landmarks/Vice_Beach/L431_Leaf_Links_Golf_Club_reallife.jpg
L432,Port Vice City Tunnel,,Vice City,"Port Vice City Tunnel, Vice City",284.6845126995504,246.49486672740989,"Port of Miami Tunnel, FL-887, Miami, FL 33132, USA",25.7753882,-80.1728783,transportation,,landmarks/Vice_City/L432_Port_Vice_City_Tunnel_reallife.jpg
L433,?,,Gloriana Key,"?, Gloriana Key",813.873534944872,-1285.079204678425,"Central District Wastewater Treatment Plant, Miami, FL 33149, USA",25.7450809,-80.1535571,utilities,landmarks/Gloriana_Key/L433_unnamed_ingame.jpg,landmarks/Gloriana_Key/L433_unnamed_reallife.jpg
L434,?,Ocean Beach,Vice Beach,"?, Ocean Beach, Vice Beach",1862.502,1075,"1644 Collins Ave, Miami Beach, FL 33139, USA",25.7905116,-80.1302399,,,landmarks/Vice_Beach/L434_unnamed_reallife.jpg
L435,?,Ocean Beach,Vice Beach,"?, Ocean Beach, Vice Beach",1844,1144,"1600 Washington Ave, Miami Beach, FL 33139, USA",25.7892652,-80.1320195,//duplicate-of-1142,,
L436,? Concert Hall,Bayside,Vice City,"? Concert Hall, Catalan Blvd, Bayside, Vice City",-376.37300000000005,733.6390000000001,"Knight Concert Hall, 1300 Biscayne Blvd, Miami, FL 33132, USA",25.7878321,-80.18878169999999,leisure,landmarks/Vice_City/L436_Concert_Hall_ingame.jpg,landmarks/Vice_City/L436_Concert_Hall_reallife.jpg
L437,Palaestra Tower,Bayside,Vice City,"Palaestra Tower, Catalan Blvd, Bayside, Vice City",-456.001,701.1570000000002,"Sears Tower, 1300 US-1, Miami, FL 33132, USA",25.7873551,-80.1893676,landmark,landmarks/Vice_City/L437_Palaestra_Tower_ingame.jpg,landmarks/Vice_City/L437_Palaestra_Tower_reallife.jpg
L438,?,,Vice City,"?, Vice City",17.64099999999962,114.35849999999999,"Skyviews Miami Observation Wheel, 401 Biscayne Blvd, Miami, FL 33132, USA",25.7770198,-80.184519,leisure,landmarks/Vice_City/L438_unnamed_ingame.jpg,landmarks/Vice_City/L438_unnamed_reallife.jpg
L439,?,,Vice City,"?, Vice City",-71.71086544432819,-490.0328006719589,"Port Miami Bridge, Port Blvd, Miami, FL 33132, USA",25.779865,-80.1831103,transportation,,landmarks/Vice_City/L439_unnamed_reallife.jpg
L440,?,,Vice City,"?, Vice City",-94.83899999999994,-13.58099999999996,"Hard Rock Cafe, 401 Biscayne Blvd, Miami, FL 33132, USA",25.7775106,-80.184461,leisure,landmarks/Vice_City/L440_unnamed_ingame.jpg,landmarks/Vice_City/L440_unnamed_reallife.jpg
L441,Vice City Arts Center Metro Station,Downtown,Vice City,"Vice City Arts Center Metro Station, Downtown, Vice City",-557.2288509571432,768.6179942107129,"Adrienne Arsht Metromover Station, Miami, FL 33132, USA",25.789452,-80.18794299999999,transportation,landmarks/Vice_City/L441_Vice_City_Arts_Center_Metro_Station_ingame.jpg,landmarks/Vice_City/L441_Vice_City_Arts_Center_Metro_Station_reallife.jpg
L442,?,Peacock Bay,Vice City,"?, SW 9th Ave, Peacock Bay, Vice City",-1339.567,-2082.7219999999998,"Park Grove Condominium, 2831 S Bayshore Dr, Coconut Grove, FL 33133, USA",25.7294045,-80.23876179999999,residential,landmarks/Vice_City/L442_unnamed_ingame.jpg,landmarks/Vice_City/L442_unnamed_reallife.jpg
L443,?,Peacock Bay,Vice City,"?, SW 9th Ave, Peacock Bay, Vice City",-1343.2520000000002,-2015.9945,"Park Grove Condominium, 2831 S Bayshore Dr, Coconut Grove, FL 33133, USA",25.7294045,-80.23876179999999,residential,landmarks/Vice_City/L443_unnamed_ingame.jpg,landmarks/Vice_City/L443_unnamed_reallife.jpg
L444,?,,Mariana County,"?, Mariana County",-324.0091525641941,-3443.2899653257386,"Stiltsville, Crandon Blvd, Key Biscayne, FL 33149, USA",25.6545537,-80.17447349999999,,landmarks/Mariana_County/L444_unnamed_ingame.jpg,
L445,Presidential Bunker,,Leonard County,"Presidential Bunker, Leonard County",153.87937602133934,5282.01833118875,"Detachment Hotel, Peanut Island Park, 6500 Peanut Island Rd, Riviera Beach, FL 33404, USA",26.7715692,-80.0460434,events unconfirmed,,
L446,?,,Leonard County,"?, Leonard County",1240.3331508999513,4149.047299823105,"Osborne Reef, 4W4P+X2, Fort Lauderdale, FL, USA",26.1074722,-80.0649444,events,,
L447,Underwater Research Station,,Mariana County,"Underwater Research Station, Mariana County",-1999,-6666,"Aquarius Research Station, Key Largo, FL, USA",24.950119,-80.4535977,events,landmarks/Mariana_County/L447_Underwater_Research_Station_ingame.jpg,landmarks/Mariana_County/L447_Underwater_Research_Station_reallife.jpg
L448,?,Rockridge,Vice City,"?, Rockridge, Vice City",-1400.2832554268093,1097.3262756740446,"First Base Garage, 1502 NW 4th St, Miami, FL 33125, USA",25.7766723,-80.2206246,l1 transportation,landmarks/Vice_City/L448_unnamed_ingame.jpg,landmarks/Vice_City/L448_unnamed_reallife.jpg
L449,What's Cooking,Crosstown,Vice City,"What's Cooking, Crosstown, Vice City",-653.751,1265.0735,"1300 N Miami Ave, Miami, FL 33136, USA",25.7871135,-80.19434989999999,,landmarks/Vice_City/L449_Whats_Cooking_ingame.jpg,landmarks/Vice_City/L449_Whats_Cooking_reallife.jpg
L450,?,Crosstown,Vice City,"?, Crosstown, Vice City",-625.011,1240.9199999999998,"1306 N Miami Ave, Miami, FL 33136, USA",25.7873013,-80.1942519,,landmarks/Vice_City/L450_unnamed_ingame.jpg,landmarks/Vice_City/L450_unnamed_reallife.jpg
L451,?,Crosstown,Vice City,"?, Crosstown, Vice City",-635.406,1279.0155,"1317 N Miami Ave, Miami, FL 33136, USA",25.787584,-80.193828,l1,landmarks/Vice_City/L451_unnamed_ingame.jpg,landmarks/Vice_City/L451_unnamed_reallife.jpg
L452,?,Crosstown,Vice City,"?, Crosstown, Vice City",-709.1610000000001,1301.9009999999998,"1360 NW 1st Ct, Miami, FL 33136, USA",25.7878992,-80.1975099,demolished,landmarks/Vice_City/L452_unnamed_ingame.jpg,landmarks/Vice_City/L452_unnamed_reallife.jpg
L453,?,Crosstown,Vice City,"?, Crosstown, Vice City",-716.5165,1247.4859999999999,"1351 NW 1st Ct, Miami, FL 33136, USA",25.7880099,-80.1971176,,landmarks/Vice_City/L453_unnamed_ingame.jpg,landmarks/Vice_City/L453_unnamed_reallife.jpg
L454,?,Crosstown,Vice City,"?, Crosstown, Vice City",-747.6610000000001,1190.8345,"1811 NW 4th Ct, Miami, FL 33136, USA",25.7929753,-80.20221699999999,l4,landmarks/Vice_City/L454_unnamed_ingame.jpg,landmarks/Vice_City/L454_unnamed_reallife.jpg
L455,?,Crosstown,Vice City,"?, Crosstown, Vice City",-741.9999999999999,1250,"1348 NW 1st Ct, Miami, FL 33125, USA",25.7876407,-80.1974207,l2,landmarks/Vice_City/L455_unnamed_ingame.jpg,landmarks/Vice_City/L455_unnamed_reallife.jpg
L456,Vice City Sign,,Vice City International Airport,"Vice City Sign, Vice City International Airport",-3770.5065,-458.0835,"Ficticious Miami Sign, Miami, FL 33142, USA",25.8358462,-80.3154785,fictional landmark,landmarks/Vice_City_International_Airport/L456_Vice_City_Sign_ingame.jpg,landmarks/Vice_City_International_Airport/L456_Vice_City_Sign_reallife.jpg
L457,?,Downtown,Vice City,"?, Downtown, Vice City",-822.9814999999999,-664.714,"Hyatt Regency Miami, 400 S, 400 SE 2nd Ave, Miami, FL 33131, USA",25.770728,-80.19062989999999,hotel l4,landmarks/Vice_City/L457_unnamed_ingame.jpg,landmarks/Vice_City/L457_unnamed_reallife.jpg
L458,?,Tequesta,Vice City,"?, Tequesta, Vice City",-442.3319999999999,-837.578,"Icon Brickell, 475 Brickell Ave, Miami, FL 33131, USA",25.7683507,-80.1889775,residential,landmarks/Vice_City/L458_unnamed_ingame.jpg,landmarks/Vice_City/L458_unnamed_reallife.jpg
L459,?,Tequesta,Vice City,"?, Tequesta, Vice City",-540.8707443993305,-869.4117066979608,"First Miami Presbyterian Church, 609 Brickell Ave, Miami, FL 33131, USA",25.767688,-80.189664,public,,landmarks/Vice_City/L459_unnamed_reallife.jpg
L460,?,,Vice City,"?, Vice City",-2108.2322531998316,4.0111038563243255,"Embassy Suites Miami Airport, 3974 NW S River Dr, Miami, FL 33142, USA",25.8066574,-80.2615857,hotel l4,landmarks/Vice_City/L460_unnamed_ingame.jpg,landmarks/Vice_City/L460_unnamed_reallife.jpg
L461,?,Tequesta,Vice City,"?, Tequesta, Vice City",-872.4437729439131,-818.0982038292517,"Neo Vertika Building, Neo Vertika, Miami, FL 33130, USA",25.7680994,-80.1959775,residential,,landmarks/Vice_City/L461_unnamed_reallife.jpg
L462,? (W),Downtown,Vice City,"? (W), Downtown, Vice City",-384.21699999999987,-625.273,"One Miami Condominium - West Tower, 325 S Biscayne Blvd, Miami, FL 33131, USA",25.7713767,-80.186353,residential,landmarks/Vice_City/L462_W_ingame.jpg,landmarks/Vice_City/L462_W_reallife.jpg
L463,?,Ocean Beach,Vice Beach,"?, Ocean Beach, Vice Beach",1753.5,361.4999999999999,"The Wolfsonian, 1001 Washington Ave, Miami Beach, FL 33139, USA",25.780896,-80.13243419999999,,,landmarks/Vice_Beach/L463_unnamed_reallife.jpg
L464,?,Ocean Beach,Vice Beach,"?, Ocean Beach, Vice Beach",1623.766870350662,258.35404334253155,"Fifth and Alton, 1100 5th St, Miami Beach, FL 33139, USA",25.7754878,-80.14009089999999,,landmarks/Vice_Beach/L464_unnamed_ingame.jpg,landmarks/Vice_Beach/L464_unnamed_reallife.jpg
L465,Lake,,Leonard County,"Lake, Leonard County",-242.65712590721682,2652.485331649515,,,,,,
L466,?,Ocean Beach,Vice Beach,"?, Ocean Beach, Vice Beach",1610.385,1145.707,"1442 Jefferson Ave, Miami Beach, FL 33139, USA",25.7868428,-80.1376769,residential,landmarks/Vice_Beach/L466_unnamed_ingame.jpg,landmarks/Vice_Beach/L466_unnamed_reallife.jpg
L467,?,Ocean Beach,Vice Beach,"?, Ocean Beach, Vice Beach",1567,1294,"1000 Lincoln Rd, Miami Beach, FL 33139, USA",25.790169,-80.139055,l1,landmarks/Vice_Beach/L467_unnamed_ingame.jpg,landmarks/Vice_Beach/L467_unnamed_reallife.jpg
L468,?,Ocean Beach,Vice Beach,"?, Ocean Beach, Vice Beach",1563.748,1346.248,"1035 Lincoln Rd, Miami Beach, FL 33139, USA",25.7908426,-80.1394565,l1 demolished retail,landmarks/Vice_Beach/L468_unnamed_ingame.jpg,landmarks/Vice_Beach/L468_unnamed_reallife.jpg
L469,?,Ocean Beach,Vice Beach,"?, Ocean Beach, Vice Beach",1605.7288956844739,1348.6960700211293,"942 Lincoln Rd, Miami Beach, FL 33139, USA",25.7903521,-80.13863870000002,,landmarks/Vice_Beach/L469_unnamed_ingame.jpg,landmarks/Vice_Beach/L469_unnamed_reallife.jpg
L470,Lombank,Ocean Beach,Vice Beach,"Lombank, Ocean Beach, Vice Beach",1760,1305,"Lincoln Building, 350 Lincoln Rd, Miami Beach, FL 33139, USA",25.7903484,-80.1316293,,landmarks/Vice_Beach/L470_Lombank_ingame.jpg,landmarks/Vice_Beach/L470_Lombank_reallife.jpg
L471,?,,Catalan Bay,"?, Catalan Bay",-133.8411750038474,1377.1639554733736,"Pace Picnic Island, Miami, FL 33139, USA",25.7982341,-80.17686979999999,natural unconfirmed,landmarks/Catalan_Bay/L471_unnamed_ingame.jpg,landmarks/Catalan_Bay/L471_unnamed_reallife.jpg
L472,Waste Transfer Services,,Ambrosia,"Waste Transfer Services, Ambrosia",-2351.482932556112,2633.5531759929936,"Wheelabrator South Broward, 4400 South State Road 7, Fort Lauderdale, FL 33314, USA",26.069113,-80.204796,industrial,landmarks/Ambrosia/L472_Waste_Transfer_Services_ingame.jpg,landmarks/Ambrosia/L472_Waste_Transfer_Services_reallife.jpg
L473,?,Bayside,Vice City,"?, Bayside, Vice City",-379.8284610211791,1375.8707125917208,"22 Biscayne Bay, 615 NE 22nd St APT 203, Miami, FL 33137, USA",25.7984323,-80.1861674,l4,landmarks/Vice_City/L473_unnamed_ingame.jpg,landmarks/Vice_City/L473_unnamed_reallife.jpg
L474,?,Crosstown,Vice City,"?, Crosstown, Vice City",-487.1507285217259,1261.2559483980617,"The Crimson, 601 NE 27th St, Miami, FL 33137, USA",25.803023,-80.1865444,construction,landmarks/Vice_City/L474_unnamed_ingame.jpg,landmarks/Vice_City/L474_unnamed_reallife.jpg
L475,?,Crosstown,Vice City,"?, Crosstown, Vice City",-472.69446322379815,1218.9317204733493,"419 NE 4th Ave, Miami, FL 33132, USA",25.7951098,-80.1876283,#safehouse demolished enterable residential,landmarks/Vice_City/L475_unnamed_ingame.jpg,landmarks/Vice_City/L475_unnamed_reallife.jpg
L476,?,,Vice City International Airport,"?, Vice City International Airport",-1896.314797378837,-361.10559102021523,,,,l1,landmarks/Vice_City_International_Airport/L476_unnamed_ingame.jpg,
L477,Allied Air Hangar,,Vice City International Airport,"Allied Air Hangar, Vice City International Airport",-2145.8726849477207,-536.369663794249,"American Airlines Aircraft Maintenance Hangar, Building 3095, NW 22nd St, Miami, FL 33126, USA",25.7975915,-80.270138,l1,landmarks/Vice_City_International_Airport/L477_Allied_Air_Hangar_ingame.jpg,landmarks/Vice_City_International_Airport/L477_Allied_Air_Hangar_reallife.jpg
L478,Glamour Clothing,Stockyard,Vice City,"Glamour Clothing, Stockyard, Vice City",-436.582,1695.6919999999998,"2401 NW 5th Ave Unit 2-3, Miami, FL 33127, USA",25.8001034,-80.20292769999999,l4,landmarks/Vice_City/L478_Glamour_Clothing_ingame.jpg,landmarks/Vice_City/L478_Glamour_Clothing_reallife.jpg
L479,?,Stockyard,Vice City,"?, Stockyard, Vice City",-397.59152587388826,1680.540635094383,"2337 NW 5th Ave, Miami, FL 33127, USA",25.7997139,-80.20276179999999,l1,landmarks/Vice_City/L479_unnamed_ingame.jpg,landmarks/Vice_City/L479_unnamed_reallife.jpg
L480,?,Stockyard,Vice City,"?, Stockyard, Vice City",-382.83900000000017,1713.9985,"Wynwood Walls, 2516 NW 2nd Ave, Miami, FL 33127, USA",25.8010178,-80.1993841,,landmarks/Vice_City/L480_unnamed_ingame.jpg,landmarks/Vice_City/L480_unnamed_reallife.jpg
L481,?,Stockyard,Vice City,"?, Stockyard, Vice City",-407.82500000000005,1737.8279999999997,"454 NW 24th St, Miami, FL 33127, USA",25.8000201,-80.2023892,,landmarks/Vice_City/L481_unnamed_ingame.jpg,landmarks/Vice_City/L481_unnamed_reallife.jpg
L482,?,Stockyard,Vice City,"?, Stockyard, Vice City",-344.5,1775,"295 NW 26th St, Miami, FL 33127, USA",25.8016456,-80.2008877,retail,landmarks/Vice_City/L482_unnamed_ingame.jpg,landmarks/Vice_City/L482_unnamed_reallife.jpg
L483,?,Stockyard,Vice City,"?, Stockyard, Vice City",-434.10207751952737,1748.684839603011,"426 NW 25th St, Miami, FL 33127, USA",25.800417,-80.20256429999999,//address-ambiguous l1,landmarks/Vice_City/L483_unnamed_ingame.jpg,landmarks/Vice_City/L483_unnamed_reallife.jpg
L484,?,Stockyard,Vice City,"?, Stockyard, Vice City",-409.0318706945035,1815.9998516876497,"2750 NW 3rd Ave, Miami, FL 33127, USA",25.8023878,-80.2017158,l4,landmarks/Vice_City/L484_unnamed_ingame.jpg,landmarks/Vice_City/L484_unnamed_reallife.jpg
L485,Goliath?,Crosstown,Vice City,"Goliath?, Crosstown, Vice City",-511.732699354751,1622.5199299101357,"Titan America, 1801 NW Miami Ct, Miami, FL 33136, USA",25.7932869,-80.19533059999999,industrial l4,landmarks/Vice_City/L485_Goliath_ingame.jpg,landmarks/Vice_City/L485_Goliath_reallife.jpg
L486,?,Bayside,Vice City,"?, Bayside, Vice City",-244.98029267390314,731.1388386047697,"Pérez Art Museum Miami, 1103 Biscayne Blvd, Miami, FL 33132, USA",25.7859307,-80.1861912,leisure,landmarks/Vice_City/L486_unnamed_ingame.jpg,landmarks/Vice_City/L486_unnamed_reallife.jpg
L487,?,La Perle,Vice City,"?, La Perle, Vice City",-1083.1960519260988,1406.5924369321654,"7900 NE 2nd Ave, Miami, FL 33138, USA",25.8478309,-80.1932582,construction,landmarks/Vice_City/L487_unnamed_ingame.jpg,landmarks/Vice_City/L487_unnamed_reallife.jpg
L488,?,Stockyard,Vice City,"?, Stockyard, Vice City",,,"184 NW 26th St, Miami, FL 33127, USA",25.8012332,-80.1988291,,landmarks/Vice_City/L488_unnamed_ingame.jpg,landmarks/Vice_City/L488_unnamed_reallife.jpg
L489,?,Crosstown,Vice City,"?, Crosstown, Vice City",-361,1605.5,"2800 Biscayne Blvd, Miami, FL 33137, USA",25.8037711,-80.1896424,l1,landmarks/Vice_City/L489_unnamed_ingame.jpg,landmarks/Vice_City/L489_unnamed_reallife.jpg
L490,Going Spare,Crosstown,Vice City,"Going Spare, Crosstown, Vice City",-638.3539999999998,1473.9519999999998,"31 NE 17th St, Miami, FL 33132, USA",25.7918599,-80.1941554,l4 unconfirmed,landmarks/Vice_City/L490_Going_Spare_ingame.jpg,landmarks/Vice_City/L490_Going_Spare_reallife.jpg
L491,Shunters,Crosstown,Vice City,"Shunters, Crosstown, Vice City",-665.1240597763003,1433.6167378569503,,,,l4,landmarks/Vice_City/L491_Shunters_ingame.jpg,
L492,?,Crosstown,Vice City,"?, Crosstown, Vice City",-647.404,1404.0839999999998,"240 NW 17th St, Miami, FL 33136, USA",25.7914665,-80.1997071,l4,landmarks/Vice_City/L492_unnamed_ingame.jpg,landmarks/Vice_City/L492_unnamed_reallife.jpg
L493,Kirkwood Distribution,Crosstown,Vice City,"Kirkwood Distribution, Crosstown, Vice City",-671.1009999999999,1372.0805,,,,l2,landmarks/Vice_City/L493_Kirkwood_Distribution_ingame.jpg,
L494,?,Crosstown,Vice City,"?, NE 4th Ave, Crosstown, Vice City",-616.5459999999998,1378.7079999999999,"1700 NW 2nd Ct, Miami, FL 33136, USA",25.791789,-80.1994026,l1,landmarks/Vice_City/L494_unnamed_ingame.jpg,landmarks/Vice_City/L494_unnamed_reallife.jpg
L495,?,Crosstown,Vice City,"?, NE 4th Ave, Crosstown, Vice City",-675.5509999999999,1332.4004999999997,"220 NW 21st St, Miami, FL 33127, USA",25.7965635,-80.1993942,l2,landmarks/Vice_City/L495_unnamed_ingame.jpg,landmarks/Vice_City/L495_unnamed_reallife.jpg
L496,?,Crosstown,Vice City,"?, Crosstown, Vice City",-556.183,1293.2405,"Filling Station Lofts, 1657 N Miami Ave, Miami, FL 33136, USA",25.7914077,-80.19426279999999,l1 construction,landmarks/Vice_City/L496_unnamed_ingame.jpg,landmarks/Vice_City/L496_unnamed_reallife.jpg
L497,?,Tequesta Retreat,Vice City,"?, Tequesta Retreat, Vice City",-322.9110748608428,-1046.147207930792,"501 Brickell Key Dr, Miami, FL 33131, USA",25.7664007,-80.1857768,,,landmarks/Vice_City/L497_unnamed_reallife.jpg
L498,?,Tequesta,Vice City,"?, Tequesta, Vice City",-693.9019999999998,-1134.152,"The Four Ambassadors, 801 Brickell Bay Dr, Miami, FL 33131, USA",25.7651373,-80.1888817,,landmarks/Vice_City/L498_unnamed_ingame.jpg,landmarks/Vice_City/L498_unnamed_reallife.jpg
L499,Ficroth Capital,Tequesta,Vice City,"Ficroth Capital, Tequesta, Vice City",-834.5626907368624,-1202.3259527539933,"1401 Brickell Ave, Miami, FL 33131, USA",25.7598498,-80.1919822,demolished office,landmarks/Vice_City/L499_Ficroth_Capital_ingame.jpg,landmarks/Vice_City/L499_Ficroth_Capital_reallife.jpg
L500,?,Tequesta,Vice City,"?, Tequesta, Vice City",-755.006921477871,-1213.1319364402987,"The Sail on Brickell, 170 SE 14th St, Miami, FL 33131, USA",25.7597362,-80.1907397,,landmarks/Vice_City/L500_unnamed_ingame.jpg,landmarks/Vice_City/L500_unnamed_reallife.jpg
L501,Lombank,Tequesta,Vice City,"Lombank, Tequesta, Vice City",-1114.390809163116,-1479.324702286067,"1200 Brickell Ave, Miami, FL 33131, USA",25.7619992,-80.1923449,office,landmarks/Vice_City/L501_Lombank_ingame.jpg,landmarks/Vice_City/L501_Lombank_reallife.jpg
L502,?,Downtown,Vice City,"?, Downtown, Vice City",-547.0719999999999,-468.226,"Legacy Parking Company, 200 Biscayne Blvd, Miami, FL 33131, USA",25.7722149,-80.1885034,l4 transportation,landmarks/Vice_City/L502_unnamed_ingame.jpg,landmarks/Vice_City/L502_unnamed_reallife.jpg
L503,?,,Key Lento,"?, Key Lento",-1901.6110439926333,-5402.965848415023,,,,residential,landmarks/Key_Lento/L503_unnamed_ingame.jpg,
L504,"""House B""",,Key Lento,"""House B"", Key Lento",-2307.8445,-5531.032999999999,,,,residential,landmarks/Key_Lento/L504_House_B_ingame.jpg,
L505,"""House C""",,Key Lento,"""House C"", Key Lento",-2298.6890000000003,-5488.0665,,,,l4,landmarks/Key_Lento/L505_House_C_ingame.jpg,
L506,"""House D""",,Key Lento,"""House D"", Key Lento",-2289.9320000000002,-5472.755,"465 Big Pine Rd, Key Largo, FL 33037, USA",25.1737237,-80.37736079999999,l4 unconfirmed,landmarks/Key_Lento/L506_House_D_ingame.jpg,landmarks/Key_Lento/L506_House_D_reallife.jpg
L507,? (N),Peacock Bay,Vice City,"? (N), Peacock Bay, Vice City",-1146.5094082006262,-1982.3571945689116,"Grove at Grand Bay Condominium, 2669 S Bayshore Dr, Miami, FL 33133, USA",25.730319,-80.2367699,residential,,landmarks/Vice_City/L507_N_reallife.jpg
L508,? (N),Peacock Bay,Vice City,"? (N), Peacock Bay, Vice City",-1231.7330365375076,-1956.566977113249,"The Ritz-Carlton Coconut Grove, 3300 SW 27th Ave, Miami, FL 33133, USA",25.7304471,-80.2380563,hotel,,landmarks/Vice_City/L508_N_reallife.jpg
L509,?,,Gloriana Key,"?, Gloriana Key",599.3887404174134,-1835.577040810501,"Miami Marine Stadium, 3501 Rickenbacker Cswy, Miami, FL 33149, USA",25.7423333,-80.1708955,leisure,landmarks/Gloriana_Key/L509_unnamed_ingame.jpg,landmarks/Gloriana_Key/L509_unnamed_reallife.jpg
L510,?,,Kelly County,"?, Kelly County",-3612.409835408488,734.1606304380084,"The Pit Bar-B-Q, 16400 SW 8th St, Miami, FL 33194, USA",25.7605659,-80.4616077,,landmarks/Kelly_County/L510_unnamed_ingame.jpg,landmarks/Kelly_County/L510_unnamed_reallife.jpg
L511,Hoodwinks Bar,Salton,Vice City,"Hoodwinks Bar, Salton, Vice City",-644.9960000000001,1173.415,"378 NW 5th St, Miami, FL 33128, USA",25.7786581,-80.2010877,leisure unconfirmed,landmarks/Vice_City/L511_Hoodwinks_Bar_ingame.jpg,landmarks/Vice_City/L511_Hoodwinks_Bar_reallife.jpg
L512,Redneck Yacht Club,,Kelly County,"Redneck Yacht Club, Kelly County",-4006.5799720261084,4756.297,"Redneck Mud Park, 44570 Bermont Rd, Punta Gorda, FL 33982, USA",26.9599518,-81.7223144,leisure,landmarks/Kelly_County/L512_Redneck_Yacht_Club_ingame.jpg,
L513,Radio Mast,,Kelly County,"Radio Mast, Kelly County",-5271.113832604613,3273.7826323737563,,,,,landmarks/Kelly_County/L513_Radio_Mast_ingame.jpg,landmarks/Kelly_County/L513_Radio_Mast_reallife.jpg
L514,?,Washington Beach,Vice Beach,"?, Washington Beach, Vice Beach",1582.7320000000002,2212.813,"6060 Indian Creek Dr, Miami Beach, FL 33140, USA",25.8437621,-80.12180049999999,,landmarks/Vice_Beach/L514_unnamed_ingame.jpg,landmarks/Vice_Beach/L514_unnamed_reallife.jpg
L515,?,,Vice Beach,"?, Vice Beach",1216.1336166304354,2313.736463162142,"10067 Bay Harbor Terrace, Bay Harbor Islands, FL 33154, USA",25.8912183,-80.1316709,,landmarks/Vice_Beach/L515_unnamed_ingame.jpg,landmarks/Vice_Beach/L515_unnamed_reallife.jpg
L516,?,,Vice Beach,"?, Vice Beach",1431.6247833795865,1992.2823138627664,"Bay Harborview Condo, 10140 W Bay Harbor Dr, Bay Harbor Islands, FL 33154, USA",25.8918933,-80.13386799999999,residential,landmarks/Vice_Beach/L516_unnamed_ingame.jpg,landmarks/Vice_Beach/L516_unnamed_reallife.jpg
L517,?,,Vice Beach,"?, Vice Beach",1442.398853590592,1948.7872524194854,"9221 E Bay Harbor Dr, Bay Harbor Islands, FL 33154, USA",25.8829106,-80.1285303,demolished residential,,landmarks/Vice_Beach/L517_unnamed_reallife.jpg
L518,?,,Vice Beach,"?, Vice Beach",1478.1406614196833,2081.0159272395363,"1100 Kane Concourse, Bay Harbor Islands, FL 33154, USA",25.8865427,-80.1313896,,landmarks/Vice_Beach/L518_unnamed_ingame.jpg,landmarks/Vice_Beach/L518_unnamed_reallife.jpg
L519,?,,Vice Beach,"?, Vice Beach",1492.2721904416962,2089.9403219248916,"1065 Kane Concourse, Bay Harbor Islands, FL 33154, USA",25.887059,-80.1306894,,landmarks/Vice_Beach/L519_unnamed_ingame.jpg,landmarks/Vice_Beach/L519_unnamed_reallife.jpg
L520,?,,Vice Beach,"?, Vice Beach",1507.2345699316038,2099.1433166820343,"1150 Kane Concourse, Bay Harbor Islands, FL 33154, USA",25.886433,-80.1323096,,landmarks/Vice_Beach/L520_unnamed_ingame.jpg,landmarks/Vice_Beach/L520_unnamed_reallife.jpg
L521,?,,Mariana County,"?, Mariana County",-4831.012249357973,186.78318333931725,"ValuJet Flight 592 Memorial, US-41, Miami, FL 33194, USA",25.7617681,-80.6720301,events unconfirmed,,landmarks/Mariana_County/L521_unnamed_reallife.jpg
L522,?,Downtown,Vice City,"?, Downtown, Vice City",-547,-25.117999999999967,"109 NE 2nd Ave, Miami, FL 33132, USA",25.775525,-80.1902167,l4,landmarks/Vice_City/L522_unnamed_ingame.jpg,landmarks/Vice_City/L522_unnamed_reallife.jpg
L523,?,Downtown,Vice City,"?, Catalan Blvd, Downtown, Vice City",-462.0619999999999,-245.90650000000002,"50 Biscayne Blvd, Miami, FL 33132, USA",25.772147,-80.1871982,,landmarks/Vice_City/L523_unnamed_ingame.jpg,landmarks/Vice_City/L523_unnamed_reallife.jpg
L524,Buckme,Downtown,Vice City,"Buckme, Catalan Blvd, Downtown, Vice City",-465.5039999999999,-160.37349999999998,"100 Biscayne Blvd, Miami, FL 33132, USA",25.7755828,-80.1881883,,landmarks/Vice_City/L524_Buckme_ingame.jpg,landmarks/Vice_City/L524_Buckme_reallife.jpg
L525,?,Downtown,Vice City,"?, Downtown, Vice City",-511.34266188491335,-290.94383833643434,"SunTrust International Center, 1 SE 3rd Ave, Miami, FL 33131, USA",25.773897,-80.1883347,,landmarks/Vice_City/L525_unnamed_ingame.jpg,landmarks/Vice_City/L525_unnamed_reallife.jpg
L526,?,Tequesta,Vice City,"?, Tequesta, Vice City",-573.7669999999998,-952.7015,"701 Brickell Ave, Miami, FL 33131, USA",25.7670952,-80.1900445,,landmarks/Vice_City/L526_unnamed_ingame.jpg,landmarks/Vice_City/L526_unnamed_reallife.jpg
L527,Prison,,Kelly County,"Prison, Kelly County",-5078.837290653562,1800.2994476919612,"Augusta State Medical Prison, 3001 Gordon Hwy, Grovetown, GA 30813, USA",33.4319375,-82.187621,l1 government,landmarks/Kelly_County/L527_Prison_ingame.jpg,landmarks/Kelly_County/L527_Prison_reallife.jpg
L528,"""Mount Waffles""",,Kelly County,"""Mount Waffles"", Kelly County",-5263.354240572345,5578.976050620821,,,,l1 natural,landmarks/Kelly_County/L528_Mount_Waffles_ingame.jpg,
L529,"""Mount Mountain""",,Kelly County,"""Mount Mountain"", Kelly County",-4476.206374184266,5312.783005658783,,,,l1 natural,landmarks/Kelly_County/L529_Mount_Mountain_ingame.jpg,
L530,Mount Kalaga,,Lummox County,"Mount Kalaga, Lummox County",-3430.4825,6370.646000000001,"Table Rock Mountain, North Carolina 28655, USA",35.8894363,-81.8834838,natural,landmarks/Lummox_County/L530_Mount_Kalaga_ingame.jpg,landmarks/Lummox_County/L530_Mount_Kalaga_reallife.jpg
L531,?,Leaf Links,Vice Beach,"?, Leaf Links, Vice Beach",434.79542316315747,2771.489790266121,,,,residential,,
L532,"""Easy Hill""",,Kelly County,"""Easy Hill"", Kelly County",-5691.912509189732,3966.923515051077,,,,l1 natural,landmarks/Kelly_County/L532_Easy_Hill_ingame.jpg,
L533,Redhill Forest,,Leonida,"Redhill Forest, Leonida",,,,,,events,,
L534,Fairyland Forest,,Leonida,"Fairyland Forest, Leonida",,,,,,events,,
L535,Refinery?,,Port Gellhorn,"Refinery?, Port Gellhorn",-7516.820999999999,5226.6230000000005,"Vertex Energy Mobile Refinery, 400 Industrial Pkwy, Saraland, AL 36571, USA",30.7907905,-88.057373,industrial unconfirmed,landmarks/Port_Gellhorn/L535_Refinery_ingame.jpg,landmarks/Port_Gellhorn/L535_Refinery_reallife.jpg
L536,Factory?,,Port Gellhorn,"Factory?, Port Gellhorn",-7070.324858628891,5106.13034397804,"West Rock Paper Mill, 1 S Everitt Ave, Panama City, FL 32401, USA",30.1439428,-85.6215067,industrial,landmarks/Port_Gellhorn/L536_Factory_ingame.jpg,
L537,Church,,Port Gellhorn,"Church, Port Gellhorn",-6654.21,3892.4755000000005,"New Foundation Church, 615 N Tyndall Pkwy, Panama City, FL 32404, USA",30.1589538,-85.5917365,demolished public,landmarks/Port_Gellhorn/L537_Church_ingame.jpg,landmarks/Port_Gellhorn/L537_Church_reallife.jpg
L538,Port Gellhorn Train Station,,Port Gellhorn,"Port Gellhorn Train Station, Port Gellhorn",-6611.356605492806,3623.0209835991373,"Waldo Amtrak Station, Waldo, FL 32694, USA",29.7906451,-82.1666793,transportation,landmarks/Port_Gellhorn/L538_Port_Gellhorn_Train_Station_ingame.jpg,landmarks/Port_Gellhorn/L538_Port_Gellhorn_Train_Station_reallife.jpg
L539,Vice City Pawn,Crosstown,Vice City,"Vice City Pawn, Crosstown, Vice City",-660,1162.5,"Americash Pawn Shop, 2518 NE 2nd Ave, Miami, FL 33137, USA",25.8011579,-80.191279,//green l1,landmarks/Vice_City/L539_Vice_City_Pawn_ingame.jpg,landmarks/Vice_City/L539_Vice_City_Pawn_reallife.jpg
L540,Tequesta Key Bridge,Tequesta Retreat,Vice City,"Tequesta Key Bridge, Tequesta Retreat, Vice City",-459.84740015944817,-1097.3603228314998,"Brickell Key Bridge, Brickell Key Dr, Miami, FL 33131, USA",25.765535,-80.1871668,transportation,landmarks/Vice_City/L540_Tequesta_Key_Bridge_ingame.jpg,landmarks/Vice_City/L540_Tequesta_Key_Bridge_reallife.jpg
L541,?,,Key Lento,"?, Key Lento",-2231.425,-5777.0435,"1670 Lincoln Ct, Miami Beach, FL 33139, USA",25.7911655,-80.1443646,residential reused,landmarks/Key_Lento/L541_unnamed_ingame.jpg,landmarks/Key_Lento/L541_unnamed_reallife.jpg
L542,?,,Key Lento,"?, Key Lento",-2770.5550000000003,-6392.133,"105 Front St, Key West, FL 33040, USA",24.5550792,-81.8070151,residential,landmarks/Key_Lento/L542_unnamed_ingame.jpg,landmarks/Key_Lento/L542_unnamed_reallife.jpg
L543,?,,Vice City International Airport,"?, Vice City International Airport",-3196.681696959702,-995.0226714159726,"Caribbean Airlines Cargo Miami, 1701 63rd Ave, Miami, FL 33126, USA",25.7900823,-80.2995333,transportation,landmarks/Vice_City_International_Airport/L543_unnamed_ingame.jpg,landmarks/Vice_City_International_Airport/L543_unnamed_reallife.jpg
L544,Watson Bay Water Tower,,Watson Bay,"Watson Bay Water Tower, Watson Bay",-4960.480985674199,-3278.6224041633122,"4XQ6+HJ7 Cedar Key, FL 32625, USA",29.1389125,-83.0384531,utilities,landmarks/Watson_Bay/L544_Watson_Bay_Water_Tower_ingame.jpg,landmarks/Watson_Bay/L544_Watson_Bay_Water_Tower_reallife.jpg
L545,?,Ocean Beach,Vice Beach,"?, Ocean Beach, Vice Beach",1662.3835,1111.3155000000002,"541 16th St, Miami Beach, FL 33139, USA",25.7892048,-80.1340476,unconfirmed,landmarks/Vice_Beach/L545_unnamed_ingame.jpg,landmarks/Vice_Beach/L545_unnamed_reallife.jpg
L546,?,,Key Lento,"?, Key Lento",-3063.1000000000004,-6614.786,"82767 Old Hwy, Islamorada, FL 33036, USA",24.9276764,-80.62353039999999,retail,landmarks/Key_Lento/L546_unnamed_ingame.jpg,landmarks/Key_Lento/L546_unnamed_reallife.jpg
L547,?,Ocean Beach,Vice Beach,"?, Ocean Beach, Vice Beach",1928,844.5,"Lily Leon Hotel, 841 Collins Ave, Miami Beach, FL 33139, USA",25.7787776,-80.131889,hotel l1,landmarks/Vice_Beach/L547_unnamed_ingame.jpg,landmarks/Vice_Beach/L547_unnamed_reallife.jpg
L548,?,Ocean Beach,Vice Beach,"?, Ocean Beach, Vice Beach",1930.5,859,"The Attic, 841 Collins Ave, Miami Beach, FL 33139, USA",25.7789059,-80.1317581,l1,landmarks/Vice_Beach/L548_unnamed_ingame.jpg,landmarks/Vice_Beach/L548_unnamed_reallife.jpg
L549,Evergreen Mall Sign,,Waning Sands,"Evergreen Mall Sign, Waning Sands",-552.5755465857235,4070.3179734914556,"Bayfair Center San Leandro, 15555 E 14th St, San Leandro, CA 94578, USA",37.7005866,-122.1255678,landmark,landmarks/Waning_Sands/L549_Evergreen_Mall_Sign_ingame.jpg,landmarks/Waning_Sands/L549_Evergreen_Mall_Sign_reallife.jpg
L550,?,,Dalton Island,"?, Dalton Island",1447.1497487651932,-1005.7261243798523,"Bayview Village, 5391 Fisher Island Dr, Miami, FL 33109, USA",25.763618,-80.148631,residential unconfirmed,,landmarks/Dalton_Island/L550_unnamed_reallife.jpg
L551,?,Crosstown,Vice City,"?, Crosstown, Vice City",-688.8566600254117,778.1524748669473,"C. Clyde Atkins U.S Courthouse, 301 N Miami Ave, Miami, FL 33128, USA",25.7775359,-80.193311,l1 government,landmarks/Vice_City/L551_unnamed_ingame.jpg,landmarks/Vice_City/L551_unnamed_reallife.jpg
L552,?,,Port Gellhorn,"?, Port Gellhorn",-6620.781450999983,2972.986142636333,"Seclusion Bay, 6394 E Hwy 98, Panama City, FL 32404, USA",30.110745,-85.60427299999999,,,
L553,?,Crosstown,Vice City,"?, Crosstown, Vice City",-699.001,1143,"Caraf Oil Gas Station, 2522 NE 2nd Ave, Miami, FL 33137, USA",25.8014294,-80.191277,l1 retail,landmarks/Vice_City/L553_unnamed_ingame.jpg,landmarks/Vice_City/L553_unnamed_reallife.jpg
L554,?,,Port Gellhorn,"?, Port Gellhorn",-6668.318939677077,2655.396833623923,"Centerplate, 11211 Co Rd 225, Gainesville, FL 32609, USA",29.7576295,-82.2736286,l1,landmarks/Port_Gellhorn/L554_unnamed_ingame.jpg,landmarks/Port_Gellhorn/L554_unnamed_reallife.jpg
L555,?,,Ambrosia,"?, Ambrosia",-2576.2883053749447,4781.955430034748,"Clewiston Lake Okeechobee Waterway Lock, Clewiston, FL 33440, USA",26.7599944,-80.9183565,transportation,landmarks/Ambrosia/L555_unnamed_ingame.jpg,landmarks/Ambrosia/L555_unnamed_reallife.jpg
L556,?,Downtown,Vice City,"?, Downtown, Vice City",-673.5264999999999,490.2919999999999,"Club Space, 34 NE 11th St, Miami, FL 33132, USA",25.7846546,-80.1931826,leisure,landmarks/Vice_City/L556_unnamed_ingame.jpg,landmarks/Vice_City/L556_unnamed_reallife.jpg
L557,?,Peacock Bay,Vice City,"?, Peacock Bay, Vice City",-1120.7008569814066,-2235.0878480858682,"Dinner Key Marina, 3400 Pan American Dr, Miami, FL 33133, USA",25.7270057,-80.235402,l4,landmarks/Vice_City/L557_unnamed_ingame.jpg,landmarks/Vice_City/L557_unnamed_reallife.jpg
L558,?,Ocean Beach,Vice Beach,"?, Thompson Ave, Ocean Beach, Vice Beach",1639.155,891.3725,"1424 Drexel Ave, Miami Beach, FL 33139, USA",25.786128,-80.13358699999999,//todo,,landmarks/Vice_Beach/L558_unnamed_reallife.jpg
L559,?,,Port Gellhorn,"?, Port Gellhorn",-6451,3095,"3210 E Hwy 98, Panama City, FL 32401, USA",30.1542,-85.618657,l1 demolished,,landmarks/Port_Gellhorn/L559_unnamed_reallife.jpg
L560,?,,Port Gellhorn,"?, Port Gellhorn",-6428,3336.5,"3401 E Hwy 98, Panama City, FL 32401, USA",30.1526581,-85.61626389999999,l1 demolished,,landmarks/Port_Gellhorn/L560_unnamed_reallife.jpg
L561,?,,Port Gellhorn,"?, Port Gellhorn",-6567.5,3049,"6218 E Hwy 98, Panama City, FL 32404, USA",30.1133036,-85.6008762,l1 demolished,landmarks/Port_Gellhorn/L561_unnamed_ingame.jpg,landmarks/Port_Gellhorn/L561_unnamed_reallife.jpg
L562,?,,Port Gellhorn,"?, Port Gellhorn",-6327.275752481433,3252.4111204507053,"6246 E Hwy 98, Panama City, FL 32404, USA",30.1120145,-85.602053,l1 unconfirmed,,landmarks/Port_Gellhorn/L562_unnamed_reallife.jpg
L563,?,,Starfish Island,"?, Starfish Island",955.8391771514492,471.0322225756206,"35 E Star Island Dr, Miami Beach, FL 33139, USA",25.7769502,-80.14964379999999,residential unconfirmed,landmarks/Starfish_Island/L563_unnamed_ingame.jpg,landmarks/Starfish_Island/L563_unnamed_reallife.jpg
L564,Bridge,,Rialto Islands,"Bridge, Rialto Islands",1225.782485514327,1439.5866761528146,"East Venetian Causeway Bridge, Venetian Way, Miami Beach, FL 33139, USA",25.7912521,-80.1521667,transportation,landmarks/Rialto_Islands/L564_Bridge_ingame.jpg,landmarks/Rialto_Islands/L564_Bridge_reallife.jpg
L565,X Hotel,,Vice City,"X Hotel, Vice City",-1753.8292447196577,-506.52697098338183,"EB Hotel Miami, 4299 NW 36th St, Miami, FL 33166, USA",25.8087899,-80.2661565,l1 hotel,landmarks/Vice_City/L565_X_Hotel_ingame.jpg,landmarks/Vice_City/L565_X_Hotel_reallife.jpg
L566,?,Ocean Beach,Vice Beach,"?, Harborside Ave, Ocean Beach, Vice Beach",1266.990596323542,1018.7908256684855,"Flamingo Fitness Center, 1510 Bay Rd, Miami Beach, FL 33139, USA",25.787874,-80.1444191,,landmarks/Vice_Beach/L566_unnamed_ingame.jpg,landmarks/Vice_Beach/L566_unnamed_reallife.jpg
L567,?,Downtown,Vice City,"?, Downtown, Vice City",-427.3285588722106,441.9769088587783,"Freedom Tower, 600 Biscayne Blvd, Miami, FL 33132, USA",25.7803293,-80.1894303,landmark unconfirmed,,landmarks/Vice_City/L567_unnamed_reallife.jpg
L568,?,,Vice Beach,"?, Vice Beach",997.5737305149041,1985.2097896137834,"Greenspan Pavilion, 4300 Alton Rd, Miami Beach, FL 33140, USA",25.8137019,-80.1394296,public unconfirmed,,
L569,Clarissa Hotel,Downtown,Vice City,"Clarissa Hotel, Downtown, Vice City",-297.3170000000001,-490.6645000000001,"InterContinental Miami, 100 Chopin Plaza, Miami, FL 33131, USA",25.7721907,-80.18590309999999,hotel,landmarks/Vice_City/L569_Clarissa_Hotel_ingame.jpg,landmarks/Vice_City/L569_Clarissa_Hotel_reallife.jpg
L570,?,,Vice Beach,"?, Vice Beach",1252.2256975187488,2076.6644885592495,"Lila and Harold Menowitz Comprehensive Breast Center, 4306 Alton Rd, Miami Beach, FL 33140, USA",25.8122022,-80.1408467,public unconfirmed,landmarks/Vice_Beach/L570_unnamed_ingame.jpg,landmarks/Vice_Beach/L570_unnamed_reallife.jpg
L571,?,,Vice Beach,"?, Vice Beach",1120.139050811661,2005.4467113632554,"Lila G. Heatter Bridge, Sullivan Dr, Miami, FL 33140, USA",25.8145442,-80.1408396,public unconfirmed,,
L572,?,Ocean Beach,Vice Beach,"?, Ocean Beach, Vice Beach",1512.1839156138312,1329.644992502811,"1045 Lincoln Rd, Miami Beach, FL 33139, USA",25.7907703,-80.1398071,l1,landmarks/Vice_Beach/L572_unnamed_ingame.jpg,landmarks/Vice_Beach/L572_unnamed_reallife.jpg
L573,?,Ocean Beach,Vice Beach,"?, Ocean Beach, Vice Beach",1353.0365,1320.4370000000001,"1441 Lincoln Rd, Miami Beach, FL 33139, USA",25.790702,-80.14446509999999,residential,,landmarks/Vice_Beach/L573_unnamed_reallife.jpg
L574,?,Ocean Beach,Vice Beach,"?, Ocean Beach, Vice Beach",1311.885,1207.3305,"1491 Lincoln Terrace, Miami Beach, FL 33139, USA",25.789806,-80.144627,,,landmarks/Vice_Beach/L574_unnamed_reallife.jpg
L575,?,,Vice-Dale County,"?, Vice-Dale County",-38.85626316663047,522.831842890527,"MacArthur Causeway ICW Bridge, MacArthur Cswy, Miami, FL 33132, USA",25.7871763,-80.182429,transportation,landmarks/Vice-Dale_County/L575_unnamed_ingame.jpg,landmarks/Vice-Dale_County/L575_unnamed_reallife.jpg
L576,?,,Vice City,"?, Vice City",1255.9185816639397,107.68761501780506,"MacArthur Causeway Bridge, MacArthur Cswy, Miami, FL 33132, USA",25.7735498,-80.1443534,transportation,landmarks/Vice_City/L576_unnamed_ingame.jpg,landmarks/Vice_City/L576_unnamed_reallife.jpg
L577,?,Rockridge,Vice City,"?, Rockridge, Vice City",-1504.7006315318952,890.8223305987458,"Miami-Dade State Attorney's Office, 1350 NW 12th Ave, Miami, FL 33136, USA",25.7867067,-80.2155753,l1 government,landmarks/Vice_City/L577_unnamed_ingame.jpg,landmarks/Vice_City/L577_unnamed_reallife.jpg
L578,?,,Rialto Islands,"?, Rialto Islands",362,1247.5,"1142 N Venetian Dr, Miami Beach, FL 33139, USA",25.7906938,-80.17192159999999,residential,landmarks/Rialto_Islands/L578_unnamed_ingame.jpg,landmarks/Rialto_Islands/L578_unnamed_reallife.jpg
L579,?,,Vice City,"?, Vice City",13.041539154236034,2070.436241914884,"3704 NE 2nd Ave, Miami, FL 33137, USA",25.8116748,-80.1915697,unconfirmed,landmarks/Vice_City/L579_unnamed_ingame.jpg,landmarks/Vice_City/L579_unnamed_reallife.jpg
L580,?,,Vice City,"?, Vice City",-107.79513512654512,2070.632674078854,"3841 NE 2nd Ave, Miami, FL 33137, USA",25.8130666,-80.1939141,l4 unconfirmed,landmarks/Vice_City/L580_unnamed_ingame.jpg,
L581,?,Crosstown,Vice City,"?, Crosstown, Vice City",-683.1511323799936,1253.5821978319937,"NW 3rd Ave & NW 11th St, Miami, FL 33136, USA",25.7845687,-80.19976969999999,,landmarks/Vice_City/L581_unnamed_ingame.jpg,landmarks/Vice_City/L581_unnamed_reallife.jpg
L582,Parking Garage,Downtown,Vice City,"Parking Garage, Downtown, Vice City",-713.4760545106923,109.54253604166485,"Miami Parking Authority - Courthouse Garage, 40 NW 3rd St, Miami, FL 33128, USA",25.7769082,-80.1943496,l1,landmarks/Vice_City/L582_Parking_Garage_ingame.jpg,landmarks/Vice_City/L582_Parking_Garage_reallife.jpg
L583,?,,Vice Beach,"?, Vice Beach",1578.5580281765137,2974.4368318419556,"Bal Harbour Jetty, VVXH+MQ, Bal Harbour, FL 33154, USA",25.8993213,-80.1205358,,landmarks/Vice_Beach/L583_unnamed_ingame.jpg,landmarks/Vice_Beach/L583_unnamed_reallife.jpg
L584,?,La Perle,Vice City,"?, La Perle, Vice City",-880.4262202660557,1547.7347404059176,"801 NW 7th Street Rd, Miami, FL 33136, USA",25.7814671,-80.2079261,residential unconfirmed,landmarks/Vice_City/L584_unnamed_ingame.jpg,
L585,?,Rockridge,Vice City,"?, Rockridge, Vice City",-1405.5980000000002,801.927,"295 NW 14th Ave, Miami, FL 33125, USA",25.7760775,-80.2178855,l1 residential,landmarks/Vice_City/L585_unnamed_ingame.jpg,landmarks/Vice_City/L585_unnamed_reallife.jpg
L586,?,Rockridge,Vice City,"?, Rockridge, Vice City",-1442.4930000000002,791.3420000000001,"611 NW 14th Ave, Miami, FL 33125, USA",25.7794588,-80.218014,residential reused,landmarks/Vice_City/L586_unnamed_ingame.jpg,landmarks/Vice_City/L586_unnamed_reallife.jpg
L587,?,La Perle,Vice City,"?, La Perle, Vice City",-1008.0350249381057,1457.6121283118105,"1 NW 62nd St, Miami, FL 33150, USA",25.8328874,-80.1964054,retail,landmarks/Vice_City/L587_unnamed_ingame.jpg,landmarks/Vice_City/L587_unnamed_reallife.jpg
L588,?,La Perle,Vice City,"?, La Perle, Vice City",-735,1493,"551 NW 71st St, Miami, FL 33150, USA",25.8400149,-80.20557869999999,l1,landmarks/Vice_City/L588_unnamed_ingame.jpg,landmarks/Vice_City/L588_unnamed_reallife.jpg
L589,?,,Mariana County,"?, Mariana County",-5741.206,-7128.895,"Old Bahia Honda Bridge, West, Summerland Key, FL 33043, USA",24.6547868,-81.2816707,transportation,landmarks/Mariana_County/L589_unnamed_ingame.jpg,landmarks/Mariana_County/L589_unnamed_reallife.jpg
L590,Ambrosia Raceway Park,,Ambrosia,"Ambrosia Raceway Park, Ambrosia",-2962.783346832151,4721.888145825761,"Hendry County Motorsports Park, 9985 US-27, Clewiston, FL 33440, USA",26.7680377,-81.0901947,leisure unconfirmed,landmarks/Ambrosia/L590_Ambrosia_Raceway_Park_ingame.jpg,landmarks/Ambrosia/L590_Ambrosia_Raceway_Park_reallife.jpg
L591,Ambrosia Station,,Ambrosia,"Ambrosia Station, Ambrosia",-2285.572776125172,3715.7369217015585,"Orlando Station, 1400 Sligh Blvd, Orlando, FL 32806, USA",28.5259777,-81.3816666,transportation unconfirmed,landmarks/Ambrosia/L591_Ambrosia_Station_ingame.jpg,landmarks/Ambrosia/L591_Ambrosia_Station_reallife.jpg
L592,?,,Key Lento,"?, Key Lento",-3206.803,-6577.3425,"82758 Overseas Hwy, Islamorada, FL 33036, USA",24.9276852,-80.6246692,,landmarks/Key_Lento/L592_unnamed_ingame.jpg,landmarks/Key_Lento/L592_unnamed_reallife.jpg
L593,?,,Vice Beach,"?, Vice Beach",1109.7780921510011,1816.3568457709391,"Pelican Harbor Radio Tower, 1277 NE 79th St, Miami, FL 33138, USA",25.849473,-80.1667227,utilities,landmarks/Vice_Beach/L593_unnamed_ingame.jpg,landmarks/Vice_Beach/L593_unnamed_reallife.jpg
L594,?,,Ambrosia,"?, Ambrosia",-2444.910983189574,4198.580404492531,"Pump Station S-3, 47135 US-27, Clewiston, FL 33440, USA",26.6986122,-80.8070072,utilities,landmarks/Ambrosia/L594_unnamed_ingame.jpg,landmarks/Ambrosia/L594_unnamed_reallife.jpg
L595,?,,Leonida,"?, Leonida",,,"Ready Mix USA Panama City Concrete Plant, 1810 Martin Luther King Jr Blvd, Panama City, FL 32405, USA",30.1807792,-85.64896619999999,l3 unconfirmed,,
L596,Repair & Salvage,,Port Gellhorn,"Repair & Salvage, Port Gellhorn",-6708.3371813428585,3718.415251803757,,,,,landmarks/Port_Gellhorn/L596_Repair_Salvage_ingame.jpg,
L597,Train Bridge,,Port Gellhorn,"Train Bridge, Port Gellhorn",-7126.737999999999,4356.171,"FEC Strauss Trunnion Bascule Bridge, Jacksonville, FL 32202, USA",30.3210092,-81.6643093,transportation unconfirmed,landmarks/Port_Gellhorn/L597_Train_Bridge_ingame.jpg,landmarks/Port_Gellhorn/L597_Train_Bridge_reallife.jpg
L598,?,,Vice Beach,"?, Vice Beach",1447.307080437238,1561.8922955428643,"Maurice Gibb Memorial Park, 18th St & Purdy Avenue, Miami Beach, FL 33139, USA",25.79262,-80.14474729999999,,,landmarks/Vice_Beach/L598_unnamed_reallife.jpg
L599,?,Rockridge,Vice City,"?, Rockridge, Vice City",-1309.302132353895,1054.9971999730672,"1393 SW 1st St, Miami, FL 33135, USA",25.772595,-80.2177964,l1,landmarks/Vice_City/L599_unnamed_ingame.jpg,landmarks/Vice_City/L599_unnamed_reallife.jpg
L600,?,Rockridge,Vice City,"?, Rockridge, Vice City",-1256.826,1050.288,"150 SW 13th Ave, Miami, FL 33135, USA",25.7721154,-80.21669729999999,l1 unconfirmed,landmarks/Vice_City/L600_unnamed_ingame.jpg,landmarks/Vice_City/L600_unnamed_reallife.jpg
L601,?,,Hamlet,"?, Hamlet",-2621.2788713867603,-3652.5410760975033,"107 SW 7th St, Homestead, FL 33030, USA",25.4632036,-80.47953640000001,l1 unconfirmed,landmarks/Hamlet/L601_unnamed_ingame.jpg,landmarks/Hamlet/L601_unnamed_reallife.jpg
L602,Vice Pass,,Rialto Islands,"Vice Pass, Rialto Islands",114.4003599313701,1133.5277643590107,"Venetian Toll Plaza, 877-853 Venetian Causeway, Miami Beach, FL 33139, USA",25.7900104,-80.17822939999999,transportation,landmarks/Rialto_Islands/L602_Vice_Pass_ingame.jpg,landmarks/Rialto_Islands/L602_Vice_Pass_reallife.jpg
L603,?,Ocean Beach,Vice Beach,"?, Ocean Beach, Vice Beach",1784.3716540685118,178.4192717445453,"Blackstone Apartments, 800 Washington Ave, Miami Beach, FL 33139, USA",25.7786204,-80.1337508,,landmarks/Vice_Beach/L603_unnamed_ingame.jpg,landmarks/Vice_Beach/L603_unnamed_reallife.jpg
L604,?,Ocean Beach,Vice Beach,"?, Thompson Ave, Ocean Beach, Vice Beach",1724.5,1003,"1450 Washington Ave, Miami Beach, FL 33139, USA",25.7871542,-80.13196099999999,unconfirmed,,
L605,?,Ocean Beach,Vice Beach,"?, Thompson Ave, Ocean Beach, Vice Beach",1725.5,1020.5,"1468 Washington Ave, Miami Beach, FL 33139, USA",25.7874401,-80.13196049999999,unconfirmed,,
L606,?,,Key Lento,"?, Key Lento",-3310.7780000000002,-6597.2555,"Lorelei Restaurant & Cabana Bar, 96 Madeira Rd, Islamorada, FL 33036, USA",24.921644,-80.6331958,,landmarks/Key_Lento/L606_unnamed_ingame.jpg,landmarks/Key_Lento/L606_unnamed_reallife.jpg
L607,?,,Key Lento,"?, Key Lento",-3113.96,-6639.8845,"Ace Hardware, 82703 Overseas Hwy, Islamorada, FL 33036, USA",24.9268372,-80.6250173,demolished retail,landmarks/Key_Lento/L607_unnamed_ingame.jpg,landmarks/Key_Lento/L607_unnamed_reallife.jpg
L608,Xero Gas Station,Rockridge,Vice City,"Xero Gas Station, Rockridge, Vice City",-1285.286,989.2625,"Valero Gas Station, 1705 NW 7th St, Miami, FL 33125, USA",25.7802226,-80.222955,l1 retail unconfirmed,landmarks/Vice_City/L608_Xero_Gas_Station_ingame.jpg,landmarks/Vice_City/L608_Xero_Gas_Station_reallife.jpg
L609,?,,Mariana County,"?, Mariana County",-3707.807098061635,-2719.5720896216253,"Shark Valley Observation Tower, 36000 Shark Valley Loop Road, Miami, FL 33194, USA",25.7589209,-80.7664174,//may-not-exist landmark,landmarks/Mariana_County/L609_unnamed_ingame.jpg,landmarks/Mariana_County/L609_unnamed_reallife.jpg
L610,?,Crosstown,Vice City,"?, Crosstown, Vice City",-432.66100000000006,1447.4679999999998,,,,l4,landmarks/Vice_City/L610_unnamed_ingame.jpg,
L611,?,Ocean Beach,Vice Beach,"?, Ocean Beach, Vice Beach",1899.5,649,"Essex House, 1001 Collins Ave, Miami Beach, FL 33139, USA",25.7807657,-80.13147579999999,,,landmarks/Vice_Beach/L611_unnamed_reallife.jpg
L612,?,Ocean Beach,Vice Beach,"?, Ocean Beach, Vice Beach",1875.8335,413.2609999999999,"Pelican Garage Parking, 1041 Collins Ave, Miami Beach, FL 33139, USA",25.7811022,-80.13148609999999,,landmarks/Vice_Beach/L612_unnamed_ingame.jpg,landmarks/Vice_Beach/L612_unnamed_reallife.jpg
L613,Metro Station,Crosstown,Vice City,"Metro Station, Crosstown, Vice City",-699.2139999999998,991.5224999999999,"School Board Station, Miami, FL 33132, USA",25.7890446,-80.1927063,transportation,landmarks/Vice_City/L613_Metro_Station_ingame.jpg,landmarks/Vice_City/L613_Metro_Station_reallife.jpg
L614,?,Downtown,Vice City,"?, Downtown, Vice City",-423.2947896176677,-565.1881481309778,"411 Biscayne Blvd, Miami, FL 33132, USA",25.7717003,-80.1868296,,landmarks/Vice_City/L614_unnamed_ingame.jpg,landmarks/Vice_City/L614_unnamed_reallife.jpg
L615,Crossroad Park Minimall,,Port Gellhorn,"Crossroad Park Minimall, Port Gellhorn",-6334.495999999999,3929.5080000000003,"Callaway Village Square, 229 N Tyndall Pkwy, Panama City, FL 32404, USA",30.1503697,-85.59156139999999,demolished retail,landmarks/Port_Gellhorn/L615_Crossroad_Park_Minimall_ingame.jpg,landmarks/Port_Gellhorn/L615_Crossroad_Park_Minimall_reallife.jpg
L616,?,,Watson Bay,"?, Watson Bay",-5104.9710000000005,-3305.8755,"373 1st St, Cedar Key, FL 32625, USA",29.1366237,-83.0307682,,landmarks/Watson_Bay/L616_unnamed_ingame.jpg,landmarks/Watson_Bay/L616_unnamed_reallife.jpg
L617,?,,Watson Bay,"?, Watson Bay",-5070.1925,-3343.7425,"Marina Hardware, 409 1st St, Cedar Key, FL 32625, USA",29.136466,-83.03121399999999,,landmarks/Watson_Bay/L617_unnamed_ingame.jpg,landmarks/Watson_Bay/L617_unnamed_reallife.jpg
L618,?,,Watson Bay,"?, Watson Bay",-5104.726,-3272.574,"342 2nd St, Cedar Key, FL 32625, USA",29.136958,-83.03068329999999,,landmarks/Watson_Bay/L618_unnamed_ingame.jpg,landmarks/Watson_Bay/L618_unnamed_reallife.jpg
L619,Marina,,Watson Bay,"Marina, Watson Bay",-5152.119500000001,-3397.062,"4XP9+8WH Cedar Key, Florida, USA",29.1358125,-83.0301406,demolished transportation,landmarks/Watson_Bay/L619_Marina_ingame.jpg,landmarks/Watson_Bay/L619_Marina_reallife.jpg
L620,?,,Watson Bay,"?, Watson Bay",-4978.517865448705,-3324.4316098757017,"481 2nd St, Cedar Key, FL 32625, USA",29.1369727,-83.0317531,,landmarks/Watson_Bay/L620_unnamed_ingame.jpg,
L621,?,,Watson Bay,"?, Watson Bay",-5005.961,-3292.8894999999998,"Cedar Keys Emporium, 409 2nd St, Cedar Key, FL 32625, USA",29.1370131,-83.03145549999999,,landmarks/Watson_Bay/L621_unnamed_ingame.jpg,landmarks/Watson_Bay/L621_unnamed_reallife.jpg
L622,?,,Watson Bay,"?, Watson Bay",-4852.905,-3430.696,"Tony's Restaurant, 597 2nd St, Cedar Key, FL 32625, USA",29.1363034,-83.0332846,,landmarks/Watson_Bay/L622_unnamed_ingame.jpg,landmarks/Watson_Bay/L622_unnamed_reallife.jpg
L623,?,,Watson Bay,"?, Watson Bay",-4893.73732507752,-3354.9074417839765,"510 3rd St, Cedar Key, FL 32625, USA",29.1369337,-83.03271319999999,,landmarks/Watson_Bay/L623_unnamed_ingame.jpg,landmarks/Watson_Bay/L623_unnamed_reallife.jpg
L624,?,,Watson Bay,"?, Watson Bay",-4927.460153270158,-3384.1704259863495,"Seacoast Bank, 7060 C St, Cedar Key, FL 32625, USA",29.136673,-83.0325019,,landmarks/Watson_Bay/L624_unnamed_ingame.jpg,landmarks/Watson_Bay/L624_unnamed_reallife.jpg
L625,Grassrivers Visitor Center,,Mariana County,"Grassrivers Visitor Center, Mariana County",-2665.099562353465,-4761.171979994064,"Guy Bradley Visitor Center, 1 Flamingo Lodge Hwy, Homestead, FL 33034, USA",25.1412778,-80.9239011,,landmarks/Mariana_County/L625_Grassrivers_Visitor_Center_ingame.jpg,landmarks/Mariana_County/L625_Grassrivers_Visitor_Center_reallife.jpg
L626,?,,Hamlet,"?, Hamlet",-2574.8784820034953,-3826.5847781958873,"Ernest F. Coe Visitor Center, 40001 State Hwy 9336, Homestead, FL 33034, USA",25.3953222,-80.5830361,unconfirmed,,
L627,?,Ocean Beach,Vice Beach,"?, Ocean Beach, Vice Beach",1369.1900443471939,355.72759685938746,"600 Alton Rd, Miami Beach, FL 33139, USA",25.775947,-80.141126,unconfirmed,,landmarks/Vice_Beach/L627_unnamed_reallife.jpg
L628,?,,Vice-Dale County,"?, Vice-Dale County",240.95033354159432,477.9931449526487,"Jungle Island, 1111 Parrot Jungle Trail, Miami, FL 33132, USA",25.786207,-80.175026,,landmarks/Vice-Dale_County/L628_unnamed_ingame.jpg,
L629,Delights,,Port Gellhorn,"Delights, Port Gellhorn",-6360.160353443459,3590.852051282613,"Bambi's Dollhouse, 2915 US-98 BUS, Panama City, FL 32401, USA",30.156578,-85.622012,#stripclub enterable leisure unconfirmed,landmarks/Port_Gellhorn/L629_Delights_ingame.jpg,landmarks/Port_Gellhorn/L629_Delights_reallife.jpg
L630,Tequesta Key Park,Tequesta Retreat,Vice City,"Tequesta Key Park, Tequesta Retreat, Vice City",-375.7966645962337,-1328.0429205001628,"Brickell Key Park, Brickell Key Dr, Miami, FL 33131, USA",25.7647587,-80.1844514,public,,
L631,Spaceship House,,Leonida,"Spaceship House, Leonida",,,"1304 Panferio Dr, Pensacola Beach, FL 32561, USA",30.3406399,-87.10307660000001,events unconfirmed,,landmarks/Leonida/L631_Spaceship_House_reallife.jpg
L632,?,,Port Vice City,"?, Port Vice City",288.91124383010145,-359.7337855574143,"Terminal V, 718 N Cruise Blvd, Miami, FL 33132, USA",25.7800848,-80.179946,,,landmarks/Port_Vice_City/L632_unnamed_reallife.jpg
L633,?,,Port Vice City,"?, Port Vice City",156.560653381853,-362.88253205403794,"Terminal V Storage, 718 N Cruise Blvd, Miami, FL 33132, USA",25.7800848,-80.179946,industrial,landmarks/Port_Vice_City/L633_unnamed_ingame.jpg,landmarks/Port_Vice_City/L633_unnamed_reallife.jpg
L634,Vice River,,Vice City,"Vice River, Vice City",-1265.6060445646854,-224.02602462124742,"Miami River, Miami, FL, USA",25.77750734424394,-80.21121286895118,natural,,landmarks/Vice_City/L634_Vice_River_reallife.jpg
L635,Transformer Station,,Port Gellhorn,"Transformer Station, Port Gellhorn",-6470.416937493358,3510.0100397865663,"Hiland Park Substation, 2500 10 Acre Rd, Panama City, FL 32405, USA",30.1945651,-85.6310958,utilities,,
L636,?,,Vice Beach,"?, Vice Beach",1526.647,2109.392,,,,,landmarks/Vice_Beach/L636_unnamed_ingame.jpg,landmarks/Vice_Beach/L636_unnamed_reallife.jpg
L637,?,,Vice Beach,"?, Vice Beach",1521.8216118445748,1918.0082599536852,,,,,,landmarks/Vice_Beach/L637_unnamed_reallife.jpg
L638,?,,Leonida,"?, Leonida",,,"Dinosaur World, 5145 Harvey Tew Rd, Plant City, FL 33565, USA",28.0280528,-82.1922056,events,,
L639,?,Ocean Beach,Vice Beach,"?, Ocean Beach, Vice Beach",1687,1466,"Soundscape Park, 400 17th St, Miami Beach, FL 33139, USA",25.7916884,-80.13274659999999,,,landmarks/Vice_Beach/L639_unnamed_reallife.jpg
L640,?,,Rialto Islands,"?, Rialto Islands",626.5347027304759,1250.4975692168234,"425 E Dilido Dr, Miami Beach, FL 33139, USA",25.7907947,-80.1582524,residential,landmarks/Rialto_Islands/L640_unnamed_ingame.jpg,landmarks/Rialto_Islands/L640_unnamed_reallife.jpg
L641,?,,Rialto Islands,"?, Rialto Islands",632.6815819793306,1229.2582028303232,"421 E Dilido Dr, Miami Beach, FL 33139, USA",25.7906272,-80.1581434,residential unconfirmed,landmarks/Rialto_Islands/L641_unnamed_ingame.jpg,landmarks/Rialto_Islands/L641_unnamed_reallife.jpg
L642,?,,Vice Beach,"?, Vice Beach",1814.4038762943042,1657.8563233220839,"Pedestrian Bridge, Miami Beach, FL 33140, USA",25.8176795,-80.13727569999999,transportation,landmarks/Vice_Beach/L642_unnamed_ingame.jpg,landmarks/Vice_Beach/L642_unnamed_reallife.jpg
L643,?,,Leonida,"?, Leonida",,,"Gator Golf Adventure Park, 6586 International Dr, Orlando, FL 32819, USA",28.4577,-81.4704,//duplicate-of-643,landmarks/Leonida/L643_unnamed_ingame.jpg,
L644,The Amalfi,Ocean Beach,Vice Beach,"The Amalfi, Ocean Beach, Vice Beach",2030.1071625755537,1010.2657469420135,"Byblos Mediterranean Restaurant Miami, 1545 Collins Ave, Miami Beach, FL 33139, USA",25.7882849,-80.1300558,restaurant,landmarks/Vice_Beach/L644_The_Amalfi_ingame.jpg,landmarks/Vice_Beach/L644_The_Amalfi_reallife.jpg
L645,?,,Mariana County,"?, Mariana County",-4094.8268883083006,-7350.377483599911,"Bahia Honda State Park, FL 33043, USA",24.6690212,-81.2590507,,landmarks/Mariana_County/L645_unnamed_ingame.jpg,landmarks/Mariana_County/L645_unnamed_reallife.jpg
L646,?,,Mariana County,"?, Mariana County",-133.7384612153969,-3392.803269045885,"Stiltsville, Crandon Blvd, Key Biscayne, FL 33149, USA",25.6545537,-80.17447349999999,,landmarks/Mariana_County/L646_unnamed_ingame.jpg,
L647,?,,Mariana County,"?, Mariana County",-2.9132290533016203,-3316.0369997349217,"Stiltsville, Crandon Blvd, Key Biscayne, FL 33149, USA",25.6545537,-80.17447349999999,,landmarks/Mariana_County/L647_unnamed_ingame.jpg,
L648,?,,Mariana County,"?, Mariana County",-378.4427351306673,-3281.9292125807597,"Stiltsville, Crandon Blvd, Key Biscayne, FL 33149, USA",25.6545537,-80.17447349999999,,landmarks/Mariana_County/L648_unnamed_ingame.jpg,
L649,?,,Mariana County,"?, Mariana County",-214.23353462154842,-3129.5191951772995,"Stiltsville, Crandon Blvd, Key Biscayne, FL 33149, USA",25.6545537,-80.17447349999999,,landmarks/Mariana_County/L649_unnamed_ingame.jpg,
L650,?,,Mariana County,"?, Mariana County",85.1600869598933,-3068.4357308677413,"Stiltsville, Crandon Blvd, Key Biscayne, FL 33149, USA",25.6545537,-80.17447349999999,,landmarks/Mariana_County/L650_unnamed_ingame.jpg,
L651,Bridge,,Mariana County,"Bridge, Mariana County",-881.1040217239915,-3823.8824469275946,,,,transportation,landmarks/Mariana_County/L651_Bridge_ingame.jpg,
L652,Bridge,,Vice City,"Bridge, Vice City",-675.0843384551663,-1691.066010603984,"South Miami Avenue Bridge, 400 N Miami Ave, Miami, FL 33128, USA",25.7697081,-80.1935488,transportation,landmarks/Vice_City/L652_Bridge_ingame.jpg,landmarks/Vice_City/L652_Bridge_reallife.jpg
L653,Bridge,,Vice-Dale County,"Bridge, Vice-Dale County",177.7104945001231,-2046.7738778614596,"Bear Cut Bridge, Key Biscayne, FL 33149, USA",25.7303179,-80.15878289999999,transportation unconfirmed,,
L654,Bridge,,Vice-Dale County,"Bridge, Vice-Dale County",828.4530000000003,-978.091,,,,transportation,landmarks/Vice-Dale_County/L654_Bridge_ingame.jpg,
L655,Train Bridge,,Kelly County,"Train Bridge, Kelly County",-5079.601101478362,5110.791222491902,,,,transportation,landmarks/Kelly_County/L655_Train_Bridge_ingame.jpg,
L656,?,,Vice City,"?, Vice City",-606.7700982248853,1771.3900773238884,"CEMEX Mid-Town Miami Concrete Plant, 1610 NW 21st Terrace, Miami, FL 33142, USA",25.7961328,-80.22182769999999,,landmarks/Vice_City/L656_unnamed_ingame.jpg,landmarks/Vice_City/L656_unnamed_reallife.jpg
L657,Water Tower,,Ambrosia,"Water Tower, Ambrosia",-2984.5325000000003,4147.509,,,,utilities,landmarks/Ambrosia/L657_Water_Tower_ingame.jpg,
L658,?,,Vice Beach,"?, Vice Beach",1740.132,1642.3719999999998,"2395 Flamingo Dr, Miami Beach, FL 33140, USA",25.8003868,-80.1282623,,landmarks/Vice_Beach/L658_unnamed_ingame.jpg,landmarks/Vice_Beach/L658_unnamed_reallife.jpg
L659,?,,Rialto Islands,"?, Rialto Islands",538.963063414428,1470.5459468308836,"815 E Dilido Dr, Miami Beach, FL 33139, USA",25.7947618,-80.158405,residential,landmarks/Rialto_Islands/L659_unnamed_ingame.jpg,landmarks/Rialto_Islands/L659_unnamed_reallife.jpg
L660,?,,Rialto Islands,"?, Rialto Islands",568.7697355617845,1428.9882913510564,,,,residential,landmarks/Rialto_Islands/L660_unnamed_ingame.jpg,
L661,?,,Rialto Islands,"?, Rialto Islands",582.5604391152657,1396.4528941351011,"31 W Rivo Alto Dr, Miami Beach, FL 33139, USA",25.7886014,-80.1551522,residential unconfirmed,landmarks/Rialto_Islands/L661_unnamed_ingame.jpg,landmarks/Rialto_Islands/L661_unnamed_reallife.jpg
L662,?,,Rialto Islands,"?, Rialto Islands",589.7623216816506,1364.06316091607,,,,residential,landmarks/Rialto_Islands/L662_unnamed_ingame.jpg,
L663,?,,Port Gellhorn,"?, Port Gellhorn",-6541.5,3331,"1517 E 11th St, Panama City, FL 32401, USA",30.1681852,-85.6385794,unconfirmed,landmarks/Port_Gellhorn/L663_unnamed_ingame.jpg,landmarks/Port_Gellhorn/L663_unnamed_reallife.jpg
L664,?,,Port Gellhorn,"?, Port Gellhorn",-6554.5,3367,,,,,,
L665,?,,Port Gellhorn,"?, Port Gellhorn",-6448.002,2832,,,,residential,,
L666,?,,Port Gellhorn,"?, Port Gellhorn",-6487.5,2850.5,,,,residential,,
L667,?,,Port Gellhorn,"?, Port Gellhorn",-6504,2885,,,,residential,,
L668,?,,Port Gellhorn,"?, Port Gellhorn",-6507,2916.5,,,,residential,,
L669,?,,Port Gellhorn,"?, Port Gellhorn",-6508.502,2984,,,,residential,,
L670,?,,Key Lento,"?, Key Lento",-3244.141,-6556.6285,"Islamorada Fishing Club, 104 Madeira Rd, Islamorada, FL 33036, USA",24.9221666,-80.6326797,,landmarks/Key_Lento/L670_unnamed_ingame.jpg,landmarks/Key_Lento/L670_unnamed_reallife.jpg
L671,Shoreline Market,,Vice City,"Shoreline Market, Vice City",-299.91790452992336,153.50983689734085,"Bayside Marketplace, 401 Biscayne Blvd, Miami, FL 33132, USA",25.7784025,-80.18679379999999,,landmarks/Vice_City/L671_Shoreline_Market_ingame.jpg,landmarks/Vice_City/L671_Shoreline_Market_reallife.jpg
L672,Train Bridge,,Capri,"Train Bridge, Capri",-6837.814095063794,769.4198423385942,,,,,,landmarks/Capri/L672_Train_Bridge_reallife.jpg
L673,?,,Vice Beach,"?, Vice Beach",,,"Ashley Condominiums, 5640 Collins Ave, Miami Beach, FL 33140, USA",25.8369908,-80.1213631,residential unconfirmed,,landmarks/Vice_Beach/L673_unnamed_reallife.jpg
L674,?,,Vice Beach,"?, Vice Beach",1599.8516579709794,1607.625196658752,"Meridian Condominiums, 2001 Meridian Ave, Miami Beach, FL 33139, USA",25.7967753,-80.13579299999999,residential,landmarks/Vice_Beach/L674_unnamed_ingame.jpg,landmarks/Vice_Beach/L674_unnamed_reallife.jpg
L675,?,Ocean Beach,Vice Beach,"?, Ocean Beach, Vice Beach",1611,1285.5,"Colony Theatre, 1040 Lincoln Rd, Miami Beach, FL 33139, USA",25.7902904,-80.1397885,leisure,landmarks/Vice_Beach/L675_unnamed_ingame.jpg,landmarks/Vice_Beach/L675_unnamed_reallife.jpg
L676,?,Ocean Beach,Vice Beach,"?, Thompson Ave, Ocean Beach, Vice Beach",1795,1076,"1435 Washington Ave, Miami Beach, FL 33139, USA",25.7865815,-80.13148749999999,,,landmarks/Vice_Beach/L676_unnamed_reallife.jpg
L677,Cipher Mall,Rockridge,Vice City,"Cipher Mall, Rockridge, Vice City",-1356.7830000000001,784.5440000000001,"6660 Sunset Blvd, Los Angeles, CA 90028, USA",34.0975115,-118.3359246,l1 retail,landmarks/Vice_City/L677_Cipher_Mall_ingame.jpg,landmarks/Vice_City/L677_Cipher_Mall_reallife.jpg
L678,?,Rockridge,Vice City,"?, Rockridge, Vice City",-1390.8515000000002,670.3725,"Miami Police Department, 2200 W Flagler St, Miami, FL 33135, USA",25.7722987,-80.23168919999999,l1 reused,landmarks/Vice_City/L678_unnamed_ingame.jpg,landmarks/Vice_City/L678_unnamed_reallife.jpg
L679,Gas Station,Stockyard,Vice City,"Gas Station, Stockyard, Vice City",-87,1923.5,"3601 Biscayne Blvd, Miami, FL 33137, USA",25.8111378,-80.1890758,l1 demolished retail,landmarks/Vice_City/L679_Gas_Station_ingame.jpg,landmarks/Vice_City/L679_Gas_Station_reallife.jpg
L680,?,La Perle,Vice City,"?, La Perle, Vice City",-866.3230919133845,1561.720302495389,,,,residential,landmarks/Vice_City/L680_unnamed_ingame.jpg,
L681,?,La Perle,Vice City,"?, La Perle, Vice City",-850.1176376131345,1577.3234557857074,"3095 NW 106th St, Miami, FL 33147, USA",25.870736,-80.2488261,residential unconfirmed,landmarks/Vice_City/L681_unnamed_ingame.jpg,landmarks/Vice_City/L681_unnamed_reallife.jpg
L682,?,La Perle,Vice City,"?, La Perle, Vice City",-1294.3148861589254,1185.868684775006,,,,l1,landmarks/Vice_City/L682_unnamed_ingame.jpg,
L683,?,Rockridge,Vice City,"?, Rockridge, Vice City",-1250.7841977299736,1115.422074493038,"1332 W Flagler St, Miami, FL 33135, USA",25.7731729,-80.2172128,retail,landmarks/Vice_City/L683_unnamed_ingame.jpg,landmarks/Vice_City/L683_unnamed_reallife.jpg
L684,?,Little Cuba,Vice City,"?, Little Cuba, Vice City",-1138.1801747582285,384.7363006928254,,,,l1,landmarks/Vice_City/L684_unnamed_ingame.jpg,
L685,Construction Site,Downtown,Vice City,"Construction Site, Downtown, Vice City",-896.1265000000001,205.2,"ParkLine Miami, 100 NW 6th St, Miami, FL 33136, USA",25.7796651,-80.19582869999999,construction l4 unconfirmed,landmarks/Vice_City/L685_Construction_Site_ingame.jpg,
L686,?,Downtown,Vice City,"?, Downtown, Vice City",-872.4571352932282,-56.062674567951404,"Main Library, 101 W Flagler St, Miami, FL 33130, USA",25.7743802,-80.1974887,l4 public,landmarks/Vice_City/L686_unnamed_ingame.jpg,landmarks/Vice_City/L686_unnamed_reallife.jpg
L687,Chariot Empire Suites,Downtown,Vice City,"Chariot Empire Suites, Catalan Blvd, Downtown, Vice City",-475.80899999999997,-89.49999999999994,"YVE Hotel Miami, 146 Biscayne Blvd, Miami, FL 33132, USA",25.7760686,-80.1882174,hotel,landmarks/Vice_City/L687_Chariot_Empire_Suites_ingame.jpg,landmarks/Vice_City/L687_Chariot_Empire_Suites_reallife.jpg
L688,Main Prison Building,,Hamlet,"Main Prison Building, Hamlet",-2969.377524966461,-2859.512493106993,"3R7C+C62 Raiford, Florida, USA",30.06351249999999,-82.17948439999999,closed government,landmarks/Hamlet/L688_Main_Prison_Building_ingame.jpg,landmarks/Hamlet/L688_Main_Prison_Building_reallife.jpg
L689,Container Crane #9,,Port Vice City,"Container Crane #9, Port Vice City",1049.127834463002,-240.1966882797485,"South Florida Container Terminal, 2650 Port Blvd, Miami, FL 33132, USA",25.7669738,-80.1469086,industrial,,
L690,Container Crane #8,,Port Vice City,"Container Crane #8, Port Vice City",1143.353066790961,-318.6105492583464,"South Florida Container Terminal, 2650 Port Blvd, Miami, FL 33132, USA",25.7669738,-80.1469086,industrial,,
L691,Container Crane #7,,Port Vice City,"Container Crane #7, Port Vice City",1242.1214331533029,-405.5161707429747,"South Florida Container Terminal, 2650 Port Blvd, Miami, FL 33132, USA",25.7669738,-80.1469086,industrial,,
L692,Container Crane #6,,Port Vice City,"Container Crane #6, Port Vice City",1350.1552631263708,-494.26750630978484,"South Florida Container Terminal, 2650 Port Blvd, Miami, FL 33132, USA",25.7669738,-80.1469086,industrial,,
L693,Container Crane #5,,Port Vice City,"Container Crane #5, Port Vice City",1486.1752203878077,-601.6857468916509,"South Florida Container Terminal, 2650 Port Blvd, Miami, FL 33132, USA",25.7669738,-80.1469086,industrial,,
L694,Container Crane #4,,Port Vice City,"Container Crane #4, Port Vice City",1363.921697114548,-743.1427077144211,"South Florida Container Terminal, 2650 Port Blvd, Miami, FL 33132, USA",25.7669738,-80.1469086,industrial,landmarks/Port_Vice_City/L694_Container_Crane_4_ingame.jpg,
L695,Container Crane #3,,Port Vice City,"Container Crane #3, Port Vice City",1259.8723327215191,-767.4679754897015,"South Florida Container Terminal, 2650 Port Blvd, Miami, FL 33132, USA",25.7669738,-80.1469086,industrial,landmarks/Port_Vice_City/L695_Container_Crane_3_ingame.jpg,
L696,Container Crane #2,,Port Vice City,"Container Crane #2, Port Vice City",1108.6102134792982,-797.9154062514544,"South Florida Container Terminal, 2650 Port Blvd, Miami, FL 33132, USA",25.7669738,-80.1469086,industrial,landmarks/Port_Vice_City/L696_Container_Crane_2_ingame.jpg,
L697,Container Crane #1,,Port Vice City,"Container Crane #1, Port Vice City",947.8338650504552,-827.8895499641501,"South Florida Container Terminal, 2650 Port Blvd, Miami, FL 33132, USA",25.7669738,-80.1469086,industrial,landmarks/Port_Vice_City/L697_Container_Crane_1_ingame.jpg,
L698,?,Ocean Beach,Vice Beach,"?, Ocean Beach, Vice Beach",2239.8551141749294,-957.2655612010242,"South Pointe Park Pier, 1 Washington Ave, Miami Beach, FL 33139, USA",25.7635368,-80.1296706,events landmark,,
L699,?,Crosstown,Vice City,"?, Crosstown, Vice City",-586.8639999999998,1529.4869999999999,,,,l4,landmarks/Vice_City/L699_unnamed_ingame.jpg,
L700,?,Bayside,Vice City,"?, Bayside, Vice City",-337.98142962418024,1497.6030511603528,"2125 Biscayne Blvd, Miami, FL 33137, USA",25.7979951,-80.188572,,landmarks/Vice_City/L700_unnamed_ingame.jpg,landmarks/Vice_City/L700_unnamed_reallife.jpg
L701,?,Stockyard,Vice City,"?, Stockyard, Vice City",-338.7545617779866,1656.910735192507,"261 NW 23rd St, Miami, FL 33127, USA",25.7996436,-80.20045669999999,unconfirmed,landmarks/Vice_City/L701_unnamed_ingame.jpg,landmarks/Vice_City/L701_unnamed_reallife.jpg
L702,Status Auto Resort,Crosstown,Vice City,"Status Auto Resort, Crosstown, Vice City",-561.6351507704968,1455.8215714447276,"2060 Biscayne Blvd, Miami, FL 33137, USA",25.796638,-80.1902604,l4,landmarks/Vice_City/L702_Status_Auto_Resort_ingame.jpg,landmarks/Vice_City/L702_Status_Auto_Resort_reallife.jpg
L703,?,La Perle,Vice City,"?, La Perle, Vice City",-1008.53088224025,1406.739923874577,,,,//pink retail,landmarks/Vice_City/L703_unnamed_ingame.jpg,
L704,Judith's?,,Vice City,"Judith's?, Vice City",-1787.3899734130525,-483.75956736225487,,,,l4,landmarks/Vice_City/L704_Judiths_ingame.jpg,
L705,? (N),Ocean Beach,Vice Beach,"? (N), Ocean Beach, Vice Beach",1966.264144658612,-187.66027819711692,"Continuum on South Beach, 100 South Pointe Dr, Miami Beach, FL 33139, USA",25.7672315,-80.1327611,residential,,landmarks/Vice_Beach/L705_N_reallife.jpg
L706,Arcadia Towers (S),Downtown,Vice City,"Arcadia Towers (S), Downtown, Vice City",-620.6611290298183,78.62066557242133,"Vizcayne South Condominium, 253 NE 2nd St, Miami, FL 33132, USA",25.7765079,-80.1890457,residential,landmarks/Vice_City/L706_Arcadia_Towers_S_ingame.jpg,landmarks/Vice_City/L706_Arcadia_Towers_S_reallife.jpg
L707,Bridge,,Port Gellhorn,"Bridge, Port Gellhorn",-6462.068056324331,5353.465933519936,,,,transportation,,
L708,Autograph Hangar 1,,Vice City International Airport,"Autograph Hangar 1, Vice City International Airport",-2604.307772020722,-74.79840929270453,"Signature Aviation MIA, 5700 NW 36th St, Miami, FL 33122, USA",25.8064483,-80.2895791,l1 transportation,landmarks/Vice_City_International_Airport/L708_Autograph_Hangar_1_ingame.jpg,landmarks/Vice_City_International_Airport/L708_Autograph_Hangar_1_reallife.jpg
L709,?,La Perle,Vice City,"?, La Perle, Vice City",-1266.7620000000002,1251.61665,"34 NE 26th St, Miami, FL 33137, USA",25.8014068,-80.19415219999999,l1 industrial,landmarks/Vice_City/L709_unnamed_ingame.jpg,landmarks/Vice_City/L709_unnamed_reallife.jpg
L710,Break Inn,Downtown,Vice City,"Break Inn, Catalan Blvd, Downtown, Vice City",-475.77582639871866,315.96781616212206,"Holiday Inn Port of Miami-Downtown, 340 Biscayne Blvd, Miami, FL 33132, USA",25.777833,-80.18882800000002,,landmarks/Vice_City/L710_Break_Inn_ingame.jpg,landmarks/Vice_City/L710_Break_Inn_reallife.jpg
L711,?,,Rialto Islands,"?, Rialto Islands",382.49799999999993,1150.5,"Venetian Isle Apartments, 1198 Venetian Way, Miami Beach, FL 33139, USA",25.7897053,-80.1719628,l4 residential,landmarks/Rialto_Islands/L711_unnamed_ingame.jpg,landmarks/Rialto_Islands/L711_unnamed_reallife.jpg
L712,?,,Rialto Islands,"?, Rialto Islands",247.94600000000003,1257.8435,"943 N Venetian Dr, Miami Beach, FL 33139, USA",25.7908186,-80.175839,residential,landmarks/Rialto_Islands/L712_unnamed_ingame.jpg,landmarks/Rialto_Islands/L712_unnamed_reallife.jpg
L713,?,,Rialto Islands,"?, Rialto Islands",67.91218296027377,1222.146361732877,"1315 N Venetian Way, Miami Beach, FL 33139, USA",25.7911623,-80.16881269999999,residential unconfirmed,landmarks/Rialto_Islands/L713_unnamed_ingame.jpg,landmarks/Rialto_Islands/L713_unnamed_reallife.jpg
L714,Tennis Court,,Rialto Islands,"Tennis Court, Rialto Islands",131.113,1171.2905,"QRRC+4MG Miami, Florida, USA",25.7903125,-80.17829689999999,leisure,landmarks/Rialto_Islands/L714_Tennis_Court_ingame.jpg,landmarks/Rialto_Islands/L714_Tennis_Court_reallife.jpg
L715,?,,Rialto Islands,"?, Rialto Islands",140.61800000000005,1189.4115,"1480 NE 13th Ct, Miami Beach, FL 33139, USA",25.7902247,-80.168717,residential reused,landmarks/Rialto_Islands/L715_unnamed_ingame.jpg,landmarks/Rialto_Islands/L715_unnamed_reallife.jpg
L716,?,,Rialto Islands,"?, Rialto Islands",166.67649999999992,1177.97,"122 E San Marino Dr, Miami Beach, FL 33139, USA",25.7896084,-80.16264249999999,residential,landmarks/Rialto_Islands/L716_unnamed_ingame.jpg,landmarks/Rialto_Islands/L716_unnamed_reallife.jpg
L717,?,,Rialto Islands,"?, Rialto Islands",193.29449999999997,1182.9405,,,,residential,landmarks/Rialto_Islands/L717_unnamed_ingame.jpg,
L718,?,,Rialto Islands,"?, Rialto Islands",215.79449999999997,1196.735,"1480 NE 13th Ct, Miami Beach, FL 33139, USA",25.7902247,-80.168717,residential reused,landmarks/Rialto_Islands/L718_unnamed_ingame.jpg,landmarks/Rialto_Islands/L718_unnamed_reallife.jpg
L719,?,,Hamlet,"?, Hamlet",-2535.7192585351563,-3737.65238402996,"Dry Tortugas National Park Headquarters, 40001 State Hwy 9336, Homestead, FL 33034, USA",25.3957877,-80.58349750000001,unconfirmed,,
L720,Metro Station,Downtown,Vice City,"Metro Station, Downtown, Vice City",-519.3330436272612,-4.4252213237959666,"First Street Station, Miami, FL 33132, USA",25.775679,-80.189812,transportation,,landmarks/Vice_City/L720_Metro_Station_reallife.jpg
L721,?,,Key Lento,"?, Key Lento",-3190.6845000000003,-6521.6545,"108 Madeira Rd, Islamorada, FL 33036, USA",24.9223585,-80.63222549999999,,landmarks/Key_Lento/L721_unnamed_ingame.jpg,landmarks/Key_Lento/L721_unnamed_reallife.jpg
L722,?,,Key Lento,"?, Key Lento",-3171.121,-6503.9455,"110 Madeira Rd, Islamorada, FL 33036, USA",24.9226048,-80.6320283,,landmarks/Key_Lento/L722_unnamed_ingame.jpg,landmarks/Key_Lento/L722_unnamed_reallife.jpg
L723,?,,Key Lento,"?, Key Lento",-3137.0515,-6478.2025,"116 Madeira Rd, Islamorada, FL 33036, USA",24.9229281,-80.6316501,,landmarks/Key_Lento/L723_unnamed_ingame.jpg,landmarks/Key_Lento/L723_unnamed_reallife.jpg
L724,?,,Watson Bay,"?, Watson Bay",-5238.8595000000005,-3458.178,"390 Dock St, Cedar Key, FL 32625, USA",29.1348409,-83.0302559,,landmarks/Watson_Bay/L724_unnamed_ingame.jpg,landmarks/Watson_Bay/L724_unnamed_reallife.jpg
L725,?,,Watson Bay,"?, Watson Bay",-5226.8595000000005,-3481.9565,"Steamers, 450 Dock St, Cedar Key, FL 32625, USA",29.13468499999999,-83.0305096,,landmarks/Watson_Bay/L725_unnamed_ingame.jpg,landmarks/Watson_Bay/L725_unnamed_reallife.jpg
L726,?,,Watson Bay,"?, Watson Bay",-4955.051,-3353.062,"Cedar Key Arts Center, 457 2nd St, Cedar Key, FL 32625, USA",29.136951,-83.03196899999999,unconfirmed,landmarks/Watson_Bay/L726_unnamed_ingame.jpg,landmarks/Watson_Bay/L726_unnamed_reallife.jpg
L727,?,,Watson Bay,"?, Watson Bay",-4993.181845876952,-3307.313968916738,"433 2nd St, Cedar Key, FL 32625, USA",29.1370046,-83.031613,,landmarks/Watson_Bay/L727_unnamed_ingame.jpg,landmarks/Watson_Bay/L727_unnamed_reallife.jpg
L728,?,,Watson Bay,"?, Watson Bay",-4821.044,-3080.292,,,,,landmarks/Watson_Bay/L728_unnamed_ingame.jpg,
L729,?,,Watson Bay,"?, Watson Bay",-4564.92,-3283.455,"CK Marina, 12780 FL-24, Cedar Key, FL 32625, USA",29.142786,-83.035411,,landmarks/Watson_Bay/L729_unnamed_ingame.jpg,landmarks/Watson_Bay/L729_unnamed_reallife.jpg
L730,?,,Watson Bay,"?, Watson Bay",-4672.061644943351,-3378.845074083612,"12789 SW 155 Ct, Cedar Key, FL 32625, USA",29.1418469,-83.034911,,landmarks/Watson_Bay/L730_unnamed_ingame.jpg,landmarks/Watson_Bay/L730_unnamed_reallife.jpg
L731,?,,Watson Bay,"?, Watson Bay",-4652.241441866692,-3318.7706961675653,"12790 SW 155 Ct, Cedar Key, FL 32625, USA",29.1420461,-83.0355098,,landmarks/Watson_Bay/L731_unnamed_ingame.jpg,landmarks/Watson_Bay/L731_unnamed_reallife.jpg
L732,? (E),Downtown,Vice City,"? (E), Downtown, Vice City",-310.07699999999977,-591.4480000000001,"One Miami Condominium - East Tower, 335 S Biscayne Blvd, Miami, FL 33131, USA",25.7716451,-80.18529459999999,residential,landmarks/Vice_City/L732_E_ingame.jpg,landmarks/Vice_City/L732_E_reallife.jpg
L733,Goliath,,Mariana County,"Goliath, Mariana County",-3698.3561769410126,-1048.5826370346285,"Titan America, 11000 NW 121st Way, Medley, FL 33178, USA",25.8770251,-80.37436009999999,industrial,landmarks/Mariana_County/L733_Goliath_ingame.jpg,landmarks/Mariana_County/L733_Goliath_reallife.jpg
L734,Submerged Tank,,Vice-Dale County,"Submerged Tank, Vice-Dale County",2558.7840542953045,2094.8113676767366,"RW65+FMG Miami Beach, Florida, USA",25.8111875,-80.0907969,events landmark,landmarks/Vice-Dale_County/L734_Submerged_Tank_ingame.jpg,landmarks/Vice-Dale_County/L734_Submerged_Tank_reallife.jpg
L735,?,,Gloriana Key,"?, Gloriana Key",760.2949661793193,-1798.9000801048142,"Miami Rowing Club, 3601 Rickenbacker Cswy, Key Biscayne, FL 33149, USA",25.7398784,-80.16777359999999,leisure,landmarks/Gloriana_Key/L735_unnamed_ingame.jpg,landmarks/Gloriana_Key/L735_unnamed_reallife.jpg
L736,?,La Perle,Vice City,"?, La Perle, Vice City",-833.1085123957287,1590.0374935208788,"8411 NW 25th Ave, Miami, FL 33147, USA",25.8511312,-80.23969,residential,landmarks/Vice_City/L736_unnamed_ingame.jpg,landmarks/Vice_City/L736_unnamed_reallife.jpg
L737,?,La Perle,Vice City,"?, La Perle, Vice City",-813.9765624976731,1604.728453189549,"3144 NW 106th St, Miami, FL 33147, USA",25.870189,-80.24977969999999,residential,landmarks/Vice_City/L737_unnamed_ingame.jpg,landmarks/Vice_City/L737_unnamed_reallife.jpg
L738,?,La Perle,Vice City,"?, La Perle, Vice City",-914.1969999999999,1591.2579999999998,,,,residential,,
L739,?,La Perle,Vice City,"?, La Perle, Vice City",-896.7849999999999,1606.655,,,,residential,,
L740,?,La Perle,Vice City,"?, La Perle, Vice City",-880.9764999999998,1620.243,,,,residential,,
L741,?,La Perle,Vice City,"?, La Perle, Vice City",-863.2269999999999,1636.2285,,,,residential,,
L742,?,La Perle,Vice City,"?, La Perle, Vice City",-846.6669999999999,1649.9199999999998,,,,residential,,
L743,?,Crosstown,Vice City,"?, Crosstown, Vice City",-729.0877043766197,1225.4839575942556,,,,l4,landmarks/Vice_City/L743_unnamed_ingame.jpg,
L744,Archipelago (S),Bayside,Vice City,"Archipelago (S), Bayside, Vice City",-428.55099999999993,1112.152,"Quantum on the Bay, 1900 N Bayshore Dr, Miami, FL 33132, USA",25.7950454,-80.1872016,,landmarks/Vice_City/L744_Archipelago_S_ingame.jpg,landmarks/Vice_City/L744_Archipelago_S_reallife.jpg
L745,Calle Creativa,Little Cuba,Vice City,"Calle Creativa, Little Cuba, Vice City",-1163.491,110.72899999999998,"Cubaocho Museum & Performing Arts Center, 1465 SW 8th St #106, Miami, FL 33135, USA",25.765849,-80.219357,,landmarks/Vice_City/L745_Calle_Creativa_ingame.jpg,landmarks/Vice_City/L745_Calle_Creativa_reallife.jpg
L746,Metro Station,Downtown,Vice City,"Metro Station, Catalan Blvd, Downtown, Vice City",-404.74199999999973,-239.08349999999996,,,,transportation unconfirmed,landmarks/Vice_City/L746_Metro_Station_ingame.jpg,
L747,Temple Park,Tequesta,Vice City,"Temple Park, Tequesta, Vice City",-966.0724999999999,-834.532,"Latitude on the River, 185 SW 7th St, Miami, FL 33130, USA",25.7675583,-80.19695279999999,,landmarks/Vice_City/L747_Temple_Park_ingame.jpg,landmarks/Vice_City/L747_Temple_Park_reallife.jpg
L748,Lake,Crosstown,Vice City,"Lake, Crosstown, Vice City",-1011.0725188816318,623.2742463138699,"QQQV+VVC Miami, Florida, USA",25.7896875,-80.20535939999999,natural,,
L749,? (S),Ocean Beach,Vice Beach,"? (S), Ocean Beach, Vice Beach",1331.371,273.625,"The Bentley Bay Condominiums, 520-540 West Ave, Miami Beach, FL 33139, USA",25.7756635,-80.1422556,residential,landmarks/Vice_Beach/L749_S_ingame.jpg,landmarks/Vice_Beach/L749_S_reallife.jpg
L750,?,Ocean Beach,Vice Beach,"?, Ocean Beach, Vice Beach",1332.975,1212.349,"1471 Lincoln Terrace, Miami Beach, FL 33139, USA",25.7897845,-80.1444066,unconfirmed,,landmarks/Vice_Beach/L750_unnamed_reallife.jpg
L751,?,Ocean Beach,Vice Beach,"?, Ocean Beach, Vice Beach",1333.224,1169.707,"1616 Bay Rd, Miami Beach, FL 33139, USA",25.7894717,-80.14388679999999,unconfirmed,,landmarks/Vice_Beach/L751_unnamed_reallife.jpg
L752,?,Ocean Beach,Vice Beach,"?, Ocean Beach, Vice Beach",1847.078,1377.556,"1656 Collins Ave, Miami Beach, FL 33139, USA",25.7911973,-80.13006399999999,unconfirmed,landmarks/Vice_Beach/L752_unnamed_ingame.jpg,landmarks/Vice_Beach/L752_unnamed_reallife.jpg
L753,?,Ocean Beach,Vice Beach,"?, Ocean Beach, Vice Beach",1956.4216480294872,1223.4799466285658,"Georgian Condominium, 1621 Collins Ave, Miami Beach, FL 33139, USA",25.7899251,-80.1292965,residential,,landmarks/Vice_Beach/L753_unnamed_reallife.jpg
L754,?,Ocean Beach,Vice Beach,"?, Ocean Beach, Vice Beach",1878.8269999999998,958.5559999999998,"Momen South Beach, 1233 Collins Ave, Miami Beach, FL 33139, USA",25.7835162,-80.13078639999999,hotel unconfirmed,landmarks/Vice_Beach/L754_unnamed_ingame.jpg,landmarks/Vice_Beach/L754_unnamed_reallife.jpg
L755,?,Ocean Beach,Vice Beach,"?, Ocean Beach, Vice Beach",1624.099,907.0039999999999,"429 Española Wy, Miami Beach, FL 33139, USA",25.7869879,-80.1325366,//todo restaurant,,landmarks/Vice_Beach/L755_unnamed_reallife.jpg
L756,?,Ocean Beach,Vice Beach,"?, Ocean Beach, Vice Beach",1613.328,907.5559999999999,"441 Española Wy, Miami Beach, FL 33139, USA",25.7869803,-80.13272900000001,//todo,,landmarks/Vice_Beach/L756_unnamed_reallife.jpg
L757,?,Ocean Beach,Vice Beach,"?, Ocean Beach, Vice Beach",1823.7939999999999,511.9419999999999,"1000 Collins Ave, Miami Beach, FL 33139, USA",25.7807807,-80.13208519999999,,,landmarks/Vice_Beach/L757_unnamed_reallife.jpg
L758,?,,Dalton Island,"?, Dalton Island",1569.9988024912795,-1240.0316514885267,"QV64+9FV Fisher Island, Florida, USA",25.7609875,-80.1438281,unconfirmed,,
L759,?,,Dalton Island,"?, Dalton Island",1829.386761800297,-1615.8271080358104,"100 Fisher Island Dr, Miami, FL 33109, USA",25.7572056,-80.13900869999999,unconfirmed,,landmarks/Dalton_Island/L759_unnamed_reallife.jpg
L760,?,,Dalton Island,"?, Dalton Island",1929.6560738635596,-1578.4407468732013,"8061 Fisher Island Dr, Miami, FL 33109, USA",25.758099,-80.13760599999999,,,landmarks/Dalton_Island/L760_unnamed_reallife.jpg
L761,Donovan Roeder(?) Jr. Community Center,,Key Lento,"Donovan Roeder(?) Jr. Community Center, Key Lento",-2102.234,-5359.861000000001,"17201 SW 103rd Ave, Miami, FL 33157, USA",25.6094877,-80.3587323,reused,landmarks/Key_Lento/L761_Donovan_Roeder_Jr_Community_Center_ingame.jpg,landmarks/Key_Lento/L761_Donovan_Roeder_Jr_Community_Center_reallife.jpg
L762,?,,Key Lento,"?, Key Lento",-2827.87,-6341.2525,"90170 Overseas Hwy, Tavernier, FL 33070, USA",24.9974882,-80.53811069999999,#supermarket enterable retail,landmarks/Key_Lento/L762_unnamed_ingame.jpg,landmarks/Key_Lento/L762_unnamed_reallife.jpg
L763,?,,Mariana County,"?, Mariana County",-3260.732611958556,-3774.524205902465,"PPXX+568 Chokoloskee, Florida, USA",25.7479125,-81.2519219,unconfirmed,landmarks/Mariana_County/L763_unnamed_ingame.jpg,landmarks/Mariana_County/L763_unnamed_reallife.jpg
L764,?,,Key Lento,"?, Key Lento",-3087.1445000000003,-6440.6105,,,,unconfirmed,landmarks/Key_Lento/L764_unnamed_ingame.jpg,
L765,?,,Key Lento,"?, Key Lento",-3065.3335,-6415.929,,,,,landmarks/Key_Lento/L765_unnamed_ingame.jpg,
L766,?,,Key Lento,"?, Key Lento",-3042.4275000000002,-6399.0905,,,,reused unconfirmed,landmarks/Key_Lento/L766_unnamed_ingame.jpg,
L767,?,,Key Lento,"?, Key Lento",-3170.4262643399597,-6546.849348107019,,,,//may-not-exist,,
L768,?,,Watson Bay,"?, Watson Bay",-5027.786999999999,-3342.668,"2nd Street Cafe, 434 2nd St, Cedar Key, FL 32625, USA",29.1365822,-83.03154049999999,,landmarks/Watson_Bay/L768_unnamed_ingame.jpg,landmarks/Watson_Bay/L768_unnamed_reallife.jpg
L769,?,,Watson Bay,"?, Watson Bay",-5002.161,-3364.8835,"Cedar Key Public Library, 460 2nd St, Cedar Key, FL 32625, USA",29.1365416,-83.0319313,,landmarks/Watson_Bay/L769_unnamed_ingame.jpg,landmarks/Watson_Bay/L769_unnamed_reallife.jpg
L770,?,,Watson Bay,"?, Watson Bay",-4990.460999999999,-3382.675,"Cedar Key Police Department, 490 2nd St, Cedar Key, FL 32625, USA",29.1364218,-83.0320273,,,landmarks/Watson_Bay/L770_unnamed_reallife.jpg
L771,?,,Watson Bay,"?, Watson Bay",-5017.700999999999,-3359.531,"Cedar Key Chamber of Commerce, 450 2nd St, Cedar Key, FL 32625, USA",29.13661429999999,-83.0317838,,landmarks/Watson_Bay/L771_unnamed_ingame.jpg,landmarks/Watson_Bay/L771_unnamed_reallife.jpg
L772,?,,Watson Bay,"?, Watson Bay",-5040.567499999999,-3327.3625,"Cedar Inn Motel, 410 2nd St, Cedar Key, FL 32625, USA",29.136674,-83.031457,hotel,landmarks/Watson_Bay/L772_unnamed_ingame.jpg,landmarks/Watson_Bay/L772_unnamed_reallife.jpg
L773,?,,Watson Bay,"?, Watson Bay",-5079.9100457381155,-3451.783043055744,"NW 22nd Ave Drawbridge, 1439-1645 NW 22nd Ave, Miami, FL 33125, USA",25.7888405,-80.2313428,transportation unconfirmed,landmarks/Watson_Bay/L773_unnamed_ingame.jpg,
L774,?,,Watson Bay,"?, Watson Bay",-4990.526,-3433.078,,,,,landmarks/Watson_Bay/L774_unnamed_ingame.jpg,
L775,?,,Watson Bay,"?, Watson Bay",-4968.801,-3454.8675,,,,,landmarks/Watson_Bay/L775_unnamed_ingame.jpg,
L776,?,,Watson Bay,"?, Watson Bay",-4943.521000000001,-3470.7855,,,,,landmarks/Watson_Bay/L776_unnamed_ingame.jpg,
L777,?,,Watson Bay,"?, Watson Bay",-4961.460781894608,-3558.9423012719494,"Cedar Cove Hotel, 192 2nd St, Cedar Key, FL 32625, USA",29.13762,-83.028767,hotel unconfirmed,landmarks/Watson_Bay/L777_unnamed_ingame.jpg,landmarks/Watson_Bay/L777_unnamed_reallife.jpg
L778,?,,Watson Bay,"?, Watson Bay",-5031.856,-3385.9545,"465 1st St, Cedar Key, FL 32625, USA",29.1360377,-83.0316156,,landmarks/Watson_Bay/L778_unnamed_ingame.jpg,landmarks/Watson_Bay/L778_unnamed_reallife.jpg
L779,?,,Watson Bay,"?, Watson Bay",-5053.6955,-3365.737,,,,,landmarks/Watson_Bay/L779_unnamed_ingame.jpg,
L780,?,,Watson Bay,"?, Watson Bay",-4820.963508062433,-3466.3631040179116,"11 Old Mill Dr, Cedar Key, FL 32625, USA",29.1385411,-83.02757799999999,residential unconfirmed,landmarks/Watson_Bay/L780_unnamed_ingame.jpg,landmarks/Watson_Bay/L780_unnamed_reallife.jpg
L781,?,,Watson Bay,"?, Watson Bay",-5157.526328681838,-3494.031966124859,"Dockside Motel, 491 Dock St, Cedar Key, FL 32625, USA",29.134683,-83.031095,hotel,landmarks/Watson_Bay/L781_unnamed_ingame.jpg,landmarks/Watson_Bay/L781_unnamed_reallife.jpg
L782,?,,Watson Bay,"?, Watson Bay",-5181.022072807104,-3468.211254903051,"471 Dock St, Cedar Key, FL 32625, USA",29.1347572,-83.0308719,,landmarks/Watson_Bay/L782_unnamed_ingame.jpg,landmarks/Watson_Bay/L782_unnamed_reallife.jpg
L783,?,,Watson Bay,"?, Watson Bay",-4875.613471168928,-3507.08177084279,,,,,landmarks/Watson_Bay/L783_unnamed_ingame.jpg,
L784,?,,Watson Bay,"?, Watson Bay",-4969.562358064977,-3334.128872272894,"495 2nd St, Cedar Key, FL 32625, USA",29.1367731,-83.0322015,,landmarks/Watson_Bay/L784_unnamed_ingame.jpg,landmarks/Watson_Bay/L784_unnamed_reallife.jpg
L785,?,,Watson Bay,"?, Watson Bay",-4962.93676752526,-3342.3397962160325,"497 2nd St, Cedar Key, FL 32625, USA",29.1367707,-83.0322146,,landmarks/Watson_Bay/L785_unnamed_ingame.jpg,landmarks/Watson_Bay/L785_unnamed_reallife.jpg
L786,?,,Watson Bay,"?, Watson Bay",-4853.531999999999,-3072.142,,,,,landmarks/Watson_Bay/L786_unnamed_ingame.jpg,
L787,?,,Watson Bay,"?, Watson Bay",-4830.429999999999,-3136.1530000000002,"7061 G St, Cedar Key, FL 32625, USA",29.1352952,-83.0360554,residential unconfirmed,landmarks/Watson_Bay/L787_unnamed_ingame.jpg,
L788,?,,Watson Bay,"?, Watson Bay",-4762.373326112068,-3151.904302914865,,,,,landmarks/Watson_Bay/L788_unnamed_ingame.jpg,
L789,?,,Rialto Islands,"?, Rialto Islands",644.5079428946756,1206.3224872757562,"205 E San Marino Dr, Miami Beach, FL 33139, USA",25.7900275,-80.1621065,demolished residential,landmarks/Rialto_Islands/L789_unnamed_ingame.jpg,landmarks/Rialto_Islands/L789_unnamed_reallife.jpg
L790,?,,Rialto Islands,"?, Rialto Islands",648.8509927447234,1184.4347039709078,"230 W San Marino Dr, Miami Beach, FL 33139, USA",25.7908721,-80.16376830000002,residential,landmarks/Rialto_Islands/L790_unnamed_ingame.jpg,landmarks/Rialto_Islands/L790_unnamed_reallife.jpg
L791,?,,Rialto Islands,"?, Rialto Islands",494.55392912878796,1207.488506357933,"100 W San Marino Dr, Miami Beach, FL 33139, USA",25.7892165,-80.1636375,residential,landmarks/Rialto_Islands/L791_unnamed_ingame.jpg,landmarks/Rialto_Islands/L791_unnamed_reallife.jpg
L792,?,,Rialto Islands,"?, Rialto Islands",509.55024974419234,1220.7022107779658,"405 E San Marino Dr, Miami Beach, FL 33139, USA",25.7925883,-80.1622242,residential unconfirmed,,landmarks/Rialto_Islands/L792_unnamed_reallife.jpg
L793,?,,Rialto Islands,"?, Rialto Islands",791.795450777946,1239.9924593193898,"440 W Dilido Dr, Miami Beach, FL 33139, USA",25.7911961,-80.15981839999999,residential,landmarks/Rialto_Islands/L793_unnamed_ingame.jpg,landmarks/Rialto_Islands/L793_unnamed_reallife.jpg
L794,?,,Rialto Islands,"?, Rialto Islands",840.7726254689861,1253.9787246693052,"212 W Dilido Dr, Miami Beach, FL 33139, USA",25.7887213,-80.1596821,residential reused,landmarks/Rialto_Islands/L794_unnamed_ingame.jpg,landmarks/Rialto_Islands/L794_unnamed_reallife.jpg
L795,?,,Rialto Islands,"?, Rialto Islands",999.2563555170456,1412.7915228302907,"205 E San Marino Dr, Miami Beach, FL 33139, USA",25.7900275,-80.1621065,residential reused,landmarks/Rialto_Islands/L795_unnamed_ingame.jpg,landmarks/Rialto_Islands/L795_unnamed_reallife.jpg
L796,?,Leaf Links,Vice Beach,"?, Leaf Links, Vice Beach",931.6637810520963,2449.1322394063554,"25 Indian Creek Island Rd, Miami Beach, FL 33154, USA",25.873664,-80.1355593,l1 unconfirmed,landmarks/Vice_Beach/L796_unnamed_ingame.jpg,landmarks/Vice_Beach/L796_unnamed_reallife.jpg
L797,?,,Watson Bay,"?, Watson Bay",-4910.730006827284,-3399.2869547545556,"509 2nd St, Cedar Key, FL 32625, USA",29.1366012,-83.0325855,,,landmarks/Watson_Bay/L797_unnamed_reallife.jpg
L798,?,,Watson Bay,"?, Watson Bay",-4885.161025619578,-3422.03033726464,"525 2nd St, Cedar Key, FL 32625, USA",29.1365542,-83.0326587,,landmarks/Watson_Bay/L798_unnamed_ingame.jpg,landmarks/Watson_Bay/L798_unnamed_reallife.jpg
L799,?,,Vice Beach,"?, Vice Beach",,,"8080 Indian Creek Dr, Miami Beach, FL 33141, USA",25.8567193,-80.1256223,,,
L800,?,,Vice City International Airport,"?, Vice City International Airport",-1777.6222267516064,-913.4192154651648,,,,l4,landmarks/Vice_City_International_Airport/L800_unnamed_ingame.jpg,
L801,?,Rockridge,Vice City,"?, Rockridge, Vice City",-1264.8935000000001,910.1270000000001,"1130 NW 13th Ct, Miami, FL 33125, USA",25.7798842,-80.2172696,l1 industrial,landmarks/Vice_City/L801_unnamed_ingame.jpg,
L802,Train Tunnel,,Kelly County,"Train Tunnel, Kelly County",-5375.084510758738,5268.830506232834,,,,l1 transportation,landmarks/Kelly_County/L802_Train_Tunnel_ingame.jpg,
L803,Water Tower,,Port Gellhorn,"Water Tower, Port Gellhorn",-6655.407,3650.07,"3227 River Ave, Columbus, GA 31904, USA",32.50074,-84.993777,unconfirmed utilities,landmarks/Port_Gellhorn/L803_Water_Tower_ingame.jpg,landmarks/Port_Gellhorn/L803_Water_Tower_reallife.jpg
L804,Tank,,Port Gellhorn,"Tank, Port Gellhorn",-6694.275,3827.9410000000007,,,,industrial,landmarks/Port_Gellhorn/L804_Tank_ingame.jpg,
L805,Soccer Field,,Port Gellhorn,"Soccer Field, Port Gellhorn",-6869.231101775475,3667.008298029613,"Springfield Sports Complex, 4901 Sports Ln, Panama City, FL 32404, USA",30.1551832,-85.60061270000001,leisure unconfirmed,landmarks/Port_Gellhorn/L805_Soccer_Field_ingame.jpg,landmarks/Port_Gellhorn/L805_Soccer_Field_reallife.jpg
L806,?,,Port Gellhorn,"?, Port Gellhorn",-6858.811,3970.1805,"El Governor Motel, 1701 US-98, Mexico Beach, FL 32456, USA",29.9420898,-85.4099396,construction hotel,landmarks/Port_Gellhorn/L806_unnamed_ingame.jpg,landmarks/Port_Gellhorn/L806_unnamed_reallife.jpg
L807,?,,Port Gellhorn,"?, Port Gellhorn",-6627.621999999999,3684.0865000000003,,,,,landmarks/Port_Gellhorn/L807_unnamed_ingame.jpg,
L808,?,,Port Gellhorn,"?, Port Gellhorn",-6639.257,3725.291,,,,,landmarks/Port_Gellhorn/L808_unnamed_ingame.jpg,
L809,?,,Port Gellhorn,"?, Port Gellhorn",-6651.507,3689.597,,,,,landmarks/Port_Gellhorn/L809_unnamed_ingame.jpg,
L810,Bridge,,Port Gellhorn,"Bridge, Port Gellhorn",-6580.281499999999,2500.8295,"CJXR+RXP Sebring, Florida, USA",27.4495875,-81.3575469,transportation,,landmarks/Port_Gellhorn/L810_Bridge_reallife.jpg
L811,Repair & Salvage,,Port Gellhorn,"Repair & Salvage, Port Gellhorn",-6682.6847439086505,3739.480269909845,,,,,landmarks/Port_Gellhorn/L811_Repair_Salvage_ingame.jpg,
L812,?,,Port Gellhorn,"?, Port Gellhorn",-6743.520021499842,3726.9758890605485,,,,,landmarks/Port_Gellhorn/L812_unnamed_ingame.jpg,
L813,?,,Port Gellhorn,"?, Port Gellhorn",-6915.35,3813.2850000000003,,,,,landmarks/Port_Gellhorn/L813_unnamed_ingame.jpg,
L814,?,,Port Gellhorn,"?, Port Gellhorn",-7843.592156450118,4177.064324529941,"Cemex Tampa Terminal, 3417 Port Sutton Rd, Tampa, FL 33619, USA",27.9048928,-82.42612869999999,industrial unconfirmed,landmarks/Port_Gellhorn/L814_unnamed_ingame.jpg,
L815,?,Ocean Beach,Vice Beach,"?, Ocean Beach, Vice Beach",1379.6237719556614,620.3625428497005,"1035 West Ave, Miami Beach, FL 33139, USA",25.781247,-80.141829,l4,landmarks/Vice_Beach/L815_unnamed_ingame.jpg,landmarks/Vice_Beach/L815_unnamed_reallife.jpg
L816,?,,Leonida,"?, Leonida",,,,,,residential,landmarks/Leonida/L816_unnamed_ingame.jpg,
L817,?,,Leonida,"?, Leonida",,,,,,residential,landmarks/Leonida/L817_unnamed_ingame.jpg,
L818,?,,Capri,"?, Capri",-6625.861,251.19150000000002,"Lake Mirror Tower Apartments, 130 S Massachusetts Ave, Lakeland, FL 33801, USA",28.0430471,-81.9539559,residential,landmarks/Capri/L818_unnamed_ingame.jpg,landmarks/Capri/L818_unnamed_reallife.jpg
L819,?,,Leonida,"?, Leonida",,,"8000 NW 5th Ave, Miami, FL 33150, USA",25.8481572,-80.2054361,residential,landmarks/Leonida/L819_unnamed_ingame.jpg,landmarks/Leonida/L819_unnamed_reallife.jpg
L820,Guardhouse,,Port Gellhorn,"Guardhouse, Port Gellhorn",-6381.049000000001,2587.7835,"FJ2R+55R Sebring, FL 33870, USA",27.4504875,-81.3596094,,,landmarks/Port_Gellhorn/L820_Guardhouse_reallife.jpg
L821,?,,Port Vice City,"?, Port Vice City",362.45787779197246,-746.7001162112206,"Cruise Terminal J, Caribbean Wy, Miami, FL 33132, USA",25.7745177,-80.1774915,transportation,,landmarks/Port_Vice_City/L821_unnamed_reallife.jpg
L822,USCAS?,,Mount Kalaga National Park,"USCAS?, Mount Kalaga National Park",,,"Mineral Development LLC, 4001 Noralyn Mine Rd, Bartow, FL 33830, USA",27.8367237,-81.8633296,demolished,landmarks/Mount_Kalaga_National_Park/L822_USCAS_ingame.jpg,landmarks/Mount_Kalaga_National_Park/L822_USCAS_reallife.jpg
L823,?,,Leonida,"?, Leonida",,,"Congo River Golf, 4777 W Irlo Bronson Memorial Hwy, Kissimmee, FL 34746, USA",28.3290732,-81.471272,//duplicate-of-823,landmarks/Leonida/L823_unnamed_ingame.jpg,landmarks/Leonida/L823_unnamed_reallife.jpg
L824,Shoreline Park?,Downtown,Vice City,"Shoreline Park?, Downtown, Vice City",-323.8733745116974,-152.3614429286257,"Bayfront Park, 301 Biscayne Blvd, Miami, FL 33132, USA",25.7752589,-80.18618889999999,public,,
L825,Bridge,,Key Lento,"Bridge, Key Lento",-2292.5326331007764,-4768.648502774427,"Lake Surprise Viaduct, 5JH9+PRJ, North Key Largo, FL 33037, USA",25.1793375,-80.3804844,transportation,landmarks/Key_Lento/L825_Bridge_ingame.jpg,
L826,Bridge,,Key Lento,"Bridge, Key Lento",-1791.0715,-5146.9715,,,,transportation,,
L827,Control Tower,,Mariana County,"Control Tower, Mariana County",-6487.617971180385,-6714.165171049105,"H8FC+HFQ Naval Air Station Key West, Florida, USA",24.5739625,-81.67876559999999,government,landmarks/Mariana_County/L827_Control_Tower_ingame.jpg,landmarks/Mariana_County/L827_Control_Tower_reallife.jpg
L828,Radar Tower,,Mariana County,"Radar Tower, Mariana County",-6714.6536053442705,-6461.230347707371,"H8M6+V8G Naval Air Station Key West, Florida, USA",24.5846875,-81.68917189999999,government,landmarks/Mariana_County/L828_Radar_Tower_ingame.jpg,landmarks/Mariana_County/L828_Radar_Tower_reallife.jpg
L829,Hangar,,Mariana County,"Hangar, Mariana County",-6616.954434627921,-6622.804020458596,"VFC-111, 563 Intrepid Ave, Naval Air Station Key West, FL 33040, USA",24.5775345,-81.7013798,government,landmarks/Mariana_County/L829_Hangar_ingame.jpg,landmarks/Mariana_County/L829_Hangar_reallife.jpg
L830,Weather Radar,,Mariana County,"Weather Radar, Mariana County",-6651.106204269318,-6412.811268259728,"KBYX Doppler Weather Radar, Saratoga Ave, Key West, FL 33040, USA",24.5974513,-81.7028358,utilities,landmarks/Mariana_County/L830_Weather_Radar_ingame.jpg,landmarks/Mariana_County/L830_Weather_Radar_reallife.jpg
L831,?,La Perle,Vice City,"?, La Perle, Vice City",-1190.9660032788543,1241.5019719600896,"RC Cola Plant, 567 NW 23rd St, Miami, FL 33125, USA",25.7993262,-80.20433589999999,industrial,landmarks/Vice_City/L831_unnamed_ingame.jpg,landmarks/Vice_City/L831_unnamed_reallife.jpg
L832,Ambrosia Police Department,,Ambrosia,"Ambrosia Police Department, Ambrosia",-2789.0353951760317,4168.818668851824,"DeSoto County Sheriff's Office, 208 E Cypress St, Arcadia, FL 34266, USA",27.217388,-81.8565665,government,landmarks/Ambrosia/L832_Ambrosia_Police_Department_ingame.jpg,landmarks/Ambrosia/L832_Ambrosia_Police_Department_reallife.jpg
L833,Abandoned Observatory,,Leonida,"Abandoned Observatory, Leonida",,,"9HM2+MWV Destin, Florida, USA",30.3842375,-86.4477031,events unconfirmed,,
L834,Fountain of Youth,,Leonida,"Fountain of Youth, Leonida",,,"Ponce de Leon's Fountain of Youth Archaeological Park, 11 Magnolia Ave, St. Augustine, FL 32084, USA",29.9069444,-81.31500000000001,events unconfirmed,,
L835,Giant Fish Building,,Leonida,"Giant Fish Building, Leonida",,,,,,events,,
L836,?,,Vice-Dale County,"?, Vice-Dale County",182.3569558065915,181.4066454501958,"Miami Seaplane Base, 1000 MacArthur Cswy, Miami, FL 33132, USA",25.7833583,-80.1774126,demolished,landmarks/Vice-Dale_County/L836_unnamed_ingame.jpg,landmarks/Vice-Dale_County/L836_unnamed_reallife.jpg
L837,?,,Vice-Dale County,"?, Vice-Dale County",123.07896127839717,364.93010791002627,"The Deck at Island Gardens, 888 Mac Arthur Cswy, Miami, FL 33132, USA",25.7842442,-80.1779476,,landmarks/Vice-Dale_County/L837_unnamed_ingame.jpg,landmarks/Vice-Dale_County/L837_unnamed_reallife.jpg
L838,?,,Vice-Dale County,"?, Vice-Dale County",451.6334974378928,277.2519094711347,"Watson Island Marina, 1050 MacArthur Cswy, Miami, FL 33132, USA",25.7833703,-80.17260979999999,unconfirmed,,landmarks/Vice-Dale_County/L838_unnamed_reallife.jpg
L839,?,,Vice-Dale County,"?, Vice-Dale County",166.496382543942,537.1629875095168,"Miami Friends of the Japanese Garden, 1101 MacArthur Cswy, Miami Beach, FL 33139, USA",25.787733,-80.17749069999999,,landmarks/Vice-Dale_County/L839_unnamed_ingame.jpg,landmarks/Vice-Dale_County/L839_unnamed_reallife.jpg
L840,?,,Vice-Dale County,"?, Vice-Dale County",328.489284435042,368.9289194397709,"Gift Shop Jungle Island, 1111 Parrot Jungle Trail, Miami, FL 33132, USA",25.7853753,-80.17408329999999,,landmarks/Vice-Dale_County/L840_unnamed_ingame.jpg,landmarks/Vice-Dale_County/L840_unnamed_reallife.jpg
L841,?,,Rialto Islands,"?, Rialto Islands",177.5734324715878,1116.3012826957597,"Venetian Causeway Park, 918-930 Venetian Causeway, Miami Beach, FL 33139, USA",25.7897828,-80.1769743,natural,,
L842,?,,Vice Beach,"?, Vice Beach",1148.1200127331506,1671.7128699626535,"iPaddle Miami, 1275 NE 79th St #4206, Miami, FL 33138, USA",25.849451,-80.167338,transportation unconfirmed,,
L843,Bridge,,Leonard County,"Bridge, Leonard County",362.789,2985.102,"Broad Causeway Bridge, 53 Broad Cswy, Bay Harbor Islands, FL 33154, USA",25.8873348,-80.1423897,transportation,,landmarks/Leonard_County/L843_Bridge_reallife.jpg
L844,Domed Hills,,Lummox County,"Domed Hills, Lummox County",-4499.138698176895,6256.415695111684,,,,natural unconfirmed,,
L845,Draper Island,,Kelly County,"Draper Island, Kelly County",,,,,,,landmarks/Kelly_County/L845_Draper_Island_ingame.jpg,
L846,?,,Mariana County,"?, Mariana County",-4335.9400000000005,-6854.738,"MFXV+VWR Cudjoe Key, FL 33042, USA",24.6997375,-81.50523439999999,government unconfirmed,landmarks/Mariana_County/L846_unnamed_ingame.jpg,landmarks/Mariana_County/L846_unnamed_reallife.jpg
L847,?,,Mariana County,"?, Mariana County",-4347.229,-6896.085,"PF2V+6X6 Cudjoe Key, FL 33042, USA",24.7005375,-81.5051094,government unconfirmed,landmarks/Mariana_County/L847_unnamed_ingame.jpg,landmarks/Mariana_County/L847_unnamed_reallife.jpg
L848,?,,Key Lento,"?, Key Lento",-2981.0035000000003,-6666.845,,,,,landmarks/Key_Lento/L848_unnamed_ingame.jpg,
L849,?,,Key Lento,"?, Key Lento",-2957.1105000000002,-6651.885,,,,,landmarks/Key_Lento/L849_unnamed_ingame.jpg,
L850,?,,Key Lento,"?, Key Lento",-2922.5055,-6617.6565,,,,,landmarks/Key_Lento/L850_unnamed_ingame.jpg,
L851,?,,Key Lento,"?, Key Lento",-2895.539,-6601.7564999999995,,,,,landmarks/Key_Lento/L851_unnamed_ingame.jpg,
L852,?,,Key Lento,"?, Key Lento",-2868.6150000000002,-6581.898,,,,,landmarks/Key_Lento/L852_unnamed_ingame.jpg,
L853,?,,Key Lento,"?, Key Lento",-2845.165,-6567.023999999999,,,,,landmarks/Key_Lento/L853_unnamed_ingame.jpg,
L854,?,,Key Lento,"?, Key Lento",-2798.4100000000003,-6522.9745,,,,,landmarks/Key_Lento/L854_unnamed_ingame.jpg,
L855,?,,Key Lento,"?, Key Lento",-2778.25,-6506.321,,,,,landmarks/Key_Lento/L855_unnamed_ingame.jpg,
L856,?,,Key Lento,"?, Key Lento",-2579.245,-6312.735,,,,,landmarks/Key_Lento/L856_unnamed_ingame.jpg,
L857,?,,Key Lento,"?, Key Lento",-2561.94,-6295.0305,,,,,landmarks/Key_Lento/L857_unnamed_ingame.jpg,
L858,?,,Key Lento,"?, Key Lento",-2172.83,-5820.214,,,,,landmarks/Key_Lento/L858_unnamed_ingame.jpg,
L859,?,,Key Lento,"?, Key Lento",-2243.236,-5529.481,,,,residential,landmarks/Key_Lento/L859_unnamed_ingame.jpg,
L860,?,,Key Lento,"?, Key Lento",-2259.541,-5538.3125,,,,residential,landmarks/Key_Lento/L860_unnamed_ingame.jpg,
L861,?,,Key Lento,"?, Key Lento",-2268.501,-5554.996,"3536 William Ave, Miami, FL 33133, USA",25.7261446,-80.2501875,residential unconfirmed,landmarks/Key_Lento/L861_unnamed_ingame.jpg,landmarks/Key_Lento/L861_unnamed_reallife.jpg
L862,?,,Key Lento,"?, Key Lento",-2249.3320000000003,-5565.734,,,,residential,landmarks/Key_Lento/L862_unnamed_ingame.jpg,
L863,?,,Key Lento,"?, Key Lento",-1859.4462666304798,-5338.0286971647565,,,,residential,landmarks/Key_Lento/L863_unnamed_ingame.jpg,
L864,?,,Key Lento,"?, Key Lento",-1926.6214108432018,-5449.609440129213,,,,residential,landmarks/Key_Lento/L864_unnamed_ingame.jpg,
L865,?,,Key Lento,"?, Key Lento",-1936.6007863082698,-5313.664749455217,"496 Barracuda Blvd, Key Largo, FL 33037, USA",25.1381251,-80.3958126,unconfirmed,landmarks/Key_Lento/L865_unnamed_ingame.jpg,
L866,?,,Key Lento,"?, Key Lento",-2899.811,-6290.421,,,,,landmarks/Key_Lento/L866_unnamed_ingame.jpg,
L867,?,,Key Lento,"?, Key Lento",-2882.755,-6275.144,,,,,landmarks/Key_Lento/L867_unnamed_ingame.jpg,
L868,?,,Key Lento,"?, Key Lento",-2872.978,-6263.308,,,,,landmarks/Key_Lento/L868_unnamed_ingame.jpg,
L869,?,,Key Lento,"?, Key Lento",-2856.143,-6254.473,,,,,landmarks/Key_Lento/L869_unnamed_ingame.jpg,
L870,?,,Key Lento,"?, Key Lento",-2789.4990000000003,-6162.379,,,,,landmarks/Key_Lento/L870_unnamed_ingame.jpg,
L871,?,,Key Lento,"?, Key Lento",-2789.7520000000004,-6145.182,,,,,landmarks/Key_Lento/L871_unnamed_ingame.jpg,
L872,?,,Key Lento,"?, Key Lento",-2784.998,-6130.223,,,,,landmarks/Key_Lento/L872_unnamed_ingame.jpg,
L873,?,,Key Lento,"?, Key Lento",-2679.6220000000003,-5941.128,,,,,landmarks/Key_Lento/L873_unnamed_ingame.jpg,
L874,?,,Key Lento,"?, Key Lento",-2661.6620000000003,-5908.5515,,,,,landmarks/Key_Lento/L874_unnamed_ingame.jpg,
L875,Hamilton Private Health Clinic,,Key Lento,"Hamilton Private Health Clinic, Key Lento",-1992.1309999999999,-5202.653,"Baptist Health Cancer Care, 3426 N Roosevelt Blvd, Key West, FL 33040, USA",24.5716722,-81.7610006,l4,landmarks/Key_Lento/L875_Hamilton_Private_Health_Clinic_ingame.jpg,landmarks/Key_Lento/L875_Hamilton_Private_Health_Clinic_reallife.jpg
L876,?,,Key Lento,"?, Key Lento",-1945.1072808859437,-5238.089176681999,"Key Largo Fire Station #25, 220 Reef Dr, Key Largo, FL 33037, USA",25.1734173,-80.3730191,government,landmarks/Key_Lento/L876_unnamed_ingame.jpg,landmarks/Key_Lento/L876_unnamed_reallife.jpg
L877,?,,Key Lento,"?, Key Lento",-2450.5950000000003,-5930.305,,,,,landmarks/Key_Lento/L877_unnamed_ingame.jpg,
L878,?,,Key Lento,"?, Key Lento",-2504.15,-6009.284,,,,,landmarks/Key_Lento/L878_unnamed_ingame.jpg,
L879,Fuzzard Power Station (S),,Peregrine Bay,"Fuzzard Power Station (S), Peregrine Bay",-1568.476,-3543.002,"Turkey Point Nuclear Power Station, Homestead, FL 33033, USA",25.434475,-80.3310504,utilities,landmarks/Peregrine_Bay/L879_Fuzzard_Power_Station_S_ingame.jpg,landmarks/Peregrine_Bay/L879_Fuzzard_Power_Station_S_reallife.jpg
L880,Fuzzard Power Station (1),,Peregrine Bay,"Fuzzard Power Station (1), Peregrine Bay",-1489.476,-3696.353,"Turkey Point Nuclear Power Station, Homestead, FL 33033, USA",25.434475,-80.3310504,utilities,landmarks/Peregrine_Bay/L880_Fuzzard_Power_Station_1_ingame.jpg,landmarks/Peregrine_Bay/L880_Fuzzard_Power_Station_1_reallife.jpg
L881,Fuzzard Power Station (2),,Peregrine Bay,"Fuzzard Power Station (2), Peregrine Bay",-1491.9573016010818,-3732.314765317847,"Turkey Point Nuclear Power Station, Homestead, FL 33033, USA",25.434475,-80.3310504,utilities,landmarks/Peregrine_Bay/L881_Fuzzard_Power_Station_2_ingame.jpg,landmarks/Peregrine_Bay/L881_Fuzzard_Power_Station_2_reallife.jpg
L882,Fuzzard Power Station (3),,Peregrine Bay,"Fuzzard Power Station (3), Peregrine Bay",-1491.2060000000001,-3778.413,"Turkey Point Nuclear Power Station, Homestead, FL 33033, USA",25.434475,-80.3310504,utilities,landmarks/Peregrine_Bay/L882_Fuzzard_Power_Station_3_ingame.jpg,
L883,Sculpture,Downtown,Vice City,"Sculpture, Downtown, Vice City",-337.2849378370304,-351.4781250040972,"QRG7+68R Miami, FL 33132, USA",25.7756125,-80.18673439999999,landmark unconfirmed,landmarks/Vice_City/L883_Sculpture_ingame.jpg,landmarks/Vice_City/L883_Sculpture_reallife.jpg
L884,Water Tower,,Leonard County,"Water Tower, Leonard County",-2690.4359999999997,1537.7095,"Sebring Water Tower, Ethiopia Blvd, Sebring, FL 33875, USA",27.4624582,-81.4546911,demolished unconfirmed utilities,landmarks/Leonard_County/L884_Water_Tower_ingame.jpg,landmarks/Leonard_County/L884_Water_Tower_reallife.jpg
L885,Water Tower,,Vice City,"Water Tower, Vice City",-2227.9092343804004,464.19054018772704,,,,,landmarks/Vice_City/L885_Water_Tower_ingame.jpg,
L886,Bridge,,Ambrosia,"Bridge, Ambrosia",-2760.9869562925032,4864.878414891704,"Blue Heron Blvd Bridge, Riviera Beach, FL 33404, USA",26.7831651,-80.0450599,transportation unconfirmed,landmarks/Ambrosia/L886_Bridge_ingame.jpg,landmarks/Ambrosia/L886_Bridge_reallife.jpg
L887,Parking Lot,,Ambrosia,"Parking Lot, Ambrosia",-2567.044172933373,5018.416136011762,"Parking Lot, Q36J+97W Clewiston, FL 33440, USA",26.7609875,-80.91929689999999,,landmarks/Ambrosia/L887_Parking_Lot_ingame.jpg,landmarks/Ambrosia/L887_Parking_Lot_reallife.jpg
L888,Radio Tower,,Ambrosia,"Radio Tower, Ambrosia",-2064.9769372723067,3342.648020373877,"113 E Ventura Ave, Clewiston, FL 33440, USA",26.7526771,-80.93363389999999,unconfirmed utilities,landmarks/Ambrosia/L888_Radio_Tower_ingame.jpg,landmarks/Ambrosia/L888_Radio_Tower_reallife.jpg
L889,Ancient Labyrinth,,Leonida,"Ancient Labyrinth, Leonida",,,,,,events,,
L890,Motorcycle Memorial,,Leonida,"Motorcycle Memorial, Leonida",,,"Daytona Beach Racing Memorial, Daytona Beach, FL 32118, USA",29.2307386,-81.00888499999999,events landmark unconfirmed,,landmarks/Leonida/L890_Motorcycle_Memorial_reallife.jpg
L891,Shooting Death Memorial,,Leonida,"Shooting Death Memorial, Leonida",,,,,,events landmark,,
L892,?,,Port Gellhorn,"?, Port Gellhorn",-6720.915567258257,3740.201025295897,,,,,,
L893,Parking Lot,Ocean Beach,Vice Beach,"Parking Lot, Ocean Beach, Vice Beach",1940.243,1491.178146411049,"Miami Beach Parking Lot, 2101 Collins Ave, Miami Beach, FL 33139, USA",25.796714,-80.12804059999999,,landmarks/Vice_Beach/L893_Parking_Lot_ingame.jpg,landmarks/Vice_Beach/L893_Parking_Lot_reallife.jpg
L894,?,,Waning Sands,"?, Waning Sands",-487.63200000000006,4265.2145,"2680 NW 84th Way, Pembroke Pines, FL 33024, USA",26.0323298,-80.2589191,residential,landmarks/Waning_Sands/L894_unnamed_ingame.jpg,
L895,?,,Waning Sands,"?, Waning Sands",-491.56650000000013,4283.9975,"2690 NW 84th Way, Pembroke Pines, FL 33024, USA",26.032468,-80.2589004,residential,landmarks/Waning_Sands/L895_unnamed_ingame.jpg,
L896,?,,Waning Sands,"?, Waning Sands",-476.6155000000001,4208.788500000001,"2650 NW 84th Way, Pembroke Pines, FL 33024, USA",26.031853,-80.2590887,residential,landmarks/Waning_Sands/L896_unnamed_ingame.jpg,
L897,?,,Waning Sands,"?, Waning Sands",-445.4430000000002,4206.7725,"2630 NW 84th Way, Pembroke Pines, FL 33024, USA",26.0316506,-80.2586979,residential,landmarks/Waning_Sands/L897_unnamed_ingame.jpg,
L898,?,,Waning Sands,"?, Waning Sands",-425.8180000000002,4235.4475,"2637 NW 84th Way, Pembroke Pines, FL 33024, USA",26.0317537,-80.258526,residential,landmarks/Waning_Sands/L898_unnamed_ingame.jpg,
L899,?,,Waning Sands,"?, Waning Sands",-426.78300000000013,4263.6900000000005,"2657 NW 84th Way, Pembroke Pines, FL 33024, USA",26.0320605,-80.25839859999999,residential,landmarks/Waning_Sands/L899_unnamed_ingame.jpg,
L900,?,,Waning Sands,"?, Waning Sands",-438.855,4344.1685,,,,residential,landmarks/Waning_Sands/L900_unnamed_ingame.jpg,
L901,?,,Waning Sands,"?, Waning Sands",-439.7660000000001,4329.0885,,,,residential,landmarks/Waning_Sands/L901_unnamed_ingame.jpg,
L902,Outdoor Movie Screen?,,Watson Bay,"Outdoor Movie Screen?, Watson Bay",-4771.515530854058,-3446.407843546046,,,,leisure unconfirmed,landmarks/Watson_Bay/L902_Outdoor_Movie_Screen_ingame.jpg,
L903,?,,Goose Key,"?, Goose Key",-6421.9395815147245,-6380.904118100224,,,,//pink retail,,
L904,?,,Mariana County,"?, Mariana County",-8042.127803077073,-7080.297760267123,"Sand Key Lighthouse, F43F+H3 Key West, FL 33040, USA",24.4539719,-81.8773447,transportation unconfirmed,landmarks/Mariana_County/L904_unnamed_ingame.jpg,landmarks/Mariana_County/L904_unnamed_reallife.jpg
L905,Train Bridge,,Leonida,"Train Bridge, Leonida",,,"Hillman Bridge, 3646 205th Ln, Live Oak, FL 32060, USA",30.3846202,-83.174635,transportation unconfirmed,landmarks/Leonida/L905_Train_Bridge_ingame.jpg,landmarks/Leonida/L905_Train_Bridge_reallife.jpg
L906,River,,Leonida,"River, Leonida",,,"Suwannee River, USA",30.00989060130116,-82.87892651268118,natural unconfirmed,landmarks/Leonida/L906_River_ingame.jpg,
L907,?,Peacock Bay,Vice City,"?, Peacock Bay, Vice City",-953.354902250256,-2195.856519034062,"Miami City Hall, 3500 Pan American Dr, Miami, FL 33133, USA",25.7276845,-80.2337652,government l4,landmarks/Vice_City/L907_unnamed_ingame.jpg,landmarks/Vice_City/L907_unnamed_reallife.jpg
L908,?,Crosstown,Vice City,"?, Crosstown, Vice City",-648.0055898744574,1031.757787344555,"219 NW 20th St, Miami, FL 33127, USA",25.795658,-80.199356,retail,landmarks/Vice_City/L908_unnamed_ingame.jpg,landmarks/Vice_City/L908_unnamed_reallife.jpg
L909,Empty Lot,Crosstown,Vice City,"Empty Lot, Crosstown, Vice City",-627.8860503597622,957.8052107643775,"Parking Lot, 1433 NE Miami Pl, Miami, FL 33132, USA",25.78894,-80.19284499999999,,landmarks/Vice_City/L909_Empty_Lot_ingame.jpg,landmarks/Vice_City/L909_Empty_Lot_reallife.jpg
L910,?,La Perle,Vice City,"?, La Perle, Vice City",-618.7630343714924,1653.9149023603236,,,,//green,landmarks/Vice_City/L910_unnamed_ingame.jpg,
L911,?,Crosstown,Vice City,"?, Crosstown, Vice City",-769.8679999999999,1153.6019999999999,"499 NW 5th St, Miami, FL 33128, USA",25.7789385,-80.2027375,residential,landmarks/Vice_City/L911_unnamed_ingame.jpg,landmarks/Vice_City/L911_unnamed_reallife.jpg
L912,?,Crosstown,Vice City,"?, Crosstown, Vice City",-801.4933116726459,1158.2086000598174,,,,,landmarks/Vice_City/L912_unnamed_ingame.jpg,
L913,Limit HQ,Downtown,Vice City,"Limit HQ, Downtown, Vice City",-886.8950037105939,-146.23665826858846,"Bank of America Financial Center, 150 W Flagler St, Miami, FL 33130, USA",25.7735721,-80.1970523,l4,landmarks/Vice_City/L913_Limit_HQ_ingame.jpg,landmarks/Vice_City/L913_Limit_HQ_reallife.jpg
L914,Prison Tower (1),Prison,Hamlet,"Prison Tower (1), Prison, Hamlet",-2905.3989519093366,-2743.2227083477396,,,,government,landmarks/Hamlet/L914_Prison_Tower_1_ingame.jpg,
L915,Prison Tower (2),Prison,Hamlet,"Prison Tower (2), Prison, Hamlet",-2748.5687050294,-2772.008575297359,,,,government,landmarks/Hamlet/L915_Prison_Tower_2_ingame.jpg,
L916,Prison Tower (3),Prison,Hamlet,"Prison Tower (3), Prison, Hamlet",-2613.43124658813,-2856.8638159806014,,,,government,landmarks/Hamlet/L916_Prison_Tower_3_ingame.jpg,
L917,Prison Tower (4),Prison,Hamlet,"Prison Tower (4), Prison, Hamlet",-2665.155083928734,-2929.7777165087537,,,,government,landmarks/Hamlet/L917_Prison_Tower_4_ingame.jpg,
L918,Prison Tower (5),Prison,Hamlet,"Prison Tower (5), Prison, Hamlet",-2917.0824676747147,-2943.0734424303523,,,,government,landmarks/Hamlet/L918_Prison_Tower_5_ingame.jpg,
L919,Prison Tower (6),Prison,Hamlet,"Prison Tower (6), Prison, Hamlet",-3030.0948456554715,-2832.6302618769028,,,,government,landmarks/Hamlet/L919_Prison_Tower_6_ingame.jpg,
L920,"""Glitching Sands""",,Leonard County,"""Glitching Sands"", Leonard County",579.0936586226276,6049.078978954452,"Cape Canaveral, Florida, USA",28.3922182,-80.60771319999999,l1 natural unconfirmed,landmarks/Leonard_County/L920_Glitching_Sands_ingame.jpg,
L921,Office Building,Allied Crystal,Ambrosia,"Office Building, Allied Crystal, Ambrosia",-2778.1623961476125,3972.859053955721,"US Sugar, Georgia Ave, Clewiston, FL 33440, USA",26.7375924,-80.9371426,office,landmarks/Ambrosia/L921_Office_Building_ingame.jpg,landmarks/Ambrosia/L921_Office_Building_reallife.jpg
L922,Warehouse,Allied Crystal,Ambrosia,"Warehouse, Allied Crystal, Ambrosia",-2776.2219376167977,3797.918924155026,"US Sugar Mill, Georgia Ave, Clewiston, FL 33440, USA",26.7363919,-80.93640169999999,industrial,landmarks/Ambrosia/L922_Warehouse_ingame.jpg,landmarks/Ambrosia/L922_Warehouse_reallife.jpg
L923,?,Allied Crystal,Ambrosia,"?, Allied Crystal, Ambrosia",-2659.532471410047,3939.5941038520486,"1500 Sonora Ave, Clewiston, FL 33440, USA",26.7391894,-80.9351198,,landmarks/Ambrosia/L923_unnamed_ingame.jpg,landmarks/Ambrosia/L923_unnamed_reallife.jpg
L924,?,Allied Crystal,Ambrosia,"?, Allied Crystal, Ambrosia",-2640.0324374840566,3924.557090827073,,,,,landmarks/Ambrosia/L924_unnamed_ingame.jpg,
L925,?,Allied Crystal,Ambrosia,"?, Allied Crystal, Ambrosia",-2931.9823848951473,3802.8981603524126,,,,industrial,landmarks/Ambrosia/L925_unnamed_ingame.jpg,
L926,Football Stadium?,,Ambrosia,"Football Stadium?, Ambrosia",-3188.1753405538475,4385.811785188843,"Cane Field, 601 W Pasadena Ave, Clewiston, FL 33440, USA",26.7570839,-80.9405182,leisure unconfirmed,landmarks/Ambrosia/L926_Football_Stadium_ingame.jpg,
L927,?,,Ambrosia,"?, Ambrosia",-2853.298981639038,4610.513033653619,,,,,landmarks/Ambrosia/L927_unnamed_ingame.jpg,
L928,?,,Ambrosia,"?, Ambrosia",-2619.7335,4485.1035,,,,,landmarks/Ambrosia/L928_unnamed_ingame.jpg,
L929,?,,Ambrosia,"?, Ambrosia",-2344.804804752386,4063.138514026082,,,,,landmarks/Ambrosia/L929_unnamed_ingame.jpg,
L930,?,,Ambrosia,"?, Ambrosia",-2296.1312621095653,3919.5684679580413,,,,,landmarks/Ambrosia/L930_unnamed_ingame.jpg,
L931,?,,Ambrosia,"?, Ambrosia",-2363.035287390273,3890.094818143128,,,,,landmarks/Ambrosia/L931_unnamed_ingame.jpg,
L932,?,,Ambrosia,"?, Ambrosia",-2734.3531006990115,4687.527904429074,,,,leisure,landmarks/Ambrosia/L932_unnamed_ingame.jpg,
L933,?,,Ambrosia,"?, Ambrosia",-2428.763,4283.092,,,,,landmarks/Ambrosia/L933_unnamed_ingame.jpg,
L934,?,,Port Gellhorn,"?, Port Gellhorn",-7898.153049793773,5034.635789554472,,,,,landmarks/Port_Gellhorn/L934_unnamed_ingame.jpg,
L935,?,,Mariana County,"?, Mariana County",-5128.4147193161325,-1102.2186173874506,"South Florida Concrete Block, 5800 SW 177th Ave, Miami, FL 33193, USA",25.7088402,-80.4834965,industrial unconfirmed,landmarks/Mariana_County/L935_unnamed_ingame.jpg,landmarks/Mariana_County/L935_unnamed_reallife.jpg
L936,?,,Leonida,"?, Leonida",,,,,,,landmarks/Leonida/L936_unnamed_ingame.jpg,
L937,?,,Vice City,"?, Vice City",,,,,,,landmarks/Vice_City/L937_unnamed_ingame.jpg,
L938,?,,Vice City,"?, Vice City",,,,,,,landmarks/Vice_City/L938_unnamed_ingame.jpg,
L939,?,,Capri,"?, Capri",-6726.787224078109,107.09605771348356,,,,,landmarks/Capri/L939_unnamed_ingame.jpg,
L940,?,,Capri,"?, Capri",-6736.312,75.45900000000006,,,,,landmarks/Capri/L940_unnamed_ingame.jpg,
L941,?,,Capri,"?, Capri",-6754.362,11.70900000000006,,,,,landmarks/Capri/L941_unnamed_ingame.jpg,
L942,?,,Capri,"?, Capri",-6745.792,43.81750000000011,,,,,landmarks/Capri/L942_unnamed_ingame.jpg,
L943,Mason's Shrimp Shack,,Port Gellhorn,"Mason's Shrimp Shack, Port Gellhorn",-6482.331010206695,4363.613282578895,"The Shrimp Boat, 1201 Beck Ave, Panama City, FL 32401, USA",30.1701438,-85.7017606,restaurant unconfirmed,landmarks/Port_Gellhorn/L943_Masons_Shrimp_Shack_ingame.jpg,landmarks/Port_Gellhorn/L943_Masons_Shrimp_Shack_reallife.jpg
L944,?,,Port Gellhorn,"?, Port Gellhorn",-6591.756,3441.369,,,,,,
L945,Pier,,Port Gellhorn,"Pier, Port Gellhorn",-6600.256,3455.869,,,,,,
L946,Pier,,Port Gellhorn,"Pier, Port Gellhorn",-6640.256,3411.369,"7933+9JF Lynn Haven, Florida, USA",30.2534375,-85.6459531,,,
L947,Juice Fruit Sign,,Port Gellhorn,"Juice Fruit Sign, Port Gellhorn",-6568.562220634092,3643.496497832098,"2108 US-27, Lake Placid, FL 33852, USA",27.2395671,-81.3341437,,landmarks/Port_Gellhorn/L947_Juice_Fruit_Sign_ingame.jpg,landmarks/Port_Gellhorn/L947_Juice_Fruit_Sign_reallife.jpg
L948,?,,Port Gellhorn,"?, Port Gellhorn",-6566.118182467713,3691.364534781275,,,,,landmarks/Port_Gellhorn/L948_unnamed_ingame.jpg,
L949,?,,Port Gellhorn,"?, Port Gellhorn",-6574.829349226462,3714.2065340491404,,,,,landmarks/Port_Gellhorn/L949_unnamed_ingame.jpg,
L950,?,,Port Gellhorn,"?, Port Gellhorn",-6584.024189790208,3750.6785619071984,,,,,landmarks/Port_Gellhorn/L950_unnamed_ingame.jpg,
L951,?,,Port Gellhorn,"?, Port Gellhorn",-6655.23,3847.7560000000003,,,,,landmarks/Port_Gellhorn/L951_unnamed_ingame.jpg,
L952,?,,Port Gellhorn,"?, Port Gellhorn",-6333.230123759284,3291.9606287221504,"6242 Tyndall Pkwy, Panama City, FL 32404, USA",30.1122336,-85.60188099999999,demolished retail,,landmarks/Port_Gellhorn/L952_unnamed_reallife.jpg
L953,?,,Port Gellhorn,"?, Port Gellhorn",-6372.768493723629,3260.841305439082,,,,,,
L954,?,,Port Gellhorn,"?, Port Gellhorn",-6370.118,3344.797,,,,,,
L955,Park,,Port Gellhorn,"Park, Port Gellhorn",-6360.118,3142.547,"4CH5+G7M Parker, Florida, USA",30.1288375,-85.5918281,,,
L956,?,,Port Gellhorn,"?, Port Gellhorn",-6594.618,2968.596,,,,,,
L957,?,,Port Gellhorn,"?, Port Gellhorn",-6591.922,3036.185,"Diver's Den, 6222 E Hwy 98, Panama City, FL 32404, USA",30.113022,-85.60134099999999,unconfirmed,,landmarks/Port_Gellhorn/L957_unnamed_reallife.jpg
L958,?,,Port Gellhorn,"?, Port Gellhorn",-6492.922,3061.935,,,,,,
L959,Welcome to Port Gellhorn Sign,,Port Gellhorn,"Welcome to Port Gellhorn Sign, Port Gellhorn",-6288.0028889519635,2851.479292182538,,,,l1 landmark,landmarks/Port_Gellhorn/L959_Welcome_to_Port_Gellhorn_Sign_ingame.jpg,
L960,?,,Port Gellhorn,"?, Port Gellhorn",-6242.177,4307.712,,,,,landmarks/Port_Gellhorn/L960_unnamed_ingame.jpg,
L961,?,,Port Gellhorn,"?, Port Gellhorn",-6241.932,4285.321,,,,,landmarks/Port_Gellhorn/L961_unnamed_ingame.jpg,
L962,?,,Port Gellhorn,"?, Port Gellhorn",-6380.456163347165,3409.646201770046,"Aragon Mill, Aragon, GA 30104, USA",34.0448288,-85.0583858,industrial,landmarks/Port_Gellhorn/L962_unnamed_ingame.jpg,landmarks/Port_Gellhorn/L962_unnamed_reallife.jpg
L963,?,,Port Gellhorn,"?, Port Gellhorn",-6381.014647916623,3751.16045984791,,,,,landmarks/Port_Gellhorn/L963_unnamed_ingame.jpg,
L964,?,,Port Gellhorn,"?, Port Gellhorn",-6377.528813639086,3639.542427316029,,,,,landmarks/Port_Gellhorn/L964_unnamed_ingame.jpg,
L965,?,,Port Gellhorn,"?, Port Gellhorn",-6400.477644238376,3635.4848959799106,,,,,landmarks/Port_Gellhorn/L965_unnamed_ingame.jpg,
L966,?,,Port Gellhorn,"?, Port Gellhorn",-6424.509157762766,3629.2721173256054,,,,,landmarks/Port_Gellhorn/L966_unnamed_ingame.jpg,
L967,?,,Port Gellhorn,"?, Port Gellhorn",-6280.065,4504.3060000000005,,,,,landmarks/Port_Gellhorn/L967_unnamed_ingame.jpg,
L968,?,,Port Gellhorn,"?, Port Gellhorn",-6319.88,4509.072,,,,l1,landmarks/Port_Gellhorn/L968_unnamed_ingame.jpg,
L969,?,,Port Gellhorn,"?, Port Gellhorn",-6362.4,4597.641,,,,l1,landmarks/Port_Gellhorn/L969_unnamed_ingame.jpg,
L970,?,,Hamlet,"?, Hamlet",-2974.5614612493173,-2687.027000109507,,,,industrial l4,landmarks/Hamlet/L970_unnamed_ingame.jpg,
L971,?,,Hamlet,"?, Hamlet",-2919.0818631974207,-2684.3088816426257,,,,industrial l4,landmarks/Hamlet/L971_unnamed_ingame.jpg,
L972,?,,Hamlet,"?, Hamlet",-3022.5740116918837,-2684.986997045784,,,,industrial l4,landmarks/Hamlet/L972_unnamed_ingame.jpg,
L973,?,,Leonida,"?, Leonida",-3135.6229999999996,-2572.276,"Moore Haven Lock & Dam, 204 Lock Rd, Moore Haven, FL 33471, USA",26.8400588,-81.087352,transportation unconfirmed,landmarks/Leonida/L973_unnamed_ingame.jpg,landmarks/Leonida/L973_unnamed_reallife.jpg
L974,?,,Mariana County,"?, Mariana County",-3208.2929999999997,-2552.264,,,,,landmarks/Mariana_County/L974_unnamed_ingame.jpg,
L975,?,Little Cuba,Vice City,"?, Little Cuba, Vice City",-1206.4400599613732,-56.0467628138895,"Oster Tire, 1236 W Flagler St, Miami, FL 33135, USA",25.7732989,-80.2156505,l1 retail,landmarks/Vice_City/L975_unnamed_ingame.jpg,landmarks/Vice_City/L975_unnamed_reallife.jpg
L976,?,Little Cuba,Vice City,"?, Little Cuba, Vice City",-1081.3973141823017,311.00796911961083,,,,,landmarks/Vice_City/L976_unnamed_ingame.jpg,
L977,Lake,Crosstown,Vice City,"Lake, Crosstown, Vice City",-1059.810907092606,442.50487612347445,"QQQV+9XG Miami, Florida, USA",25.7884375,-80.2050469,,,
L978,?,,Mariana County,"?, Mariana County",-6282.045734010869,-6819.495019355303,,,,,landmarks/Mariana_County/L978_unnamed_ingame.jpg,
L979,?,,Mariana County,"?, Mariana County",,,"The Hemingway Home and Museum, 907 Whitehead St, Key West, FL 33040, USA",24.5511923,-81.8006162,events unconfirmed,,
L980,?,,Port Gellhorn,"?, Port Gellhorn",-6757.72,3813.0335000000005,"1515 E 11th St, Panama City, FL 32401, USA",30.1681325,-85.6389105,unconfirmed,landmarks/Port_Gellhorn/L980_unnamed_ingame.jpg,
L981,La Cascara Motel,,Port Gellhorn,"La Cascara Motel, Port Gellhorn",,,,,,events hotel,,
L982,Cafe Carraway,Tequesta,Vice City,"Cafe Carraway, SW 4th Ave, Tequesta, Vice City",-908.367275151106,-1058.8613168146662,"The Hampton Social, 900 S Miami Ave, Miami, FL 33130, USA",25.7650202,-80.1936128,events l4 restaurant,landmarks/Vice_City/L982_Cafe_Carraway_ingame.jpg,landmarks/Vice_City/L982_Cafe_Carraway_reallife.jpg
L983,Akery Inn,,Leonida,"Akery Inn, Leonida",,,"Greyfield Inn, 4 N 2nd St, Cumberland Island, GA 32034, USA",30.7797825,-81.46858379999999,events hotel unconfirmed,,
L984,?,,Leonard County,"?, Leonard County",-528.4584248058118,2822.629234809636,,,,,landmarks/Leonard_County/L984_unnamed_ingame.jpg,
L985,Abandoned Research Outpost,,Leonida,"Abandoned Research Outpost, Leonida",,,,,,events,,
L986,Pet Cemetery,,Leonida,"Pet Cemetery, Leonida",,,,,,events,,
L987,Monument of Leonida,,Leonida,"Monument of Leonida, Leonida",,,,,,events landmark,,
L988,Kraken Sculpture,,Leonida,"Kraken Sculpture, Leonida",,,,,,events landmark,,
L989,Singing Road,,Leonida,"Singing Road, Leonida",,,,,,events,,
L990,Canal,,Port Gellhorn,"Canal, Port Gellhorn",-6850.0635,3820.8220000000006,"WHVR+4JR Mexico Beach, Florida, USA",29.9428625,-85.40848439999999,natural,,
L991,Clinic,,Port Gellhorn,"Clinic, Port Gellhorn",,,,,,events public,,
L992,?,Peacock Bay,Vice City,"?, Peacock Bay, Vice City",-914.3270000000002,-1801.1655,"U.S. Coast Guard, 2620 S Bayshore Dr, Coconut Grove, FL 33133, USA",25.7312249,-80.233938,l4,landmarks/Vice_City/L992_unnamed_ingame.jpg,landmarks/Vice_City/L992_unnamed_reallife.jpg
L993,St. Joseph Marina,St. Joseph,Leonida,"St. Joseph Marina, St. Joseph, Leonida",,,,,,events,,
L994,Sundown Beach,Sundown,Leonida,"Sundown Beach, Sundown, Leonida",,,,,,events,,
L995,Construction Site,,Redhill,"Construction Site, Redhill",,,,,,events,,
L996,Quarry,,Leonida,"Quarry, Leonida",,,,,,events,,
L997,Survival Compound,,Leonida,"Survival Compound, Leonida",,,,,,events,,
L998,Trolley Car Reefs,,Leonida,"Trolley Car Reefs, Leonida",,,,,,events,,
L999,Underwater Ruins,,Leonida,"Underwater Ruins, Leonida",,,,,,events,,
L1000,Lake Leonida,,Leonard County,"Lake Leonida, Leonard County",-1975.158607719366,4731.927298577086,"Lake Okeechobee, FL, USA",26.9689536,-80.79758340000001,natural,landmarks/Leonard_County/L1000_Lake_Leonida_ingame.jpg,landmarks/Leonard_County/L1000_Lake_Leonida_reallife.jpg
L1001,Whale Graveyard,,Leonida,"Whale Graveyard, Leonida",,,,,,events,,
L1002,?,,Port Gellhorn,"?, Port Gellhorn",-7929.838337256229,4079.9261966617164,"Kinder Morgan Tampaplex Terminal, 4801 Port Sutton Rd, Tampa, FL 33619, USA",27.906224,-82.4220347,industrial unconfirmed,landmarks/Port_Gellhorn/L1002_unnamed_ingame.jpg,
L1003,?,,Port Gellhorn,"?, Port Gellhorn",-7849.958798398266,4238.826038081019,"Cemex Tampa Cement Terminal, 3400 Pendola Point Rd, Tampa, FL 33619, USA",27.9012547,-82.4296545,industrial unconfirmed,landmarks/Port_Gellhorn/L1003_unnamed_ingame.jpg,
L1004,?,,Gloriana Key,"?, Gloriana Key",1125.6219164170293,-1703.1157589233126,"Historic Virginia Key Beach Park, 4020 Virginia Beach Dr, Miami, FL 33149, USA",25.7363104,-80.15618850000001,natural unconfirmed,,landmarks/Gloriana_Key/L1004_unnamed_reallife.jpg
L1005,?,,Catalan Key,"?, Catalan Key",-413.6288527512652,-2752.479373673971,"Bill Baggs Cape Florida State Park, 1200 Crandon Blvd, Key Biscayne, FL 33149, USA",25.6755217,-80.1590677,natural unconfirmed,landmarks/Catalan_Key/L1005_unnamed_ingame.jpg,
L1006,Tisha-Wocka Flea Market,Tisha-Wocka,Vice City,"Tisha-Wocka Flea Market, Tisha-Wocka, Vice City",-2816.6045133396606,749.8640475234197,"Opa-Locka Flea Market, 12705 NW 42nd Ave, Opa-locka, FL 33054, USA",25.8950614,-80.266804,//pink demolished retail,,landmarks/Vice_City/L1006_Tisha-Wocka_Flea_Market_reallife.jpg
L1007,"""Mariana Island""",,Mariana County,"""Mariana Island"", Mariana County",-7299.3573678381035,-3910.3805941592987,,,,natural,,
L1008,Animal Hospital of Key Lento,,Key Lento,"Animal Hospital of Key Lento, Key Lento",,,"The Animal Hospital of Islamorada, 82771 Overseas Hwy, Islamorada, FL 33036, USA",24.9279425,-80.6235749,public unconfirmed,landmarks/Key_Lento/L1008_Animal_Hospital_of_Key_Lento_ingame.jpg,landmarks/Key_Lento/L1008_Animal_Hospital_of_Key_Lento_reallife.jpg
L1009,?,,Vice City,"?, Vice City",-1691.1805000000002,-944.3824999999999,,,,//todo industrial,landmarks/Vice_City/L1009_unnamed_ingame.jpg,
L1010,?,,Vice City,"?, Vice City",-1692.3790000000004,-956.0374999999999,"QPVJ+5M6 Miami, Florida, USA",25.7929125,-80.2683594,industrial,landmarks/Vice_City/L1010_unnamed_ingame.jpg,landmarks/Vice_City/L1010_unnamed_reallife.jpg
L1011,?,,Vice City,"?, Vice City",-1705.2465696852746,-954.4219339475518,"QPRH+8HC Miami, Florida, USA",25.7908125,-80.2711094,//todo industrial,landmarks/Vice_City/L1011_unnamed_ingame.jpg,landmarks/Vice_City/L1011_unnamed_reallife.jpg
L1012,?,,Ambrosia,"?, Ambrosia",-2717.417,4229.878,,,,,landmarks/Ambrosia/L1012_unnamed_ingame.jpg,
L1013,?,,Key Lento,"?, Key Lento",-2289.5280000000002,-5573.468,"13 Norwood Ave, Key Largo, FL 33037, USA",25.1662614,-80.3810663,residential unconfirmed,landmarks/Key_Lento/L1013_unnamed_ingame.jpg,landmarks/Key_Lento/L1013_unnamed_reallife.jpg
L1014,?,,Key Lento,"?, Key Lento",-2219.82,-5315.7595,,,,residential,landmarks/Key_Lento/L1014_unnamed_ingame.jpg,
L1015,?,Ocean Beach,Vice Beach,"?, Ocean Beach, Vice Beach",2001.0683578226515,382.81974341779966,"Muscle Beach South Beach, 873 Ocean Dr, Miami Beach, FL 33139, USA",25.7788123,-80.1305957,leisure,landmarks/Vice_Beach/L1015_unnamed_ingame.jpg,landmarks/Vice_Beach/L1015_unnamed_reallife.jpg
L1016,?,Ocean Beach,Vice Beach,"?, Ocean Beach, Vice Beach",2004.1604458952297,402.46135229031313,"Sclupture, Muscle Beach South Beach, 873 Ocean Dr, Miami Beach, FL 33139, USA",25.7788123,-80.1305957,landmark,landmarks/Vice_Beach/L1016_unnamed_ingame.jpg,landmarks/Vice_Beach/L1016_unnamed_reallife.jpg
L1017,"""Yellow House""",,Key Lento,"""Yellow House"", Key Lento",-2219.8231731607366,-5474.322831336815,,,,residential,landmarks/Key_Lento/L1017_Yellow_House_ingame.jpg,
L1018,"""Blue House""",,Key Lento,"""Blue House"", Key Lento",-2210.135792891363,-5460.913614839046,,,,residential,landmarks/Key_Lento/L1018_Blue_House_ingame.jpg,
L1019,"""White House""",,Key Lento,"""White House"", Key Lento",-2203.4808539399273,-5446.757491612721,,,,residential,landmarks/Key_Lento/L1019_White_House_ingame.jpg,
L1020,?,Ocean Beach,Vice Beach,"?, Ocean Beach, Vice Beach",1480.35323911884,1403.6710640311394,"1670 Bay Rd, Miami Beach, FL 33139, USA",25.7911798,-80.1439577,l4,landmarks/Vice_Beach/L1020_unnamed_ingame.jpg,landmarks/Vice_Beach/L1020_unnamed_reallife.jpg
L1021,?,Ocean Beach,Vice Beach,"?, Ocean Beach, Vice Beach",1592.885,1288.139,"1102 Lincoln Rd, Miami Beach, FL 33139, USA",25.7903103,-80.1402742,unconfirmed,landmarks/Vice_Beach/L1021_unnamed_ingame.jpg,landmarks/Vice_Beach/L1021_unnamed_reallife.jpg
L1022,?,Ocean Beach,Vice Beach,"?, Cabeça St, Ocean Beach, Vice Beach",1498.461108325803,1222.3021246132673,"Jefferson Park Condominiums, 1498 Jefferson Ave, Miami Beach, FL 33139, USA",25.7870903,-80.1379318,residential,landmarks/Vice_Beach/L1022_unnamed_ingame.jpg,landmarks/Vice_Beach/L1022_unnamed_reallife.jpg
L1023,?,Ocean Beach,Vice Beach,"?, Ocean Beach, Vice Beach",1681.8759482861751,1352.6473096365291,"421 Lincoln Rd, Miami Beach, FL 33139, USA",25.7909692,-80.1324205,retail unconfirmed,landmarks/Vice_Beach/L1023_unnamed_ingame.jpg,landmarks/Vice_Beach/L1023_unnamed_reallife.jpg
L1024,?,Ocean Beach,Vice Beach,"?, Ocean Beach, Vice Beach",1663.417779523536,1350.3365080045273,"1821 Jefferson Ave, Miami Beach, FL 33139, USA",25.7939624,-80.13758100000001,unconfirmed,landmarks/Vice_Beach/L1024_unnamed_ingame.jpg,landmarks/Vice_Beach/L1024_unnamed_reallife.jpg
L1025,Parking Garage,Ocean Beach,Vice Beach,"Parking Garage, Ocean Beach, Vice Beach",1452.96,1223.8935,"1100 Lincoln Rd, Miami Beach, FL 33139, USA",25.7902592,-80.1401527,,landmarks/Vice_Beach/L1025_Parking_Garage_ingame.jpg,landmarks/Vice_Beach/L1025_Parking_Garage_reallife.jpg
L1026,Cabin,,Mariana County,"Cabin, Mariana County",,,,,,,landmarks/Mariana_County/L1026_Cabin_ingame.jpg,
L1027,Cabin,,Mount Kalaga National Park,"Cabin, Mount Kalaga National Park",,,"Woods Ferry River Camp, Live Oak, FL 32060, USA",30.3545905,-82.8558602,unconfirmed,landmarks/Mount_Kalaga_National_Park/L1027_Cabin_ingame.jpg,landmarks/Mount_Kalaga_National_Park/L1027_Cabin_reallife.jpg
L1028,?,,Mount Kalaga National Park,"?, Mount Kalaga National Park",,,,,,,landmarks/Mount_Kalaga_National_Park/L1028_unnamed_ingame.jpg,
L1029,?,Downtown,Vice City,"?, Downtown, Vice City",-597.067,-300.0345,"265 SE 1st St, Miami, FL 33131, USA",25.7736219,-80.18914459999999,,landmarks/Vice_City/L1029_unnamed_ingame.jpg,landmarks/Vice_City/L1029_unnamed_reallife.jpg
L1030,Parking Lot,Downtown,Vice City,"Parking Lot, Downtown, Vice City",-615.9050000000002,-7.722000000000008,,,,l4,landmarks/Vice_City/L1030_Parking_Lot_ingame.jpg,landmarks/Vice_City/L1030_Parking_Lot_reallife.jpg
L1031,?,Downtown,Vice City,"?, Downtown, Vice City",-638.7683976749443,-265.0379137807951,"22 E Flagler St #8, Miami, FL 33131, USA",25.7736786,-80.1932167,l4,landmarks/Vice_City/L1031_unnamed_ingame.jpg,landmarks/Vice_City/L1031_unnamed_reallife.jpg
L1032,?,,Key Lento,"?, Key Lento",,,,,,residential,landmarks/Key_Lento/L1032_unnamed_ingame.jpg,
L1033,?,,Key Lento,"?, Key Lento",,,,,,residential,landmarks/Key_Lento/L1033_unnamed_ingame.jpg,
L1034,?,,Key Lento,"?, Key Lento",,,,,,residential,landmarks/Key_Lento/L1034_unnamed_ingame.jpg,
L1035,?,,Key Lento,"?, Key Lento",,,,,,residential,landmarks/Key_Lento/L1035_unnamed_ingame.jpg,
L1036,?,,Key Lento,"?, Key Lento",-2250.83,-5247.459,,,,,landmarks/Key_Lento/L1036_unnamed_ingame.jpg,
L1037,?,,Key Lento,"?, Key Lento",-2227.8050000000003,-5244.223,,,,,landmarks/Key_Lento/L1037_unnamed_ingame.jpg,
L1038,?,,Key Lento,"?, Key Lento",-2822.1220000000003,-6276.2355,,,,,landmarks/Key_Lento/L1038_unnamed_ingame.jpg,
L1039,Wonder Whale?,,Key Lento,"Wonder Whale?, Key Lento",-2940.8995000000004,-6437.846,"Lobster Statue, 86700 Overseas Hwy, Islamorada, FL 33036, USA",24.9592483,-80.5711804,landmark,landmarks/Key_Lento/L1039_Wonder_Whale_ingame.jpg,landmarks/Key_Lento/L1039_Wonder_Whale_reallife.jpg
L1040,?,,Key Lento,"?, Key Lento",-2942.3630000000003,-6373.489,,,,,landmarks/Key_Lento/L1040_unnamed_ingame.jpg,
L1041,?,,Mariana County,"?, Mariana County",,,,,,,landmarks/Mariana_County/L1041_unnamed_ingame.jpg,
L1042,Cell Tower,,Mariana County,"Cell Tower, Mariana County",-1685.515,-4985.252,,,,l4 utilities,landmarks/Mariana_County/L1042_Cell_Tower_ingame.jpg,
L1043,Wholesale Furniture Outlet,Southside,Vice City,"Wholesale Furniture Outlet, Calderone Ave, Southside, Vice City",-1558.5034630916284,-1630.9207707480573,"509 NW 72nd St, Miami, FL 33150, USA",25.8410605,-80.2052915,l1,landmarks/Vice_City/L1043_Wholesale_Furniture_Outlet_ingame.jpg,landmarks/Vice_City/L1043_Wholesale_Furniture_Outlet_reallife.jpg
L1044,?,,Rialto Islands,"?, Rialto Islands",91.24346460551635,1093.0135764364124,"918-930 Venetian Causeway, Miami Beach, FL 33139, USA",25.78973,-80.1783462,residential,landmarks/Rialto_Islands/L1044_unnamed_ingame.jpg,landmarks/Rialto_Islands/L1044_unnamed_reallife.jpg
L1045,?,,Peregrine Bay,"?, Peregrine Bay",-1543.0742242392353,-3073.7834832565595,"South District Wastewater Treatment Plant, 8950 SW 232nd St, Miami, FL 33190, USA",25.5486033,-80.3394137,utilities,landmarks/Peregrine_Bay/L1045_unnamed_ingame.jpg,landmarks/Peregrine_Bay/L1045_unnamed_reallife.jpg
L1046,?,,Peregrine Bay,"?, Peregrine Bay",-1086.2441170188254,-3287.7293179808194,"Homestead Bayfront Park, 9698 SW 328th St, Homestead, FL 33033, USA",25.4619506,-80.3365197,l1 natural unconfirmed,landmarks/Peregrine_Bay/L1046_unnamed_ingame.jpg,landmarks/Peregrine_Bay/L1046_unnamed_reallife.jpg
L1047,?,Allied Crystal,Ambrosia,"?, Allied Crystal, Ambrosia",-2735.0792393721276,3406.4940713682654,,,,industrial,landmarks/Ambrosia/L1047_unnamed_ingame.jpg,
L1048,?,Allied Crystal,Ambrosia,"?, Allied Crystal, Ambrosia",-2718.00237284138,3460.691873108835,,,,//may-not-exist industrial,landmarks/Ambrosia/L1048_unnamed_ingame.jpg,
L1049,Warehouse,Allied Crystal,Ambrosia,"Warehouse, Allied Crystal, Ambrosia",-2743.8921373983367,3501.1566230541116,"US Sugar Mill, Georgia Ave, Clewiston, FL 33440, USA",26.7363919,-80.93640169999999,industrial,landmarks/Ambrosia/L1049_Warehouse_ingame.jpg,
L1050,Warehouse,Allied Crystal,Ambrosia,"Warehouse, Allied Crystal, Ambrosia",-2799.8195870610707,3498.096943075357,"US Sugar Mill, Georgia Ave, Clewiston, FL 33440, USA",26.7363919,-80.93640169999999,industrial,landmarks/Ambrosia/L1050_Warehouse_ingame.jpg,
L1051,Warehouse,Allied Crystal,Ambrosia,"Warehouse, Allied Crystal, Ambrosia",-2865.5995812927786,3465.539791636457,"US Sugar Mill, Georgia Ave, Clewiston, FL 33440, USA",26.7363919,-80.93640169999999,industrial,landmarks/Ambrosia/L1051_Warehouse_ingame.jpg,
L1052,Tank,Allied Crystal,Ambrosia,"Tank, Allied Crystal, Ambrosia",-2651.34074944059,3897.087872264607,,,,industrial,landmarks/Ambrosia/L1052_Tank_ingame.jpg,
L1053,Tank,Allied Crystal,Ambrosia,"Tank, Allied Crystal, Ambrosia",-2627.896948390542,3888.273365960404,,,,industrial,landmarks/Ambrosia/L1053_Tank_ingame.jpg,
L1054,Warehouse,Allied Crystal,Ambrosia,"Warehouse, Allied Crystal, Ambrosia",-3027.5409369343133,3521.43363571426,,,,industrial,landmarks/Ambrosia/L1054_Warehouse_ingame.jpg,
L1055,?,Allied Crystal,Ambrosia,"?, Allied Crystal, Ambrosia",-2919.292519117806,3666.460669047655,,,,industrial,landmarks/Ambrosia/L1055_unnamed_ingame.jpg,
L1056,?,Allied Crystal,Ambrosia,"?, Allied Crystal, Ambrosia",-3172.115208566022,3716.278612863339,,,,industrial,landmarks/Ambrosia/L1056_unnamed_ingame.jpg,
L1057,?,Allied Crystal,Ambrosia,"?, Allied Crystal, Ambrosia",-2828.198813809373,3640.6388310097072,,,,industrial,landmarks/Ambrosia/L1057_unnamed_ingame.jpg,
L1058,?,Allied Crystal,Ambrosia,"?, Allied Crystal, Ambrosia",-3063.115465267739,3415.9056204528924,,,,industrial,landmarks/Ambrosia/L1058_unnamed_ingame.jpg,
L1059,?,,Vice City International Airport,"?, Vice City International Airport",-2305.917811588131,-563.033789491793,"MIA North Terminal Tower, QPX9+2M4 Miami, Florida, USA",25.7968562,-80.2784745,transportation,landmarks/Vice_City_International_Airport/L1059_unnamed_ingame.jpg,landmarks/Vice_City_International_Airport/L1059_unnamed_reallife.jpg
L1060,Cospace,Bayside,Vice City,"Cospace, Bayside, Vice City",-503.0909999999999,815.3160000000001,"1401 Biscayne Blvd, Miami, FL 33132, USA",25.7885714,-80.1888578,,landmarks/Vice_City/L1060_Cospace_ingame.jpg,landmarks/Vice_City/L1060_Cospace_reallife.jpg
L1061,Catalan Boulevard Bridge,,Vice City,"Catalan Boulevard Bridge, Vice City",-498.27880004992994,-680.0345412483022,,,,transportation,landmarks/Vice_City/L1061_Catalan_Boulevard_Bridge_ingame.jpg,
L1062,Trailer Park,,Port Gellhorn,"Trailer Park, Port Gellhorn",-6781.487678691784,3958.9506078018294,"1700 US-98, Mexico Beach, FL 32456, USA",29.9426873,-85.40883769999999,residential,landmarks/Port_Gellhorn/L1062_Trailer_Park_ingame.jpg,landmarks/Port_Gellhorn/L1062_Trailer_Park_reallife.jpg
L1063,Underwater Ruins,,Vice-Dale County,"Underwater Ruins, Vice-Dale County",529.6873851088171,-2650.0698683363735,"Neptune Memorial Reef, PW55+XW, Miami, FL, USA",25.71,-80.09015,events unconfirmed,,
L1064,Capri City Jackals Stadium,,Capri,"Capri City Jackals Stadium, Capri",-6404.597361500264,-219.82060349997596,"Firemen's Field, 101 Blue Streak Blvd, Sebring, FL 33870, USA",27.4886209,-81.43559599999999,l4 leisure,,landmarks/Capri/L1064_Capri_City_Jackals_Stadium_reallife.jpg
L1065,Sugar Fields,,Ambrosia,"Sugar Fields, Ambrosia",-1988.1300979016657,3437.774807845163,"1010 US-27, Clewiston, FL 33440, USA",26.7501117,-80.91751479999999,agriculture unconfirmed,landmarks/Ambrosia/L1065_Sugar_Fields_ingame.jpg,landmarks/Ambrosia/L1065_Sugar_Fields_reallife.jpg
L1066,?,,Vice Beach,"?, Vice Beach",1729.7020000000002,1615.639,"2383 Flamingo Dr, Miami Beach, FL 33140, USA",25.8002522,-80.1281381,,landmarks/Vice_Beach/L1066_unnamed_ingame.jpg,landmarks/Vice_Beach/L1066_unnamed_reallife.jpg
L1067,?,,Mariana County,"?, Mariana County",-8620.56418284495,-93.01319022141433,"Sanibel Island, Florida, USA",26.4433972,-82.1115119,natural,,landmarks/Mariana_County/L1067_unnamed_reallife.jpg
L1068,Bobcat Key,,Mariana County,"Bobcat Key, Mariana County",-6483.8403759649045,-1527.6026721013159,"Panther Key, Florida, USA",25.8595453,-81.5434167,natural,,
L1069,"""Corkscrew Hill""",,Port Gellhorn,"""Corkscrew Hill"", Port Gellhorn",-5986.920831205317,2207.386425377941,,,,natural,landmarks/Port_Gellhorn/L1069_Corkscrew_Hill_ingame.jpg,
L1070,?,,Ambrosia,"?, Ambrosia",,,"Clewiston Splash & Dash, 1003 W Sagamore Ave, Clewiston, FL 33440, USA",26.7529163,-80.9478845,retail,landmarks/Ambrosia/L1070_unnamed_ingame.jpg,landmarks/Ambrosia/L1070_unnamed_reallife.jpg
L1071,?,,Ambrosia,"?, Ambrosia",,,"815 N Francisco St, Clewiston, FL 33440, USA",26.7551286,-80.9217674,industrial,landmarks/Ambrosia/L1071_unnamed_ingame.jpg,landmarks/Ambrosia/L1071_unnamed_reallife.jpg
L1072,Lombank,,Vice Beach,"Lombank, Vice Beach",,,"1824 Alton Rd, Miami Beach, FL 33139, USA",25.7939915,-80.1417026,office unconfirmed,landmarks/Vice_Beach/L1072_Lombank_ingame.jpg,landmarks/Vice_Beach/L1072_Lombank_reallife.jpg
L1073,?,,Leonida,"?, Leonida",,,"Gatorland, 14501 S Orange Blossom Trl, Orlando, FL 32837, USA",28.3556496,-81.4022109,leisure,landmarks/Leonida/L1073_unnamed_ingame.jpg,landmarks/Leonida/L1073_unnamed_reallife.jpg
L1074,Phil's Ammu-Nation,,Leonida,"Phil's Ammu-Nation, Leonida",-1810.5126007750396,-2469.555675540274,"11401 NW 12th St, Miami, FL 33172, USA",25.7887034,-80.38117510000001,retail,landmarks/Leonida/L1074_Phils_Ammu-Nation_ingame.jpg,landmarks/Leonida/L1074_Phils_Ammu-Nation_reallife.jpg
L1075,?,,Ambrosia,"?, Ambrosia",-3046.5443386189354,4365.369725528399,"Train Crossing, P3WH+R26 Clewiston, Florida, USA",26.7470375,-80.9224844,unconfirmed,landmarks/Ambrosia/L1075_unnamed_ingame.jpg,
L1076,?,Downtown,Vice City,"?, Downtown, Vice City",-123.904,354.11800000000005,"Dan Paul Plaza, 400 NE 8th St, Miami, FL 33130, USA",25.7813321,-80.1858994,natural,landmarks/Vice_City/L1076_unnamed_ingame.jpg,landmarks/Vice_City/L1076_unnamed_reallife.jpg
L1077,?,,Mariana County,"?, Mariana County",,,,,,residential,landmarks/Mariana_County/L1077_unnamed_ingame.jpg,
L1078,?,,Key Lento,"?, Key Lento",-2274.4900000000002,-5277.004,,,,unconfirmed,landmarks/Key_Lento/L1078_unnamed_ingame.jpg,
L1079,?,Rockridge,Vice City,"?, Rockridge, Vice City",-1168.886505380111,907.582047068539,"Woodlawn Park Cemetery, Miami, FL 33135, USA",25.7611298,-80.2489997,public unconfirmed,landmarks/Vice_City/L1079_unnamed_ingame.jpg,
L1080,SERA,,Leonida,"SERA, Leonida",,,"John F. Kennedy Space Center, Florida 32899, USA",28.61,-80.67999999999999,events unconfirmed,,
L1081,Stovepipes?,,Ambrosia,"Stovepipes?, Ambrosia",,,"605 E Sagamore Ave, Clewiston, FL 33440, USA",26.7536681,-80.9256487,retail unconfirmed,landmarks/Ambrosia/L1081_Stovepipes_ingame.jpg,landmarks/Ambrosia/L1081_Stovepipes_reallife.jpg
L1082,?,,Kelly County,"?, Kelly County",-4838.232698191833,1721.630943475722,,,,l1,landmarks/Kelly_County/L1082_unnamed_ingame.jpg,
L1083,?,,Kelly County,"?, Kelly County",-4764.289568355893,1903.1650891797135,,,,l1 industrial,landmarks/Kelly_County/L1083_unnamed_ingame.jpg,
L1084,?,,Kelly County,"?, Kelly County",-4754.557,2038.007,,,,l1 industrial,landmarks/Kelly_County/L1084_unnamed_ingame.jpg,
L1085,?,,Kelly County,"?, Kelly County",-4674.264,1912.749,,,,l1 industrial,landmarks/Kelly_County/L1085_unnamed_ingame.jpg,
L1086,Container Crane (2),,Port Gellhorn,"Container Crane (2), Port Gellhorn",-7869.102762888022,4668.061375685424,"Port of Tampa Container Terminal, 2999 Guy N Verger Blvd, Tampa, FL 33605, USA",27.914743,-82.4318632,,landmarks/Port_Gellhorn/L1086_Container_Crane_2_ingame.jpg,landmarks/Port_Gellhorn/L1086_Container_Crane_2_reallife.jpg
L1087,Container Crane (3),,Port Gellhorn,"Container Crane (3), Port Gellhorn",-7658.954679432867,4592.51964264357,"Port of Tampa Container Terminal, 2999 Guy N Verger Blvd, Tampa, FL 33605, USA",27.914743,-82.4318632,,landmarks/Port_Gellhorn/L1087_Container_Crane_3_ingame.jpg,landmarks/Port_Gellhorn/L1087_Container_Crane_3_reallife.jpg
L1088,Blue Crab Bar & Grill,,Mariana County,"Blue Crab Bar & Grill, Mariana County",,,"Blue Heaven, 729 Thomas St, Key West, FL 33040, USA",24.5516853,-81.8027792,restaurant unconfirmed,landmarks/Mariana_County/L1088_Blue_Crab_Bar_Grill_ingame.jpg,
L1089,?,,Dalton Island,"?, Dalton Island",1626.5205,-1416.8245,"Bayside Villas, 2543 Fisher Island Dr, Miami Beach, FL 33109, USA",25.75892,-80.14312799999999,,landmarks/Dalton_Island/L1089_unnamed_ingame.jpg,landmarks/Dalton_Island/L1089_unnamed_reallife.jpg
L1090,?,,Dalton Island,"?, Dalton Island",1650.3388395224888,-982.385297099715,"QV74+CVW Fisher Island, Florida, USA",25.7636125,-80.1427969,industrial unconfirmed,landmarks/Dalton_Island/L1090_unnamed_ingame.jpg,landmarks/Dalton_Island/L1090_unnamed_reallife.jpg
L1091,Ammu-Nation?,Rockridge,Vice City,"Ammu-Nation?, Rockridge, Vice City",-1241.825,640.8054999999999,,,,#guns //pink l1 retail,landmarks/Vice_City/L1091_Ammu-Nation_ingame.jpg,
L1092,Bus Parking Lot,,Vice City,"Bus Parking Lot, Vice City",-1930.297695586395,-960.4720430038196,"QPVG+9WW Miami, Florida, USA",25.7934875,-80.27267189999999,transportation,landmarks/Vice_City/L1092_Bus_Parking_Lot_ingame.jpg,landmarks/Vice_City/L1092_Bus_Parking_Lot_reallife.jpg
L1093,?,Tequesta,Vice City,"?, Tequesta, Vice City",-996.8369999999999,-1178.5030000000002,"50 SW 10th St, Miami, FL 33130, USA",25.7639721,-80.1940329,,landmarks/Vice_City/L1093_unnamed_ingame.jpg,landmarks/Vice_City/L1093_unnamed_reallife.jpg
L1094,?,,Vice City,"?, Vice City",-1425.572857658492,-554.0296121705321,,,,l1,landmarks/Vice_City/L1094_unnamed_ingame.jpg,
L1095,?,,Vice City,"?, Vice City",-1376.124880450117,-539.2051185029561,"Iron City Gym, 16355 NW 27th Ave, Opa-locka, FL 33054, USA",25.9232538,-80.2439876,l1 leisure,landmarks/Vice_City/L1095_unnamed_ingame.jpg,landmarks/Vice_City/L1095_unnamed_reallife.jpg
L1096,?,Rockridge,Vice City,"?, Rockridge, Vice City",-1219.5333322339634,1117.7934548134217,"1326 W Flagler St, Miami, FL 33135, USA",25.7733374,-80.2169399,l1 retail,landmarks/Vice_City/L1096_unnamed_ingame.jpg,landmarks/Vice_City/L1096_unnamed_reallife.jpg
L1097,?,Rockridge,Vice City,"?, Rockridge, Vice City",-1187.54,1059.0155,"78 SW 13th Ave, Miami, FL 33135, USA",25.7726955,-80.2165857,l1,landmarks/Vice_City/L1097_unnamed_ingame.jpg,landmarks/Vice_City/L1097_unnamed_reallife.jpg
L1098,Bite,Rockridge,Vice City,"Bite, Rockridge, Vice City",-1376.923,782.377,,,,l1 restaurant,landmarks/Vice_City/L1098_Bite_ingame.jpg,
L1099,Bump & Grind,Rockridge,Vice City,"Bump & Grind, Rockridge, Vice City",-1378.673,795.625,,,,l1 retail,landmarks/Vice_City/L1099_Bump_Grind_ingame.jpg,
L1100,Harmon & Fenix,Rockridge,Vice City,"Harmon & Fenix, Rockridge, Vice City",-1370.923,802.375,,,,l1 retail,landmarks/Vice_City/L1100_Harmon_Fenix_ingame.jpg,
L1101,Core Software,Rockridge,Vice City,"Core Software, Rockridge, Vice City",-1359.673,801.625,,,,l1 retail,landmarks/Vice_City/L1101_Core_Software_ingame.jpg,
L1102,ShoreFront,Rockridge,Vice City,"ShoreFront, Rockridge, Vice City",-1347.423,801.375,"6660 Sunset Blvd, Los Angeles, CA 90028, USA",34.0975115,-118.3359246,l1 retail,landmarks/Vice_City/L1102_ShoreFront_ingame.jpg,landmarks/Vice_City/L1102_ShoreFront_reallife.jpg
L1103,? Flare,,Port Gellhorn,"? Flare, Port Gellhorn",-6356.526,3826.1710000000003,,,,demolished retail,landmarks/Port_Gellhorn/L1103_Flare_ingame.jpg,
L1104,Pawn Shop?,,Port Gellhorn,"Pawn Shop?, Port Gellhorn",-6360.826,3844.216,,,,//green demolished retail,landmarks/Port_Gellhorn/L1104_Pawn_Shop_ingame.jpg,
L1105,Happy Nails,,Port Gellhorn,"Happy Nails, Port Gellhorn",-6354.446,3859.7495,"233 N Tyndall Pkwy, Panama City, FL 32404, USA",30.1506425,-85.59156779999999,demolished retail,landmarks/Port_Gellhorn/L1105_Happy_Nails_ingame.jpg,landmarks/Port_Gellhorn/L1105_Happy_Nails_reallife.jpg
L1106,Wet & Wild Pet Store,,Port Gellhorn,"Wet & Wild Pet Store, Port Gellhorn",-6355.381,3874.6215,,,,demolished retail,landmarks/Port_Gellhorn/L1106_Wet_Wild_Pet_Store_ingame.jpg,
L1107,Game Horde,,Port Gellhorn,"Game Horde, Port Gellhorn",-6355.401000000001,3882.638,,,,#electronics demolished retail,landmarks/Port_Gellhorn/L1107_Game_Horde_ingame.jpg,
L1108,Marco Wholesale Footwear,Stockyard,Vice City,"Marco Wholesale Footwear, Stockyard, Vice City",-468.8589999999999,1709.5899999999997,"2451 NW 5th Ave, Miami, FL 33127, USA",25.8005245,-80.2027892,l1 retail,landmarks/Vice_City/L1108_Marco_Wholesale_Footwear_ingame.jpg,landmarks/Vice_City/L1108_Marco_Wholesale_Footwear_reallife.jpg
L1109,?,,Vice City,"?, Vice City",-341.7684966479146,2286.726618909058,,,,,landmarks/Vice_City/L1109_unnamed_ingame.jpg,
L1110,?,,Vice City,"?, Vice City",-275.9491537614599,2294.2287582415192,,,,,landmarks/Vice_City/L1110_unnamed_ingame.jpg,
L1111,Kudzu House,,Leonida,"Kudzu House, Leonida",,,,,,events,,
L1112,Guard Booth,Allied Crystal,Ambrosia,"Guard Booth, Allied Crystal, Ambrosia",-2762.115808140591,3902.6524410873326,"P3Q7+9JJ Clewiston, Florida, USA",26.7384625,-80.9359844,,landmarks/Ambrosia/L1112_Guard_Booth_ingame.jpg,landmarks/Ambrosia/L1112_Guard_Booth_reallife.jpg
L1113,Autograph Flight Support Building,,Vice City International Airport,"Autograph Flight Support Building, Vice City International Airport",-2426.107,-111.44699999999989,"Signature Flight Support Building, 5700 NW 36th St, Miami, FL 33122, USA",25.8065406,-80.2898352,l1 transportation,landmarks/Vice_City_International_Airport/L1113_Autograph_Flight_Support_Building_ingame.jpg,landmarks/Vice_City_International_Airport/L1113_Autograph_Flight_Support_Building_reallife.jpg
L1114,?,Peacock Bay,Vice City,"?, Peacock Bay, Vice City",-959.9070000000002,-1923.831,"Grove Harbour Marina, 2640 S Bayshore Dr, Miami, FL 33133, USA",25.7305854,-80.2336675,l4,landmarks/Vice_City/L1114_unnamed_ingame.jpg,landmarks/Vice_City/L1114_unnamed_reallife.jpg
L1115,?,,Port Gellhorn,"?, Port Gellhorn",-6667.023386828939,3962.568871431509,,,,,landmarks/Port_Gellhorn/L1115_unnamed_ingame.jpg,
L1116,?,,Hamlet,"?, Hamlet",-2528.2626454467013,-3683.2427334663944,,,,l1,landmarks/Hamlet/L1116_unnamed_ingame.jpg,
L1117,?,,Hamlet,"?, Hamlet",-2542.3090218800944,-3630.631491283993,,,,//green l1,landmarks/Hamlet/L1117_unnamed_ingame.jpg,
L1118,?,,Port Vice City,"?, Port Vice City",132.4197784160212,-431.57868628221684,"Terminal H, 897 W Cruise Blvd, Miami, FL 33132, USA",25.7792558,-80.1805342,demolished transportation,landmarks/Port_Vice_City/L1118_unnamed_ingame.jpg,landmarks/Port_Vice_City/L1118_unnamed_reallife.jpg
L1119,Radio Tower,,Port Gellhorn,"Radio Tower, Port Gellhorn",-6405.692,3404.706,"1123 S Tyndall Pkwy, Callaway, FL 32404, USA",30.126529,-85.590519,utilities,landmarks/Port_Gellhorn/L1119_Radio_Tower_ingame.jpg,landmarks/Port_Gellhorn/L1119_Radio_Tower_reallife.jpg
L1120,?,,Port Gellhorn,"?, Port Gellhorn",-6633.620755214503,3610.282651649842,"Randy's Rib Shack, 14805 NE Waldo Rd, Waldo, FL 32694, USA",29.7909652,-82.1667284,,landmarks/Port_Gellhorn/L1120_unnamed_ingame.jpg,landmarks/Port_Gellhorn/L1120_unnamed_reallife.jpg
L1121,?,Tequesta,Vice City,"?, Tequesta, Vice City",-640.9269999999999,-1124.326,"The Four Ambassadors, 801 Brickell Bay Dr, Miami, FL 33131, USA",25.7651373,-80.1888817,,landmarks/Vice_City/L1121_unnamed_ingame.jpg,
L1122,?,Tequesta,Vice City,"?, Tequesta, Vice City",-661.2919999999999,-1183.424,"The Four Ambassadors, 801 Brickell Bay Dr, Miami, FL 33131, USA",25.7651373,-80.1888817,,landmarks/Vice_City/L1122_unnamed_ingame.jpg,
L1123,?,Tequesta,Vice City,"?, Tequesta, Vice City",-551.3780762096941,-743.0259403626437,,,,,,
L1124,?,,Port Gellhorn,"?, Port Gellhorn",-6493.909,2723.961,"DNF Diner, 150 Earwood Blvd, Sebring, FL 33876, USA",27.4482128,-81.35979239999999,l1,landmarks/Port_Gellhorn/L1124_unnamed_ingame.jpg,landmarks/Port_Gellhorn/L1124_unnamed_reallife.jpg
L1125,?,,Port Gellhorn,"?, Port Gellhorn",-6492.828070767049,3969.6708451914506,,,,,landmarks/Port_Gellhorn/L1125_unnamed_ingame.jpg,
L1126,?,,Belville,"?, Belville",-2022.1885075157174,2897.1637255586343,"1817 W Canal St N, Belle Glade, FL 33430, USA",26.6968424,-80.6887295,unconfirmed,landmarks/Belville/L1126_unnamed_ingame.jpg,
L1127,Train Bridge,,Port Gellhorn,"Train Bridge, Port Gellhorn",-6522.315,4963.6085,,,,l1 transportation,landmarks/Port_Gellhorn/L1127_Train_Bridge_ingame.jpg,
L1128,?,,Gloriana Key,"?, Gloriana Key",933.6686442675973,-1573.7289265210854,"PRVW+7PW Miami, Florida, USA",25.7432375,-80.15317189999999,unconfirmed utilities,landmarks/Gloriana_Key/L1128_unnamed_ingame.jpg,landmarks/Gloriana_Key/L1128_unnamed_reallife.jpg
L1129,Main Gate,Prison,Hamlet,"Main Gate, Prison, Hamlet",-2680.049450301831,-2949.1029145616913,"New River Correctional Institution, 7819 NW 228th St, Raiford, FL 32026, USA",30.0615321,-82.177852,closed government,landmarks/Hamlet/L1129_Main_Gate_ingame.jpg,landmarks/Hamlet/L1129_Main_Gate_reallife.jpg
L1130,?,Rockridge,Vice City,"?, Rockridge, Vice City",-1352.4270000000001,832.573,,,,,landmarks/Vice_City/L1130_unnamed_ingame.jpg,
L1131,?,,Hamlet,"?, Hamlet",-2580.8415,-3036.9255,"675 N Homestead Blvd, Homestead, FL 33030, USA",25.4740128,-80.4662615,,landmarks/Hamlet/L1131_unnamed_ingame.jpg,landmarks/Hamlet/L1131_unnamed_reallife.jpg
L1132,?,Rockridge,Vice City,"?, Rockridge, Vice City",-1210.1009999999999,668.2969999999999,"2611 NW 21st Terrace, Miami, FL 33142, USA",25.7964328,-80.23914909999999,l1 unconfirmed,landmarks/Vice_City/L1132_unnamed_ingame.jpg,landmarks/Vice_City/L1132_unnamed_reallife.jpg
L1133,The Atoll Bar & Grill?,Ocean Beach,Vice Beach,"The Atoll Bar & Grill?, Ocean Beach, Vice Beach",1778.2480222281765,702.4151474547795,"The Goodtime Hotel, 601 Washington Ave, Miami Beach, FL 33139, USA",25.7761886,-80.1332273,hotel,landmarks/Vice_Beach/L1133_The_Atoll_Bar_Grill_ingame.jpg,landmarks/Vice_Beach/L1133_The_Atoll_Bar_Grill_reallife.jpg
L1134,?,,Vice City,"?, Vice City",-1322.944807405156,-2437.2160123769954,"8901 Arvida Ln, Coral Gables, FL 33156, USA",25.6885591,-80.267363,residential,landmarks/Vice_City/L1134_unnamed_ingame.jpg,landmarks/Vice_City/L1134_unnamed_reallife.jpg
L1135,?,Rockridge,Vice City,"?, Rockridge, Vice City",-1215.141,925.4929999999999,,,,,landmarks/Vice_City/L1135_unnamed_ingame.jpg,
L1136,?,,Waning Sands,"?, Waning Sands",-305.0648703769639,4360.295606353143,"Monterra Main Gate, Hollywood, FL 33024, USA",26.0410472,-80.25950859999999,unconfirmed,,
L1137,?,Ocean Beach,Vice Beach,"?, Ocean Beach, Vice Beach",1454.0757258101726,619.0580045887203,"1130 11th St, Miami Beach, FL 33139, USA",25.7815421,-80.14060289999999,,landmarks/Vice_Beach/L1137_unnamed_ingame.jpg,landmarks/Vice_Beach/L1137_unnamed_reallife.jpg
L1138,?,Ocean Beach,Vice Beach,"?, Ocean Beach, Vice Beach",1500.2261389012144,629.0220907067375,"1000 Michigan Ave, Miami Beach, FL 33139, USA",25.7808019,-80.13887629999999,,,landmarks/Vice_Beach/L1138_unnamed_reallife.jpg
L1139,Sandeep Plaza,Ocean Beach,Vice Beach,"Sandeep Plaza, Thompson Ave, Ocean Beach, Vice Beach",1771.283,1360.405,"1651 Washington Ave, Miami Beach, FL 33139, USA",25.7908605,-80.1317195,,landmarks/Vice_Beach/L1139_Sandeep_Plaza_ingame.jpg,landmarks/Vice_Beach/L1139_Sandeep_Plaza_reallife.jpg
L1140,?,Ocean Beach,Vice Beach,"?, Ocean Beach, Vice Beach",1684.8961054261094,1129.0220491860823,"1615 Pennsylvania Ave, Miami Beach, FL 33139, USA",25.7896702,-80.13391399999999,,landmarks/Vice_Beach/L1140_unnamed_ingame.jpg,landmarks/Vice_Beach/L1140_unnamed_reallife.jpg
L1141,?,Ocean Beach,Vice Beach,"?, Ocean Beach, Vice Beach",1700.630140568146,1129.9004015959133,"1600 Pennsylvania Ave, Miami Beach, FL 33139, USA",25.7892535,-80.13459329999999,,,landmarks/Vice_Beach/L1141_unnamed_reallife.jpg
L1142,?,Ocean Beach,Vice Beach,"?, Ocean Beach, Vice Beach",1726.864,1249.0715,"1600 Washington Ave, Miami Beach, FL 33139, USA",25.7892652,-80.1320195,,landmarks/Vice_Beach/L1142_unnamed_ingame.jpg,landmarks/Vice_Beach/L1142_unnamed_reallife.jpg
L1143,?,Ocean Beach,Vice Beach,"?, Ocean Beach, Vice Beach",1845.5969999999998,1284.1550000000002,"1632 Collins Ave, Miami Beach, FL 33139, USA",25.7902673,-80.1303405,unconfirmed,,
L1144,?,Ocean Beach,Vice Beach,"?, Ocean Beach, Vice Beach",1688.1017228053504,1297.3946722440974,"Lincoln Rd Mall, 420 Lincoln Rd, Miami Beach, FL 33139, USA",25.7900999,-80.1325324,//doesnt-exist? //todo,landmarks/Vice_Beach/L1144_unnamed_ingame.jpg,landmarks/Vice_Beach/L1144_unnamed_reallife.jpg
L1145,?,Ocean Beach,Vice Beach,"?, Ocean Beach, Vice Beach",1612.145,1123.3395,"1455 Euclid Ave, Miami Beach, FL 33139, USA",25.7872663,-80.1351571,residential,landmarks/Vice_Beach/L1145_unnamed_ingame.jpg,landmarks/Vice_Beach/L1145_unnamed_reallife.jpg
L1146,?,Ocean Beach,Vice Beach,"?, Ocean Beach, Vice Beach",1611.73,1163.4965000000002,"1446 Jefferson Ave, Miami Beach, FL 33139, USA",25.7869968,-80.1376677,residential unconfirmed,,landmarks/Vice_Beach/L1146_unnamed_reallife.jpg
L1147,?,Ocean Beach,Vice Beach,"?, Ocean Beach, Vice Beach",1566.3973636752144,1148.5038813224253,"1434 Jefferson Ave, Miami Beach, FL 33139, USA",25.786575,-80.137647,residential,landmarks/Vice_Beach/L1147_unnamed_ingame.jpg,landmarks/Vice_Beach/L1147_unnamed_reallife.jpg
L1148,?,Ocean Beach,Vice Beach,"?, Ocean Beach, Vice Beach",1839.2365,1196.691,"1557 Washington Ave, Miami Beach, FL 33139, USA",25.7890533,-80.13046969999999,,,landmarks/Vice_Beach/L1148_unnamed_reallife.jpg
L1149,?,Bayside,Vice City,"?, Bayside, Vice City",-196.3195177784944,936.0067913451046,"Venetian Marina & Yacht Club, 1635 N Bayshore Dr, Miami, FL 33132, USA",25.7909117,-80.18438189999999,,,
L1150,?,Ocean Beach,Vice Beach,"?, Ocean Beach, Vice Beach",1695.916673017265,1197.842237040285,"1610 Washington Ave, Miami Beach, FL 33139, USA",25.7895793,-80.1321396,,,landmarks/Vice_Beach/L1150_unnamed_reallife.jpg
L1151,?,,Gloriana Key,"?, Gloriana Key",649.106559139843,-1407.341,,,,,landmarks/Gloriana_Key/L1151_unnamed_ingame.jpg,landmarks/Gloriana_Key/L1151_unnamed_reallife.jpg
L1152,?,La Perle,Vice City,"?, La Perle, Vice City",-1080.4869999999999,1237.0815,"3621 NE Miami Ct, Miami, FL 33137, USA",25.8109986,-80.19427030000001,unconfirmed,landmarks/Vice_City/L1152_unnamed_ingame.jpg,landmarks/Vice_City/L1152_unnamed_reallife.jpg
L1153,?,Washington Beach,Vice Beach,"?, Washington Beach, Vice Beach",1705.567963106145,2280.887061867517,"5959 Collins Ave, Miami Beach, FL 33140, USA",25.8421003,-80.120013,,landmarks/Vice_Beach/L1153_unnamed_ingame.jpg,landmarks/Vice_Beach/L1153_unnamed_reallife.jpg
L1154,?,Ocean Beach,Vice Beach,"?, Ocean Beach, Vice Beach",1655.9320000000002,1072.9579999999999,"1575 Drexel Ave, Miami Beach, FL 33139, USA",25.7889578,-80.1327171,,landmarks/Vice_Beach/L1154_unnamed_ingame.jpg,landmarks/Vice_Beach/L1154_unnamed_reallife.jpg
L1155,?,Ocean Beach,Vice Beach,"?, Ocean Beach, Vice Beach",1881.552,1018.0179999999998,"Tropics Hotel, 1550 Collins Ave, Miami Beach, FL 33139, USA",25.788509,-80.130522,hotel,landmarks/Vice_Beach/L1155_unnamed_ingame.jpg,landmarks/Vice_Beach/L1155_unnamed_reallife.jpg
L1156,?,Rockridge,Vice City,"?, Rockridge, Vice City",-1530.0783971537317,721.3960191092995,"Antillean Marine Shipping Corporation, 3038 NW N River Dr, Miami, FL 33142, USA",25.7967934,-80.2451816,l1 industrial,landmarks/Vice_City/L1156_unnamed_ingame.jpg,landmarks/Vice_City/L1156_unnamed_reallife.jpg
L1157,?,Salton,Vice City,"?, SW 8th Ave, Salton, Vice City",-1323.681338652458,-1032.0952163718841,"Jack Orr Plaza, 550 NW 6th St, Miami, FL 33128, USA",25.7782117,-80.2038699,l4 residential,landmarks/Vice_City/L1157_unnamed_ingame.jpg,landmarks/Vice_City/L1157_unnamed_reallife.jpg
L1158,?,Salton,Vice City,"?, SW 4th St, Salton, Vice City",-1346.6925,-946.9010000000001,"Labre Place Apartments, 350 NW 4th Ave, Miami, FL 33128, USA",25.7776795,-80.20050289999999,l1 residential,landmarks/Vice_City/L1158_unnamed_ingame.jpg,landmarks/Vice_City/L1158_unnamed_reallife.jpg
L1159,Pool,Starlet Motel,Kelly County,"Pool, Starlet Motel, Kelly County",-5309.875,3465.686,"Surf Motel, 3204 Auburn Blvd, Sacramento, CA 95821, USA",38.6340992,-121.3899422,l1 unconfirmed,landmarks/Kelly_County/L1159_Pool_ingame.jpg,landmarks/Kelly_County/L1159_Pool_reallife.jpg
L1160,?,,Vice City,"?, Vice City",-1459.091,-193.449,"Greyhound Bus Station, 3801 NW 21st St, Miami, FL 33142, USA",25.7971714,-80.25733340000001,transportation,,landmarks/Vice_City/L1160_unnamed_reallife.jpg
L1161,?,,Key Lento,"?, Key Lento",-2659.83,-6261.754,,,,,landmarks/Key_Lento/L1161_unnamed_ingame.jpg,
L1162,?,,Key Lento,"?, Key Lento",-2634.4025,-6308.5445,,,,,landmarks/Key_Lento/L1162_unnamed_ingame.jpg,
L1163,?,,Key Lento,"?, Key Lento",-2637.51,-6235.401,,,,,landmarks/Key_Lento/L1163_unnamed_ingame.jpg,
L1164,?,,Key Lento,"?, Key Lento",-2588.985,-6262.436,,,,,landmarks/Key_Lento/L1164_unnamed_ingame.jpg,
L1165,?,,Key Lento,"?, Key Lento",-2616.585,-6205.8835,,,,,landmarks/Key_Lento/L1165_unnamed_ingame.jpg,
L1166,?,,Key Lento,"?, Key Lento",-2586.9,-6156.2995,,,,,landmarks/Key_Lento/L1166_unnamed_ingame.jpg,
L1167,?,,Key Lento,"?, Key Lento",-2558.915,-6104.7845,,,,,landmarks/Key_Lento/L1167_unnamed_ingame.jpg,
L1168,?,,Key Lento,"?, Key Lento",-2841.768,-6237.7795,,,,,landmarks/Key_Lento/L1168_unnamed_ingame.jpg,
L1169,?,,Key Lento,"?, Key Lento",-2825.9075000000003,-6220.8175,,,,,landmarks/Key_Lento/L1169_unnamed_ingame.jpg,
L1170,?,,Key Lento,"?, Key Lento",-2789.1800000000003,-6185.2925,,,,,landmarks/Key_Lento/L1170_unnamed_ingame.jpg,
L1171,?,,Key Lento,"?, Key Lento",-3002.5515,-6554.784,,,,,landmarks/Key_Lento/L1171_unnamed_ingame.jpg,
L1172,?,,Key Lento,"?, Key Lento",-2966.731,-6527.858,,,,,landmarks/Key_Lento/L1172_unnamed_ingame.jpg,
L1173,?,,Key Lento,"?, Key Lento",-2916.3065,-6497.3125,,,,,landmarks/Key_Lento/L1173_unnamed_ingame.jpg,
L1174,?,,Key Lento,"?, Key Lento",-2871.7250000000004,-6462.4205,,,,,landmarks/Key_Lento/L1174_unnamed_ingame.jpg,
L1175,?,,Key Lento,"?, Key Lento",-2849.2200000000003,-6484.4345,,,,,landmarks/Key_Lento/L1175_unnamed_ingame.jpg,
L1176,?,,Key Lento,"?, Key Lento",-2726.7700000000004,-6043.518,,,,,landmarks/Key_Lento/L1176_unnamed_ingame.jpg,
L1177,?,,Key Lento,"?, Key Lento",-2712.047,-6022.208,,,,,landmarks/Key_Lento/L1177_unnamed_ingame.jpg,
L1178,?,,Key Lento,"?, Key Lento",-2709.782,-6004.7654999999995,,,,,landmarks/Key_Lento/L1178_unnamed_ingame.jpg,
L1179,?,,Key Lento,"?, Key Lento",-2708.447,-5987.356,,,,,landmarks/Key_Lento/L1179_unnamed_ingame.jpg,
L1180,?,,Key Lento,"?, Key Lento",-2701.009,-5970.914,,,,,landmarks/Key_Lento/L1180_unnamed_ingame.jpg,
L1181,?,,Key Lento,"?, Key Lento",-2692.722,-5956.625,,,,,landmarks/Key_Lento/L1181_unnamed_ingame.jpg,
L1182,?,,Key Lento,"?, Key Lento",-2264.442,-5394.231,,,,,landmarks/Key_Lento/L1182_unnamed_ingame.jpg,
L1183,?,,Key Lento,"?, Key Lento",-2263.6330000000003,-5365.09,,,,,landmarks/Key_Lento/L1183_unnamed_ingame.jpg,
L1184,?,,Key Lento,"?, Key Lento",-2275.561,-5294.568,,,,,landmarks/Key_Lento/L1184_unnamed_ingame.jpg,
L1185,?,,Key Lento,"?, Key Lento",-2459.11,-5655.11,,,,,,
L1186,?,,Key Lento,"?, Key Lento",-2397.465,-5872.4545,,,,,landmarks/Key_Lento/L1186_unnamed_ingame.jpg,
L1187,?,,Key Lento,"?, Key Lento",-2289.5060000000003,-5804.831,,,,,landmarks/Key_Lento/L1187_unnamed_ingame.jpg,
L1188,Gas Station,,Mariana County,"Gas Station, Mariana County",-4094.5021326251044,-2384.483876783495,"999 W Flagler St, Miami, FL 33130, USA",25.7737578,-80.2113035,retail unconfirmed,landmarks/Mariana_County/L1188_Gas_Station_ingame.jpg,landmarks/Mariana_County/L1188_Gas_Station_reallife.jpg
L1189,?,,Key Lento,"?, Key Lento",-1909.1062792188009,-5571.580065563677,,,,residential,landmarks/Key_Lento/L1189_unnamed_ingame.jpg,
L1190,?,,Key Lento,"?, Key Lento",-2797.379,-6254.534,,,,,landmarks/Key_Lento/L1190_unnamed_ingame.jpg,
L1191,?,,Key Lento,"?, Key Lento",-2754.759,-6238.864,"100410 Overseas Hwy, Key Largo, FL 33037, USA",25.1022271,-80.43304669999999,,landmarks/Key_Lento/L1191_unnamed_ingame.jpg,landmarks/Key_Lento/L1191_unnamed_reallife.jpg
L1192,?,,Key Lento,"?, Key Lento",-2740.013,-6175.836,,,,,landmarks/Key_Lento/L1192_unnamed_ingame.jpg,
L1193,?,,Key Lento,"?, Key Lento",-2723.413,-6144.1095,,,,,landmarks/Key_Lento/L1193_unnamed_ingame.jpg,
L1194,?,,Key Lento,"?, Key Lento",-2719.129,-6183.2245,,,,,landmarks/Key_Lento/L1194_unnamed_ingame.jpg,
L1195,?,,Key Lento,"?, Key Lento",-2701.009,-6160.568,,,,,landmarks/Key_Lento/L1195_unnamed_ingame.jpg,
L1196,?,,Key Lento,"?, Key Lento",-2681.909,-6140.9385,,,,,landmarks/Key_Lento/L1196_unnamed_ingame.jpg,
L1197,?,,Key Lento,"?, Key Lento",-2124.885,-5754.441,,,,,landmarks/Key_Lento/L1197_unnamed_ingame.jpg,
L1198,?,,Key Lento,"?, Key Lento",-2035.9046672211725,-5694.14854080099,,,,,landmarks/Key_Lento/L1198_unnamed_ingame.jpg,
L1199,?,,Ambrosia,"?, Ambrosia",-2755.657072833099,4590.050949680564,,,,,landmarks/Ambrosia/L1199_unnamed_ingame.jpg,
L1200,?,,Ambrosia,"?, Ambrosia",-2868.61588797484,4371.213152398845,,,,,landmarks/Ambrosia/L1200_unnamed_ingame.jpg,
L1201,?,,Port Gellhorn,"?, Port Gellhorn",-6992.8502507798385,4972.859537726231,"West Rock Paper Mill, 1 S Everitt Ave, Panama City, FL 32401, USA",30.1439428,-85.6215067,industrial,landmarks/Port_Gellhorn/L1201_unnamed_ingame.jpg,landmarks/Port_Gellhorn/L1201_unnamed_reallife.jpg
L1202,?,,Mariana County,"?, Mariana County",-6370.092573945486,-6706.106343030114,"67900 Overseas Hwy, Layton, FL 33001, USA",24.8221977,-80.82093760000001,unconfirmed,landmarks/Mariana_County/L1202_unnamed_ingame.jpg,landmarks/Mariana_County/L1202_unnamed_reallife.jpg
L1203,Water Tower?,,Mariana County,"Water Tower?, Mariana County",-6810.850144432614,-6344.798469427663,,,,,landmarks/Mariana_County/L1203_Water_Tower_ingame.jpg,
L1204,?,Ocean Beach,Vice Beach,"?, Thompson Ave, Ocean Beach, Vice Beach",1787.067,1012.731,,,,//green,,
L1205,?,,Kelly County,"?, Kelly County",-5323.49,3494.981,,,,,landmarks/Kelly_County/L1205_unnamed_ingame.jpg,
L1206,?,,Rialto Islands,"?, Rialto Islands",616.5835889988376,1292.4049597106255,"610 W Dilido Dr, Miami Beach, FL 33139, USA",25.7930174,-80.1599966,residential reused,landmarks/Rialto_Islands/L1206_unnamed_ingame.jpg,landmarks/Rialto_Islands/L1206_unnamed_reallife.jpg
L1207,Fire Danger Sign,,Mount Kalaga National Park,"Fire Danger Sign, Mount Kalaga National Park",,,,,,landmark,landmarks/Mount_Kalaga_National_Park/L1207_Fire_Danger_Sign_ingame.jpg,landmarks/Mount_Kalaga_National_Park/L1207_Fire_Danger_Sign_reallife.jpg
L1208,?,,Rialto Islands,"?, Rialto Islands",477.8554999999999,1295.2895,,,,residential,landmarks/Rialto_Islands/L1208_unnamed_ingame.jpg,
L1209,?,,Rialto Islands,"?, Rialto Islands",466.51599999999996,1336.3265000000001,"240 W San Marino Dr, Miami Beach, FL 33139, USA",25.7910281,-80.1637744,residential,,
L1210,?,,Rialto Islands,"?, Rialto Islands",458.46349999999995,1354.8535,"302 W San Marino Dr, Miami Beach, FL 33139, USA",25.7916908,-80.1638251,residential,landmarks/Rialto_Islands/L1210_unnamed_ingame.jpg,
L1211,?,,Rialto Islands,"?, Rialto Islands",457.7784999999999,1442.205,,,,residential,,
L1212,?,,Rialto Islands,"?, Rialto Islands",549.1323310636662,1275.8667300373868,"212 W Dilido Dr, Miami Beach, FL 33139, USA",25.7887213,-80.1596821,residential reused,landmarks/Rialto_Islands/L1212_unnamed_ingame.jpg,landmarks/Rialto_Islands/L1212_unnamed_reallife.jpg
L1213,?,,Rialto Islands,"?, Rialto Islands",570.9356189987963,1199.1526909850613,,,,residential,landmarks/Rialto_Islands/L1213_unnamed_ingame.jpg,
L1214,?,,Rialto Islands,"?, Rialto Islands",888.0957540897635,1265.3098108011677,"1374b S Venetian Way, Miami Beach, FL 33139, USA",25.7897526,-80.1673089,residential,landmarks/Rialto_Islands/L1214_unnamed_ingame.jpg,landmarks/Rialto_Islands/L1214_unnamed_reallife.jpg
L1215,?,,Rialto Islands,"?, Rialto Islands",925.5033117945978,1276.6809422589417,"205 E San Marino Dr, Miami Beach, FL 33139, USA",25.7900275,-80.1621065,residential,landmarks/Rialto_Islands/L1215_unnamed_ingame.jpg,landmarks/Rialto_Islands/L1215_unnamed_reallife.jpg
L1216,?,,Rialto Islands,"?, Rialto Islands",997.1496231538689,1297.6995150591633,"314 W San Marino Dr, Miami Beach, FL 33139, USA",25.7920094,-80.1637936,residential,landmarks/Rialto_Islands/L1216_unnamed_ingame.jpg,landmarks/Rialto_Islands/L1216_unnamed_reallife.jpg
L1217,?,,Rialto Islands,"?, Rialto Islands",1022.2388903880629,1321.5099435158754,"1239 N Venetian Way, Miami Beach, FL 33139, USA",25.7911298,-80.1697116,residential,landmarks/Rialto_Islands/L1217_unnamed_ingame.jpg,landmarks/Rialto_Islands/L1217_unnamed_reallife.jpg
L1218,?,,Rialto Islands,"?, Rialto Islands",1024.7810659548845,1351.2971791244486,"205 E San Marino Dr, Miami Beach, FL 33139, USA",25.7900275,-80.1621065,residential,landmarks/Rialto_Islands/L1218_unnamed_ingame.jpg,landmarks/Rialto_Islands/L1218_unnamed_reallife.jpg
L1219,?,,Vice Beach,"?, Vice Beach",1190.7625357591542,1700.556757986344,,,,,,
L1220,?,,Vice Beach,"?, Vice Beach",1174.2695253169418,2397.8620202535535,"Indian Creek Village Police, 9080 Bay Dr, Indian Creek, FL 33154, USA",25.8775785,-80.1298017,,landmarks/Vice_Beach/L1220_unnamed_ingame.jpg,landmarks/Vice_Beach/L1220_unnamed_reallife.jpg
L1221,?,Ocean Beach,Vice Beach,"?, Ocean Beach, Vice Beach",1657.5655000000002,1270.8105,"560 Lincoln Rd, Miami Beach, FL 33139, USA",25.7902355,-80.1339443,,landmarks/Vice_Beach/L1221_unnamed_ingame.jpg,landmarks/Vice_Beach/L1221_unnamed_reallife.jpg
L1222,?,Ocean Beach,Vice Beach,"?, Mid, Ocean Beach, Vice Beach",1794.6,1366.6589999999999,"312 Lincoln Rd, Miami Beach, FL 33139, USA",25.7901544,-80.130996,unconfirmed,landmarks/Vice_Beach/L1222_unnamed_ingame.jpg,landmarks/Vice_Beach/L1222_unnamed_reallife.jpg
L1223,?,Ocean Beach,Vice Beach,"?, Ocean Beach, Vice Beach",1819.6,1377.6589999999999,,,,,,
L1224,?,Ocean Beach,Vice Beach,"?, Ocean Beach, Vice Beach",1821.6,1357.9089999999999,,,,,,
L1225,?,Ocean Beach,Vice Beach,"?, Ocean Beach, Vice Beach",1848.6,1356.1589999999999,"1652 Collins Ave, Miami Beach, FL 33139, USA",25.7910322,-80.1301099,unconfirmed,,
L1226,?,Ocean Beach,Vice Beach,"?, Ocean Beach, Vice Beach",1788.6,1306.409,"818 Lincoln Rd, Miami Beach, FL 33139, USA",25.7902572,-80.137023,,,
L1227,?,Ocean Beach,Vice Beach,"?, Ocean Beach, Vice Beach",1811.1,1314.159,,,,,,
L1228,?,Ocean Beach,Vice Beach,"?, Ocean Beach, Vice Beach",1813.6,1288.409,,,,,,
L1229,?,Ocean Beach,Vice Beach,"?, Ocean Beach, Vice Beach",1840.1019999999999,1308.909,"216 Lincoln Rd, Miami Beach, FL 33139, USA",25.7905697,-80.1304431,,,
L1230,?,Ocean Beach,Vice Beach,"?, Ocean Beach, Vice Beach",1664.05,1130.518,,,,,,
L1231,?,Ocean Beach,Vice Beach,"?, Ocean Beach, Vice Beach",1674.5520000000001,1077.268,"434 16th St, Miami Beach, FL 33139, USA",25.7889339,-80.13258689999999,,,
L1232,?,Ocean Beach,Vice Beach,"?, Ocean Beach, Vice Beach",1657.5520000000001,1053.518,"1561 Drexel Ave, Miami Beach, FL 33139, USA",25.7886344,-80.1327089,,,
L1233,?,Ocean Beach,Vice Beach,"?, Ocean Beach, Vice Beach",1625.05,920.2679999999999,"Boutique South Beach, 420 15th St, Miami Beach, FL 33139, USA",25.7873428,-80.1322835,//todo retail,,
L1234,?,Ocean Beach,Vice Beach,"?, Ocean Beach, Vice Beach",1623.55,892.5179999999999,"432 Española Wy, Miami Beach, FL 33139, USA",25.7868557,-80.1325694,//todo,,
L1235,Lake,,Waning Sands,"Lake, Waning Sands",47.64831855024954,3511.8698407248753,,,,,,
L1236,?,Ocean Beach,Vice Beach,"?, Thompson Ave, Ocean Beach, Vice Beach",1800.052,876.018,"536 14th St, Miami Beach, FL 33139, USA",25.7851552,-80.1337671,unconfirmed,,landmarks/Vice_Beach/L1236_unnamed_reallife.jpg
L1237,?,Ocean Beach,Vice Beach,"?, Ocean Beach, Vice Beach",1781.55,113.76800000000003,"760 Washington Ave, Miami Beach, FL 33139, USA",25.7781805,-80.1335332,,,
L1238,?,Ocean Beach,Vice Beach,"?, Ocean Beach, Vice Beach",1780.5585,103.94200000000001,"710 Washington Ave, Miami Beach, FL 33139, USA",25.7772236,-80.1337243,,,
L1239,?,Ocean Beach,Vice Beach,"?, Ocean Beach, Vice Beach",1893.659365197611,-200.4652786919008,"200 South Pointe Dr, Miami Beach, FL 33139, USA",25.7676276,-80.133639,,,
L1240,Whiz,,Hamlet,"Whiz, Hamlet",-2223.9860000000003,-3286.294,"Boost Mobile, 1485 NE 1st Ave, Florida City, FL 33034, USA",25.4623555,-80.47460579999999,l4,landmarks/Hamlet/L1240_Whiz_ingame.jpg,landmarks/Hamlet/L1240_Whiz_reallife.jpg
L1241,?,Ocean Beach,Vice Beach,"?, Ocean Beach, Vice Beach",1594.978565247166,620.1368127882043,"1200 Euclid Ave, Miami Beach, FL 33139, USA",25.7830847,-80.1355526,,,
L1242,?,Ocean Beach,Vice Beach,"?, Ocean Beach, Vice Beach",1477.631,913.988,"Flamingo Park Handball Courts, Miami Beach, FL 33139, USA",25.7846749,-80.1377183,,,
L1243,?,Ocean Beach,Vice Beach,"?, Ocean Beach, Vice Beach",1452.131,902.238,"Flamingo Park Paddle/Racquetball Courts, 1300 Meridian Ave, Miami Beach, FL 33139, USA",25.7845684,-80.13808829999999,,,
L1244,?,Ocean Beach,Vice Beach,"?, Ocean Beach, Vice Beach",1462.576006315679,978.8447235473564,"Flamingo Park Baseball Stadium, 1435 Michigan Ave, Miami Beach, FL 33139, USA",25.7858458,-80.1378123,,,
L1245,?,Ocean Beach,Vice Beach,"?, Ocean Beach, Vice Beach",1869.8455054696808,-439.019386604225,"South Pointe Park, 1 Washington Ave, Miami Beach, FL 33139, USA",25.7635368,-80.1296706,public,,
L1246,?,,Vice-Dale County,"?, Vice-Dale County",765.9809999999999,18.08699999999999,"190 MacArthur Cswy, Miami Beach, FL 33139, USA",25.7716936,-80.15091919999999,,landmarks/Vice-Dale_County/L1246_unnamed_ingame.jpg,landmarks/Vice-Dale_County/L1246_unnamed_reallife.jpg
L1247,?,,Vice-Dale County,"?, Vice-Dale County",918.6860904898446,-27.624204826325354,"QVC2+99P Miami Beach, Florida, USA",25.7709625,-80.1490469,,landmarks/Vice-Dale_County/L1247_unnamed_ingame.jpg,landmarks/Vice-Dale_County/L1247_unnamed_reallife.jpg
L1248,?,,Vice-Dale County,"?, Vice-Dale County",793.9682614696774,-20.16453202221976,"FPL Miami Beach Plant, 158 Terminal Island, Miami Beach, FL 33139, USA",25.7713145,-80.1496772,,landmarks/Vice-Dale_County/L1248_unnamed_ingame.jpg,landmarks/Vice-Dale_County/L1248_unnamed_reallife.jpg
L1249,?,,Dalton Island,"?, Dalton Island",1406.5439777185534,-1213.2344479536869,"4522 Fisher Island Dr, Miami Beach, FL 33109, USA",25.7613989,-80.1449293,unconfirmed,,
L1250,?,,Dalton Island,"?, Dalton Island",1436.074171114466,-1251.6784294332374,"4523 Fisher Island Dr, Miami Beach, FL 33109, USA",25.7630427,-80.1480134,unconfirmed,,
L1251,?,,Dalton Island,"?, Dalton Island",1551.4142345355995,-1368.2720811993047,"2513 Fisher Island Dr, Miami Beach, FL 33109, USA",25.7589031,-80.1435634,unconfirmed,,
L1252,?,,Dalton Island,"?, Dalton Island",1972.2363438841303,-1478.0631524591813,"7772 Fisher Island Dr, Miami, FL 33109, USA",25.760504,-80.13668899999999,,,
L1253,?,,Dalton Island,"?, Dalton Island",1951.2495444699869,-1377.331304450087,"7634 Fisher Island Dr, Miami, FL 33109, USA",25.761199,-80.1365519,,,
L1254,?,,Dalton Island,"?, Dalton Island",2038.537208054926,-1328.659847796588,"7462 Fisher Island Dr, Miami, FL 33109, USA",25.7617,-80.13568599999999,,,
L1255,?,,Dalton Island,"?, Dalton Island",1717.2946925676242,-1262.1321346955951,"Fisher Island Market, 41210 Fisher Island Dr, Miami Beach, FL 33109, USA",25.7624857,-80.14403329999999,unconfirmed,,
L1256,?,,Dalton Island,"?, Dalton Island",1818.129621843807,-1276.5799018395028,"Vanderbilt Park, Fisher Island Dr, Miami Beach, FL 33109, USA",25.7607389,-80.1412095,,,
L1257,Tequesta Station,Tequesta,Vice City,"Tequesta Station, Tequesta, Vice City",-898.5449635119721,-1213.6575503288855,,,,transportation,,
L1258,?,Peacock Bay,Vice City,"?, Peacock Bay, Vice City",-942.8970000000002,-1862.7825,"Fresh Market, 2640 S Bayshore Dr, Miami, FL 33133, USA",25.730383,-80.23439599999999,l4,landmarks/Vice_City/L1258_unnamed_ingame.jpg,landmarks/Vice_City/L1258_unnamed_reallife.jpg
L1259,?,Peacock Bay,Vice City,"?, Peacock Bay, Vice City",-971.192,-1984.741,"Grove Key Marina, 3385 Pan American Dr, Miami, FL 33133, USA",25.7291862,-80.2344063,l4,landmarks/Vice_City/L1259_unnamed_ingame.jpg,landmarks/Vice_City/L1259_unnamed_reallife.jpg
L1260,?,Peacock Bay,Vice City,"?, Peacock Bay, Vice City",-990.3320000000001,-2041.8065,"3385 Pan American Dr, Miami, FL 33133, USA",25.7294804,-80.2345711,l4,landmarks/Vice_City/L1260_unnamed_ingame.jpg,
L1261,?,,Vice City,"?, Vice City",-1191.415684017279,-2420.3168957580456,,,,residential,,
L1262,?,,Vice City,"?, Vice City",-1267.2825879176482,-2398.1536261703764,,,,residential,landmarks/Vice_City/L1262_unnamed_ingame.jpg,
L1263,?,,Vice City,"?, Vice City",-1184.107626565389,-2686.7896040940627,,,,residential,landmarks/Vice_City/L1263_unnamed_ingame.jpg,
L1264,?,Peacock Bay,Vice City,"?, Peacock Bay, Vice City",-1485.8880000000004,-2504.02,"9195 Arvida Dr, Coral Gables, FL 33156, USA",25.6872771,-80.2680074,l4 residential,landmarks/Vice_City/L1264_unnamed_ingame.jpg,landmarks/Vice_City/L1264_unnamed_reallife.jpg
L1265,?,Tequesta,Vice City,"?, Tequesta, Vice City",,,"145 SW 8th St, Miami, FL 33130, USA",25.7665613,-80.19667969999999,l1,landmarks/Vice_City/L1265_unnamed_ingame.jpg,landmarks/Vice_City/L1265_unnamed_reallife.jpg
L1266,?,Salton,Vice City,"?, Salton, Vice City",-1562.645,-1041.013,"3275 NW 42nd Ave, Miami, FL 33142, USA",25.8044861,-80.2635214,l4,landmarks/Vice_City/L1266_unnamed_ingame.jpg,landmarks/Vice_City/L1266_unnamed_reallife.jpg
L1267,?,,Vice City,"?, Vice City",-1606.4965000000002,-946.7244999999999,"RP3P+FCX Miami Springs, Florida, USA",25.8037375,-80.2638906,l4,landmarks/Vice_City/L1267_unnamed_ingame.jpg,landmarks/Vice_City/L1267_unnamed_reallife.jpg
L1268,?,,Vice City,"?, Vice City",-1408.3618786044115,-657.4065022596618,"Gibson Park, 350 NW 13th St, Miami, FL 33136, USA",25.7865189,-80.2012214,unconfirmed,,
L1269,?,,Vice City,"?, Vice City",-1372.5186358660653,-599.6896183520909,,,,,,
L1270,?,,Vice City,"?, Vice City",-2231.6904350460723,12.141516262965752,"Delights Plus, 3401 NW 42nd Ave, Miami, FL 33142, USA",25.8052155,-80.2638581,,,
L1271,?,,Catalan Key,"?, Catalan Key",-112.39215538553412,-2349.6920517590106,"No Name Harbor, Florida 33149, USA",25.6767692,-80.16282489999999,unconfirmed,landmarks/Catalan_Key/L1271_unnamed_ingame.jpg,
L1272,?,,Vice City International Airport,"?, Vice City International Airport",-2123.7424518064067,-724.4238824712027,"Dolphin Parking Garage, Miami, FL 33126, USA",25.7958572,-80.276282,l4 transportation,landmarks/Vice_City_International_Airport/L1272_unnamed_ingame.jpg,landmarks/Vice_City_International_Airport/L1272_unnamed_reallife.jpg
L1273,?,,Vice City International Airport,"?, Vice City International Airport",-2125.806538438708,-839.4498011621849,"Flamingo Parking Garage, 2100 NW 42nd Ave, Miami, FL 33126, USA",25.7972683,-80.2782005,transportation,,landmarks/Vice_City_International_Airport/L1273_unnamed_reallife.jpg
L1274,?,,Vice City International Airport,"?, Vice City International Airport",-2151.988179930091,-778.7626628044483,"MIA Mover Station, Doral, FL 33126, USA",25.7951307,-80.2768416,transportation unconfirmed,,landmarks/Vice_City_International_Airport/L1274_unnamed_reallife.jpg
L1275,?,,Vice City International Airport,"?, Vice City International Airport",-2781.0425039326165,-495.80462348080255,,,,,,
L1276,?,,Vice City International Airport,"?, Vice City International Airport",-2378.6305579061636,-1044.7187455607261,,,,,,
L1277,?,Stockyard,Vice City,"?, Stockyard, Vice City",-348.7132117427153,1900.5803600780494,"3620 NE 2nd Ave, Miami, FL 33137, USA",25.8110609,-80.191484,l4,landmarks/Vice_City/L1277_unnamed_ingame.jpg,landmarks/Vice_City/L1277_unnamed_reallife.jpg
L1278,?,Stockyard,Vice City,"?, Stockyard, Vice City",-446.7173599527738,1764.256574052018,"410 NW 25th St, Miami, FL 33127, USA",25.8005543,-80.2024843,l1,landmarks/Vice_City/L1278_unnamed_ingame.jpg,landmarks/Vice_City/L1278_unnamed_reallife.jpg
L1279,?,Downtown,Vice City,"?, Downtown, Vice City",-830.056,65.78950000000003,"Government Center Station, 111 NW 1st St, Miami, FL 33132, USA",25.7760499,-80.1964857,l4 transportation unconfirmed,landmarks/Vice_City/L1279_unnamed_ingame.jpg,
L1280,?,,Rialto Islands,"?, Rialto Islands",774.7065432204432,1380.2468605720283,,,,residential,,
L1281,?,,Rialto Islands,"?, Rialto Islands",826.5826512872592,1396.6123406114323,,,,residential,,
L1282,?,,Rialto Islands,"?, Rialto Islands",874.6718644037372,1409.867343488179,,,,residential,,
L1283,?,,Rialto Islands,"?, Rialto Islands",919.8534386388061,1421.4691708452265,,,,residential,,
L1284,?,,Rialto Islands,"?, Rialto Islands",615.7576882784116,1019.1958700228919,"212 W Dilido Dr, Miami Beach, FL 33139, USA",25.7887213,-80.1596821,reused,landmarks/Rialto_Islands/L1284_unnamed_ingame.jpg,landmarks/Rialto_Islands/L1284_unnamed_reallife.jpg
L1285,?,,Gloriana Key,"?, Gloriana Key",744.6908372445926,-1738.6144628870545,"Marine Stadium Harbor, PRVJ+PP, Miami, FL 33149, USA",25.7443253,-80.1681918,,,landmarks/Gloriana_Key/L1285_unnamed_reallife.jpg
L1286,?,,Vice Beach,"?, Vice Beach",1449.647,2022.3919999999998,"1170 Kane Concourse, Bay Harbor Islands, FL 33154, USA",25.8863569,-80.1329818,l1 unconfirmed,landmarks/Vice_Beach/L1286_unnamed_ingame.jpg,landmarks/Vice_Beach/L1286_unnamed_reallife.jpg
L1287,?,,Vice City,"?, Vice City",-1613.839,-218.089,,,,,,
L1288,?,,Vice City International Airport,"?, Vice City International Airport",-2153.2830320144376,-1110.2737132347245,,,,,,
L1289,Runway,,Vice City International Airport,"Runway, Vice City International Airport",-2860.2552359470983,-273.3122546843006,"RP27+HR5 Miami Springs, Florida, USA",25.8013875,-80.2853906,,,
L1290,Runway,,Vice City International Airport,"Runway, Vice City International Airport",-2851.899416882231,-1040.8777919232268,"QPV6+52P Miami, Florida, USA",25.7929625,-80.2899219,,,
L1291,?,,Vice City International Airport,"?, Vice City International Airport",-3030.7475626637943,-1147.3576249013038,"National Airport Services, 6025 NW 18th St Bldg 716E, Miami, FL 33126, USA",25.791568,-80.29434909999999,transportation unconfirmed,,landmarks/Vice_City_International_Airport/L1291_unnamed_reallife.jpg
L1292,?,Downtown,Vice City,"?, Catalan Blvd, Downtown, Vice City",-473.82399999999996,-115.53950000000003,"New World Tower, 250 Biscayne Blvd, Miami, FL 33148, USA",25.7758125,-80.1882476,,landmarks/Vice_City/L1292_unnamed_ingame.jpg,landmarks/Vice_City/L1292_unnamed_reallife.jpg
L1293,?,Ocean Beach,Vice Beach,"?, Shorefront Ave, Ocean Beach, Vice Beach",1494.949,400.15599999999995,"Miami Beach Police Department, 1100 Washington Ave, Miami Beach, FL 33139, USA",25.7823112,-80.1332223,government,landmarks/Vice_Beach/L1293_unnamed_ingame.jpg,landmarks/Vice_Beach/L1293_unnamed_reallife.jpg
L1294,?,,Mariana County,"?, Mariana County",-4021.2305695756486,-4440.761126572366,,,,,landmarks/Mariana_County/L1294_unnamed_ingame.jpg,
L1295,?,,Mariana County,"?, Mariana County",,,,,,,landmarks/Mariana_County/L1295_unnamed_ingame.jpg,
L1296,?,Tequesta,Vice City,"?, Tequesta, Vice City",-474.34699999999975,-759.656,"Miami Circle National Historic Landmark, 401 Brickell Ave, Miami, FL 33131, USA",25.7694512,-80.1889471,landmark unconfirmed,landmarks/Vice_City/L1296_unnamed_ingame.jpg,landmarks/Vice_City/L1296_unnamed_reallife.jpg
L1297,?,,Mariana County,"?, Mariana County",-6144.906,-7002.377,"MP42+3XP Big Pine Key, Florida, USA",24.6552125,-81.2975469,,landmarks/Mariana_County/L1297_unnamed_ingame.jpg,landmarks/Mariana_County/L1297_unnamed_reallife.jpg
L1298,?,,Mariana County,"?, Mariana County",-5245.0895,-7383.0625,,,,,landmarks/Mariana_County/L1298_unnamed_ingame.jpg,
L1299,?,,Mariana County,"?, Mariana County",-5139.451,-7351.969499999999,"MP4C+5G7 Big Pine Key, Florida, USA",24.6554125,-81.2787031,,landmarks/Mariana_County/L1299_unnamed_ingame.jpg,landmarks/Mariana_County/L1299_unnamed_reallife.jpg
L1300,?,,Mariana County,"?, Mariana County",-5194.926,-7289.2955,"MP4C+52J Big Pine Key, Florida, USA",24.6554625,-81.27998439999999,,landmarks/Mariana_County/L1300_unnamed_ingame.jpg,landmarks/Mariana_County/L1300_unnamed_reallife.jpg
L1301,?,,Mariana County,"?, Mariana County",-4868.505999999999,-7298.6849999999995,"MP5G+W64 Big Pine Key, Florida, USA",24.6597625,-81.2744219,,landmarks/Mariana_County/L1301_unnamed_ingame.jpg,landmarks/Mariana_County/L1301_unnamed_reallife.jpg
L1302,?,,Mariana County,"?, Mariana County",-5024.015156465802,-7245.918697912517,"Calusa Beach & Loggerhead Beach, Big Pine Key, FL 33043, USA",24.6556655,-81.27982229999999,natural,landmarks/Mariana_County/L1302_unnamed_ingame.jpg,
L1303,Parking Lot,,Hamlet,"Parking Lot, Hamlet",-2543.966736241715,-3290.507703355427,"403 N Krome Ave, Homestead, FL 33030, USA",25.473793,-80.477081,l1,landmarks/Hamlet/L1303_Parking_Lot_ingame.jpg,
L1304,?,,Port Gellhorn,"?, Port Gellhorn",-6632.377,2433.131,"CJXV+R7G Sebring, Florida, USA",27.4495625,-81.35679689999999,,,landmarks/Port_Gellhorn/L1304_unnamed_reallife.jpg
L1305,?,,Mariana County,"?, Mariana County",-4095.196038985431,-4484.284404651692,,,,,landmarks/Mariana_County/L1305_unnamed_ingame.jpg,
L1306,?,,Port Gellhorn,"?, Port Gellhorn",-6783.859,2337.812,"Don Panoz Gallery of Legends, CJXV+VX4 Sebring, Florida, USA",27.4496375,-81.35504689999999,l1,landmarks/Port_Gellhorn/L1306_unnamed_ingame.jpg,landmarks/Port_Gellhorn/L1306_unnamed_reallife.jpg
L1307,?,,Port Gellhorn,"?, Port Gellhorn",-6737.859,2497.562,"CJXW+MJM Sebring, Florida, USA",27.4492125,-81.35345310000001,unconfirmed,,
L1308,?,,Port Gellhorn,"?, Port Gellhorn",-6625.344,2376.739,"200 Paddock Wy, Sebring, FL 33876, USA",27.4495936,-81.356217,,,landmarks/Port_Gellhorn/L1308_unnamed_reallife.jpg
L1309,Golf Carts,,Port Gellhorn,"Golf Carts, Port Gellhorn",-6683.209794924644,2465.2745995778396,"CJXV+M84 Sebring, Florida, USA",27.4491375,-81.3566719,l1,landmarks/Port_Gellhorn/L1309_Golf_Carts_ingame.jpg,landmarks/Port_Gellhorn/L1309_Golf_Carts_reallife.jpg
L1310,Canal,,Leonard County,"Canal, Leonard County",-557.3288048291643,3883.7559666225397,"St. Lucie Canal, Florida, USA",27.05000155605248,-80.44916188093116,natural unconfirmed,,
L1311,Canal,,Vice Beach,"Canal, Vice Beach",1635.0331017629767,1552.790825549183,"Collins Canal, Miami Beach, FL, USA",25.79601971899875,-80.13622846991152,natural,,
L1312,Bridge,,Vice Beach,"Bridge, Vice Beach",1213.5678017936586,2824.0159728521858,"Haulover Inlet Bridge, Collins Ave, Miami, FL 33154, USA",25.9000751,-80.1246105,transportation unconfirmed,,
L1313,Bridge,,Vice Beach,"Bridge, Vice Beach",1055.7537822842037,2442.884612957923,"Indian Creek Bridge, Northwest 63rd Street, Indian Creek, FL 33154, USA",25.8779087,-80.1304569,transportation,landmarks/Vice_Beach/L1313_Bridge_ingame.jpg,landmarks/Vice_Beach/L1313_Bridge_reallife.jpg
L1314,Leonida Marine Center,,Leonida,"Leonida Marine Center, Leonida",,,,,,,landmarks/Leonida/L1314_Leonida_Marine_Center_ingame.jpg,
L1315,Marbles,,Key Lento,"Marbles, Key Lento",-2018.0704007627992,-5337.661614326852,"106501 Overseas Hwy, Key Largo, FL 33037, USA",25.1724826,-80.37373529999999,,landmarks/Key_Lento/L1315_Marbles_ingame.jpg,
L1316,Bridge,,Mariana County,"Bridge, Mariana County",-1483.353604948486,-4528.225458779277,"Card Sound Bridge, Card Sound Rd, Key Largo, FL 33037, USA",25.2873056,-80.3685,transportation unconfirmed,landmarks/Mariana_County/L1316_Bridge_ingame.jpg,
L1317,Haitian-American Cultural Center,La Perle,Vice City,"Haitian-American Cultural Center, La Perle, Vice City",,,"Little Haiti Cultural Complex, 212 NE 59th Terrace, Miami, FL 33137, USA",25.830386,-80.1913205,,landmarks/Vice_City/L1317_Haitian-American_Cultural_Center_ingame.jpg,
L1318,La Perle Caribbean Market,La Perle,Vice City,"La Perle Caribbean Market, La Perle, Vice City",,,"Caribbean Marketplace, 5925 NE 2nd Ave, Miami, FL 33137, USA",25.8303692,-80.1917539,,landmarks/Vice_City/L1318_La_Perle_Caribbean_Market_ingame.jpg,
L1319,?,,Vice-Dale County,"?, Vice-Dale County",-3778.98,712.94,"Krome North Service Processing Center, 18201 SW 12th St, Miami, FL 33194, USA",25.7542507,-80.4891056,government l1 point-of-interest unconfirmed,landmarks/Vice-Dale_County/L1319_unnamed_ingame.jpg,
L1320,Liquor Store,Crosstown,Vice City,"Liquor Store, Miramar Dr, Crosstown, Vice City",-658.8710000000001,1209.716,,,,l1,landmarks/Vice_City/L1320_Liquor_Store_ingame.jpg,
L1321,?,,Vice Beach,"?, Vice Beach",1859.00060415864,1566.2212306544807,"Continental, 2360 Collins Ave, Miami Beach, FL 33139, USA",25.8000089,-80.1281906,,landmarks/Vice_Beach/L1321_unnamed_ingame.jpg,landmarks/Vice_Beach/L1321_unnamed_reallife.jpg
L1322,Lake,Leaf Links,Vice Beach,"Lake, Leaf Links, Vice Beach",708.9457331014489,2554.7637416599273,"VVH7+VXG Indian Creek, Florida, USA",25.8796875,-80.13504689999999,natural,,
L1323,?,,Vice Beach,"?, Vice Beach",1404.5013786549919,2103.289550194981,,,,,landmarks/Vice_Beach/L1323_unnamed_ingame.jpg,
L1324,?,,Vice Beach,"?, Vice Beach",1300.5820000000003,2272.2920000000004,"9881 E Bay Harbor Dr, Bay Harbor Islands, FL 33154, USA",25.8896172,-80.13024759999999,,landmarks/Vice_Beach/L1324_unnamed_ingame.jpg,landmarks/Vice_Beach/L1324_unnamed_reallife.jpg
L1325,?,,Vice Beach,"?, Vice Beach",1366.011,2226.427,"Bay Harbor Club, 1155 103rd St, Miami Beach, FL 33154, USA",25.8939747,-80.13284449999999,dexter,landmarks/Vice_Beach/L1325_unnamed_ingame.jpg,landmarks/Vice_Beach/L1325_unnamed_reallife.jpg
L1326,?,,Port Gellhorn,"?, Port Gellhorn",-6394.462176958272,3486.059474518259,,,,,,
L1327,?,,Port Gellhorn,"?, Port Gellhorn",-6368.4879052879105,3491.245222173522,,,,,,
L1328,Boat Ramp,,Ambrosia,"Boat Ramp, Ambrosia",-2554.736170837871,5068.8316734715145,"Q36J+H2 Clewiston, Florida, USA",26.7614375,-80.9199375,transportation unconfirmed,,landmarks/Ambrosia/L1328_Boat_Ramp_reallife.jpg
L1329,?,Crosstown,Vice City,"?, NE 4th Ave, Crosstown, Vice City",-645.9809999999998,1351.2775,"1718 NW 2nd Ct, Miami, FL 33136, USA",25.791972,-80.1995584,l2 residential,landmarks/Vice_City/L1329_unnamed_ingame.jpg,landmarks/Vice_City/L1329_unnamed_reallife.jpg
L1330,?,La Perle,Vice City,"?, La Perle, Vice City",-707.7019999999998,1551.8139999999999,,,,l1,landmarks/Vice_City/L1330_unnamed_ingame.jpg,
L1331,?,La Perle,Vice City,"?, La Perle, Vice City",-724.2269999999999,1576.0335,,,,l1,landmarks/Vice_City/L1331_unnamed_ingame.jpg,
L1332,?,,Mariana County,"?, Mariana County",-4440.679,-6935.8099999999995,,,,,,
L1333,?,Ocean Beach,Vice Beach,"?, Ocean Beach, Vice Beach",1393.0075,-161.18500000000003,"Jet Skis in Miami, 300 Alton Rd, Miami Beach, FL 33139, USA",25.7707576,-80.14057749999999,,landmarks/Vice_Beach/L1333_unnamed_ingame.jpg,landmarks/Vice_Beach/L1333_unnamed_reallife.jpg
L1334,?,,Ambrosia,"?, Ambrosia",-2808.263534150604,4390.879248041768,,,,,landmarks/Ambrosia/L1334_unnamed_ingame.jpg,
L1335,?,,Ambrosia,"?, Ambrosia",-2838.8965325940953,4318.110132516322,,,,,landmarks/Ambrosia/L1335_unnamed_ingame.jpg,
L1336,Bridge,,Ambrosia,"Bridge, Ambrosia",-2464.833498846666,3855.041881388428,,,,transportation,landmarks/Ambrosia/L1336_Bridge_ingame.jpg,
L1337,Intersection,,Key Lento,"Intersection, Key Lento",-2295.6009999999997,-5552.5779999999995,"5JCF+97X Key Largo, Florida, USA",25.1709875,-80.3767656,,landmarks/Key_Lento/L1337_Intersection_ingame.jpg,landmarks/Key_Lento/L1337_Intersection_reallife.jpg
L1338,Baseball Field?,,Ambrosia,"Baseball Field?, Ambrosia",-3308.461736438223,4172.0877811812015,,,,leisure,landmarks/Ambrosia/L1338_Baseball_Field_ingame.jpg,
L1339,Star Island Bridge,,Vice-Dale County,"Star Island Bridge, Vice-Dale County",694.5039999999999,181.49,,,,transportation,landmarks/Vice-Dale_County/L1339_Star_Island_Bridge_ingame.jpg,
L1340,"""Maple Syrup Hill""",,Lummox County,"""Maple Syrup Hill"", Lummox County",-5297.9545,6315.894,,,,l1 natural,landmarks/Lummox_County/L1340_Maple_Syrup_Hill_ingame.jpg,
L1341,Canyon,,Kelly County,"Canyon, Kelly County",-4990.304380046947,5126.742352324285,,,,natural,landmarks/Kelly_County/L1341_Canyon_ingame.jpg,
L1342,?,,Hamlet,"?, Hamlet",-2993.0964414707573,-2633.580757620879,,,,l4,landmarks/Hamlet/L1342_unnamed_ingame.jpg,
L1343,?,,Hamlet,"?, Hamlet",-2943.892590981222,-2640.341928273749,,,,l4,landmarks/Hamlet/L1343_unnamed_ingame.jpg,
L1344,Prison Building,,Hamlet,"Prison Building, Hamlet",-2957.0232780819815,-2808.186700438225,"3R7C+F9X Raiford, Florida, USA",30.0637375,-82.1790156,closed government l4,landmarks/Hamlet/L1344_Prison_Building_ingame.jpg,
L1345,Prison Building,,Hamlet,"Prison Building, Hamlet",-2929.437360735609,-2826.09741831803,"3R7C+CF8 Raiford, Florida, USA",30.0635375,-82.1787969,closed government l4,landmarks/Hamlet/L1345_Prison_Building_ingame.jpg,
L1346,Prison Building,,Hamlet,"Prison Building, Hamlet",-2834.1276318289247,-2758.3154508803395,"3R7F+92P Raiford, Florida, USA",30.0634625,-82.1774219,closed government l4,landmarks/Hamlet/L1346_Prison_Building_ingame.jpg,
L1347,Prison Building,,Hamlet,"Prison Building, Hamlet",-2879.208129443637,-2839.2710168971334,,,,closed government l4,landmarks/Hamlet/L1347_Prison_Building_ingame.jpg,
L1348,?,,Peregrine Bay,"?, Peregrine Bay",-1638.6153490726815,-3769.4942962329155,"CMP9+M96 Homestead, Florida, USA",25.4366625,-80.33160939999999,utilities,landmarks/Peregrine_Bay/L1348_unnamed_ingame.jpg,
L1349,?,Downtown,Vice City,"?, Downtown, Vice City",-740.7754999999999,-439.29999999999995,"200 SE 2nd Ave, Miami, FL 33131, USA",25.77226,-80.190676,,landmarks/Vice_City/L1349_unnamed_ingame.jpg,landmarks/Vice_City/L1349_unnamed_reallife.jpg
L1350,River,,Kelly County,"River, Kelly County",-4128.7755455115885,4864.749760006291,"Caloosahatchee Canal, Florida, USA",26.79678688410498,-81.2516820073147,natural unconfirmed,,
L1351,?,Ocean Beach,Vice Beach,"?, Ocean Beach, Vice Beach",1524.0405,1275.947,"1100 Lincoln Rd, Miami Beach, FL 33139, USA",25.7902592,-80.1401527,,landmarks/Vice_Beach/L1351_unnamed_ingame.jpg,landmarks/Vice_Beach/L1351_unnamed_reallife.jpg
L1352,?,,Key Lento,"?, Key Lento",-2233.487,-5576.95,,,,,landmarks/Key_Lento/L1352_unnamed_ingame.jpg,
L1353,Banner Hotel & Spa,,Vice City,"Banner Hotel & Spa, Vice City",-1693.8999999999999,-814.0615,"Sheraton Miami Airport Hotel & Executive Meeting Center, 3900 NW 21st St, Miami, FL 33142, USA",25.7944715,-80.2597229,hotel,landmarks/Vice_City/L1353_Banner_Hotel_Spa_ingame.jpg,landmarks/Vice_City/L1353_Banner_Hotel_Spa_reallife.jpg
L1354,Parking Garage,Crosstown,Vice City,"Parking Garage, Crosstown, Vice City",-843.329,793.636,"401-499 NW 3rd Ave, Miami, FL 33128, USA",25.7780306,-80.19921769999999,,landmarks/Vice_City/L1354_Parking_Garage_ingame.jpg,
L1355,?,,Port Gellhorn,"?, Port Gellhorn",-6410.153,2992.427,"3218 East, Business 98, Panama City, FL 32401, USA",30.156764,-85.625211,restaurant,,
L1356,River,,Leonida,"River, Leonida",-2685.67077457492,5488.077720094585,"Kissimmee River, Florida, USA",27.27100032185906,-80.99802694197072,natural,,
L1357,Fuzzard Drain Canal,,Vice-Dale County,"Fuzzard Drain Canal, Vice-Dale County",-2053.263801040581,-2650.3380159942712,,,,,,
L1358,?,Ocean Beach,Vice Beach,"?, Ocean Beach, Vice Beach",1671.4810594988678,433.4752742345654,,,,,,
L1359,?,,Port Gellhorn,"?, Port Gellhorn",-6490.26,3086.24,,,,,,
L1360,?,,Catalan Key,"?, Catalan Key",-265.9949968479723,-2220.4329299903493,,,,residential,landmarks/Catalan_Key/L1360_unnamed_ingame.jpg,
L1361,?,,Catalan Key,"?, Catalan Key",-279.906396069513,-2194.6986068364913,,,,residential,landmarks/Catalan_Key/L1361_unnamed_ingame.jpg,
L1362,Lighthouse,,Catalan Key,"Lighthouse, Catalan Key",-398.41236097670935,-2851.195090672717,"Cape Florida Light, 1200 Crandon Blvd, Key Biscayne, FL 33149, USA",25.6665986,-80.1559585,landmark,landmarks/Catalan_Key/L1362_Lighthouse_ingame.jpg,landmarks/Catalan_Key/L1362_Lighthouse_reallife.jpg
L1363,?,,Catalan Key,"?, Catalan Key",-424.4468556395186,-2829.754417717377,"Lighthouse Keepers Cottage, Cape Florida Park Blvd, Key Biscayne, FL 33149, USA",25.6664274,-80.1563456,unconfirmed,,
L1364,?,La Perle,Vice City,"?, La Perle, Vice City",-753.1469999999999,1510.2295,,,,,,
L1365,?,La Perle,Vice City,"?, La Perle, Vice City",-766.0619999999999,1526.118,,,,,,
L1366,Parking Lot,Ocean Beach,Vice Beach,"Parking Lot, Ocean Beach, Vice Beach",2047.167,1497.493,"QVWF+J62 Miami Beach, Florida, USA",25.7965125,-80.1269844,,,
L1367,?,Downtown,Vice City,"?, Downtown, Vice City",-281.89869341890613,-546.9620199807828,"Blue Water Cafe, 100 Chopin Plaza, Miami, FL 33131, USA",25.7720596,-80.1850958,unconfirmed,landmarks/Vice_City/L1367_unnamed_ingame.jpg,
L1368,?,Salton,Vice City,"?, Westbrook Dr, Salton, Vice City",-1371.2230765673344,-208.7853941430971,,,,l1,landmarks/Vice_City/L1368_unnamed_ingame.jpg,
L1369,?,Little Cuba,Vice City,"?, Little Cuba, Vice City",-1157.6414455804188,-93.10224340644601,"1779 W Flagler St, Miami, FL 33135, USA",25.7729622,-80.2245938,l1 unconfirmed,landmarks/Vice_City/L1369_unnamed_ingame.jpg,landmarks/Vice_City/L1369_unnamed_reallife.jpg
L1370,?,,Key Lento,"?, Key Lento",-2801.7815,-6323.7029999999995,"90170 Overseas Hwy, Tavernier, FL 33070, USA",24.9974882,-80.53811069999999,,,
L1371,?,Little Cuba,Vice City,"?, Little Cuba, Vice City",-1256.2290901944566,-100.28740090869033,"José Martí Park, 351 SW 4th Ave, Miami, FL 33130, USA",25.771168,-80.20057609999999,l1 unconfirmed,landmarks/Vice_City/L1371_unnamed_ingame.jpg,landmarks/Vice_City/L1371_unnamed_reallife.jpg
L1372,?,,Port Gellhorn,"?, Port Gellhorn",-6554.263135976484,3645.753087316293,"2108 US-27, Lake Placid, FL 33852, USA",27.2395671,-81.3341437,,,landmarks/Port_Gellhorn/L1372_unnamed_reallife.jpg
L1373,P?,SW 4th St,Vice Beach,"P?, SW 4th St, Vice Beach",1433.448,1822.6440000000002,"765 Arthur Godfrey Rd, Miami Beach, FL 33140, USA",25.8140627,-80.1323421,,landmarks/Vice_Beach/L1373_P_ingame.jpg,landmarks/Vice_Beach/L1373_P_reallife.jpg
L1374,?,SW 4th St,Vice Beach,"?, SW 4th St, Vice Beach",1456.213,1808.826,"757 Arthur Godfrey Rd, Miami Beach, FL 33140, USA",25.8141027,-80.1321071,,landmarks/Vice_Beach/L1374_unnamed_ingame.jpg,landmarks/Vice_Beach/L1374_unnamed_reallife.jpg
L1375,?,,Vice City,"?, Vice City",-251.314234674334,2213.999311713242,,,,,landmarks/Vice_City/L1375_unnamed_ingame.jpg,
L1376,Abandoned Hovercraft,,Leonida,"Abandoned Hovercraft, Leonida",,,"991 Bunker Ave, Green Cove Springs, FL 32043, USA",29.9769525,-81.65834219999999,events,,landmarks/Leonida/L1376_Abandoned_Hovercraft_reallife.jpg
L1377,Piano,,Vice-Dale County,"Piano, Vice-Dale County",110.91239974646783,1561.739267115815,"VR9Q+WMJ Miami Shores, Florida, USA",25.8698375,-80.16085939999999,events unconfirmed,,landmarks/Vice-Dale_County/L1377_Piano_reallife.jpg
L1378,?,Stockyard,Vice City,"?, Stockyard, Vice City",-270.9605,1888.151,"2750 NW 3rd Ave, Miami, FL 33127, USA",25.8023878,-80.2017158,,landmarks/Vice_City/L1378_unnamed_ingame.jpg,landmarks/Vice_City/L1378_unnamed_reallife.jpg
L1379,Bohemia,Stockyard,Vice City,"Bohemia, Stockyard, Vice City",-370.62661147965525,1735.781777933967,"2562 NW 2nd Ave, Miami, FL 33127, USA",25.8013086,-80.19931919999999,,landmarks/Vice_City/L1379_Bohemia_ingame.jpg,landmarks/Vice_City/L1379_Bohemia_reallife.jpg
L1380,?,,Mariana County,"?, Mariana County",-4763.991211269949,-7142.836824450301,,,,unconfirmed,landmarks/Mariana_County/L1380_unnamed_ingame.jpg,landmarks/Mariana_County/L1380_unnamed_reallife.jpg
L1381,Chip's Body Shop,,Key Lento,"Chip's Body Shop, Key Lento",-2975.6215,-6461.464,,,,,landmarks/Key_Lento/L1381_Chips_Body_Shop_ingame.jpg,
L1382,Peewees,Southside,Vice City,"Peewees, Southside, Vice City",-1650.181,-2379.027,,,,l4 restaurant,landmarks/Vice_City/L1382_Peewees_ingame.jpg,
L1383,Gellhorn Roadhouse,,Port Gellhorn,"Gellhorn Roadhouse, Port Gellhorn",-6273.999276075784,3908.185586699399,,,,,landmarks/Port_Gellhorn/L1383_Gellhorn_Roadhouse_ingame.jpg,
L1384,Hog Star?,,Ambrosia,"Hog Star?, Ambrosia",,,,,,,landmarks/Ambrosia/L1384_Hog_Star_ingame.jpg,
L1385,Prison Building,,Hamlet,"Prison Building, Hamlet",-2881.2765401490724,-2893.255179338523,"3R7C+5C7 Raiford, Florida, USA",30.0629125,-82.1789531,closed government l4,,
L1386,?,,Hamlet,"?, Hamlet",-2634.5822257645264,-3063.30672321879,,,,,landmarks/Hamlet/L1386_unnamed_ingame.jpg,
L1387,?,,Hamlet,"?, Hamlet",-2688.393547379192,-3060.8905086258833,,,,,landmarks/Hamlet/L1387_unnamed_ingame.jpg,
L1388,?,,Hamlet,"?, Hamlet",-2445.304402372107,-2899.640660704049,,,,,landmarks/Hamlet/L1388_unnamed_ingame.jpg,
L1389,?,,Vice Beach,"?, Vice Beach",1508.9373112320116,2157.3415985744537,"1108 Kane Concourse, Bay Harbor Islands, FL 33154, USA",25.8863414,-80.1315695,,landmarks/Vice_Beach/L1389_unnamed_ingame.jpg,landmarks/Vice_Beach/L1389_unnamed_reallife.jpg
L1390,?,Crosstown,Vice City,"?, Crosstown, Vice City",-600.3415,1220.1225,,,,l4,landmarks/Vice_City/L1390_unnamed_ingame.jpg,
L1391,Airfield,,Ambrosia,"Airfield, Ambrosia",-4237.628195937482,4070.883829261347,"Airglades Airport, 1090 Airglades Blvd, Clewiston, FL 33440, USA",26.7363419,-81.048048,transportation unconfirmed,,
L1392,Malibu Club,,Vice Beach,"Malibu Club, Vice Beach",,,,,,events leisure,,
L1393,Kington Hotel,,Leonida,"Kington Hotel, Leonida",,,,,,events hotel,,
L1394,Devil's Tramping Ground,,Leonida,"Devil's Tramping Ground, Leonida",,,"Devils Tramping Ground Rd, North Carolina, USA",35.5904135,-79.4915911,events,,
L1395,Island Camp,,Leonida,"Island Camp, Leonida",,,,,,events,,
L1396,Memorial in Woods,,Leonida,"Memorial in Woods, Leonida",,,,,,events,,
L1397,Driving Death Memorial,,Leonida,"Driving Death Memorial, Leonida",,,,,,events,,
L1398,?,,Key Lento,"?, Key Lento",-2994.8225,-6465.965,,,,,landmarks/Key_Lento/L1398_unnamed_ingame.jpg,
L1399,Water Tower,,Leonida,"Water Tower, Leonida",,,"GW6P+RWF Boynton Beach, Florida, USA",26.5120625,-80.0627031,unconfirmed utilities,landmarks/Leonida/L1399_Water_Tower_ingame.jpg,
L1400,?,,Ambrosia,"?, Ambrosia",-2404.6208375822875,5012.07464872511,"Monkey Box, FL, USA",26.9331132,-81.0559,unconfirmed,landmarks/Ambrosia/L1400_unnamed_ingame.jpg,landmarks/Ambrosia/L1400_unnamed_reallife.jpg
L1401,?,,Vice City,"?, Vice City",31.768210284657926,2129.7330232337936,"3250 NE 1st Ave, Miami, FL 33137, USA",25.8075239,-80.19327210000002,l1 residential unconfirmed,landmarks/Vice_City/L1401_unnamed_ingame.jpg,landmarks/Vice_City/L1401_unnamed_reallife.jpg
L1402,?,La Perle,Vice City,"?, La Perle, Vice City",-762.6139999999998,1453.024,,,,,,
L1403,?,La Perle,Vice City,"?, La Perle, Vice City",-778.3639999999998,1470.524,,,,,,
L1404,?,La Perle,Vice City,"?, La Perle, Vice City",-791.6119999999999,1485.524,,,,,,
L1405,?,Rockridge,Vice City,"?, Rockridge, Vice City",-1220.516,1052.62,"1325 SW 1st St, Miami, FL 33135, USA",25.7727007,-80.21699029999999,,,
L1406,Bridge,,Leonida,"Bridge, Leonida",-2842.070537590228,5687.2422980123165,,,,transportation,landmarks/Leonida/L1406_Bridge_ingame.jpg,
L1407,"""Escher Bridge""",,Leonida,"""Escher Bridge"", Leonida",-2730.3671480360235,5624.279790010033,,,,transportation,,
L1408,Bridge,,Mariana County,"Bridge, Mariana County",-4185.227336082811,-3284.9776897212237,,,,transportation,landmarks/Mariana_County/L1408_Bridge_ingame.jpg,
L1409,Bridge,,Watson Bay,"Bridge, Watson Bay",-4540.157322912439,-3186.4366537166206,"Cedar Key Bridge, SW 154 Ave, Cedar Key, FL 32625, USA",29.1657981,-83.0274019,transportation unconfirmed,landmarks/Watson_Bay/L1409_Bridge_ingame.jpg,landmarks/Watson_Bay/L1409_Bridge_reallife.jpg
L1410,?,,Port Gellhorn,"?, Port Gellhorn",-5992.019959384204,2933.037300769743,,,,,,
L1411,?,,Leonida,"?, Leonida",,,Bermuda Triangle,25,-71,events,,
L1412,Bus Stop,Washington Beach,Vice Beach,"Bus Stop, Washington Beach, Vice Beach",1866.205,1626.453,"Collins Av & 24 St, Miami Beach, FL 33139, USA",25.8001078,-80.12729209999999,#bus transportation,landmarks/Vice_Beach/L1412_Bus_Stop_ingame.jpg,
L1413,Bus Stop,Ocean Beach,Vice Beach,"Bus Stop, Ocean Beach, Vice Beach",1858.116,1437.534,"Collins Av & 21 St, Miami Beach, FL 33139, USA",25.7963757,-80.1288172,#bus l1 transportation,landmarks/Vice_Beach/L1413_Bus_Stop_ingame.jpg,
L1414,Bus Stop,,Vice Beach,"Bus Stop, Vice Beach",1869.155,1551.5425,,,,#bus transportation,landmarks/Vice_Beach/L1414_Bus_Stop_ingame.jpg,
L1415,Bus Stop,Ocean Beach,Vice Beach,"Bus Stop, Ocean Beach, Vice Beach",1732.0059999999999,383.3539999999999,,,,#bus transportation,landmarks/Vice_Beach/L1415_Bus_Stop_ingame.jpg,
L1416,Bus Stop,Downtown,Vice City,"Bus Stop, Downtown, Vice City",-406.62787887344723,522.4655573665457,"Biscayne Blvd & NE 6 St, Miami, FL 33130, USA",25.7800497,-80.1888563,#bus transportation,landmarks/Vice_City/L1416_Bus_Stop_ingame.jpg,
L1417,Bus Stop,Rockridge,Vice City,"Bus Stop, Rockridge, Vice City",-1325.8740000000003,748.155,,,,#bus l1 transportation,landmarks/Vice_City/L1417_Bus_Stop_ingame.jpg,
L1418,Bus Stop,Rockridge,Vice City,"Bus Stop, Rockridge, Vice City",-1361.125,703.155,,,,#bus l1 transportation,landmarks/Vice_City/L1418_Bus_Stop_ingame.jpg,
L1419,Bus Stop,Stockyard,Vice City,"Bus Stop, Stockyard, Vice City",-357.8760000000001,1784.578,,,,#bus transportation,landmarks/Vice_City/L1419_Bus_Stop_ingame.jpg,
L1420,?,,Key Lento,"?, Key Lento",-2125.573639801883,-5558.588668873315,,,,,landmarks/Key_Lento/L1420_unnamed_ingame.jpg,
L1421,Brian's Marina Workshop,,Key Lento,"Brian's Marina Workshop, Key Lento",-2557.2200000000003,-5896.0795,"103950 Overseas Hwy, Key Largo, FL 33037, USA",25.1428825,-80.3987203,,landmarks/Key_Lento/L1421_Brians_Marina_Workshop_ingame.jpg,landmarks/Key_Lento/L1421_Brians_Marina_Workshop_reallife.jpg
L1422,?,,Key Lento,"?, Key Lento",-2275.5748991412092,-5715.152191749747,,,,,landmarks/Key_Lento/L1422_unnamed_ingame.jpg,
L1423,?,,Key Lento,"?, Key Lento",-2109.4579146001975,-5573.7848245074165,,,,,landmarks/Key_Lento/L1423_unnamed_ingame.jpg,
L1424,?,,Key Lento,"?, Key Lento",-2141.0938719904834,-5626.194872022182,,,,,landmarks/Key_Lento/L1424_unnamed_ingame.jpg,
L1425,?,La Perle,Vice City,"?, La Perle, Vice City",-1092.917,1205.5895,,,,,landmarks/Vice_City/L1425_unnamed_ingame.jpg,
L1426,?,,Mariana County,"?, Mariana County",-5205.616,-7316.455,,,,,landmarks/Mariana_County/L1426_unnamed_ingame.jpg,
L1427,Boat Ramp,,Mariana County,"Boat Ramp, Mariana County",-4904.518913907493,-7184.393218388174,"33767 Jimmy Buffett Mem Hwy, Big Pine Key, FL 33043, USA",24.6494279,-81.31671229999999,,,
L1428,?,,Kelly County,"?, Kelly County",-4720,1240,,,,l1 point-of-interest,landmarks/Kelly_County/L1428_unnamed_ingame.jpg,
L1429,Gellhorn Roadhouse Sign,,Port Gellhorn,"Gellhorn Roadhouse Sign, Port Gellhorn",-6288.013,3921.8919999999994,,,,landmark,landmarks/Port_Gellhorn/L1429_Gellhorn_Roadhouse_Sign_ingame.jpg,
L1430,?,,Port Gellhorn,"?, Port Gellhorn",-6472.362,2942.6855000000005,,,,l1 residential,landmarks/Port_Gellhorn/L1430_unnamed_ingame.jpg,
L1431,?,,Kelly County,"?, Kelly County",-4862.0922104372485,2163.3692506408524,,,,l1,landmarks/Kelly_County/L1431_unnamed_ingame.jpg,
L1432,Parking Lot,,Port Gellhorn,"Parking Lot, Port Gellhorn",-6383.517,2955.405,"5310 US-98, Panama City, FL 32404, USA",30.1287759,-85.59320079999999,transportation unconfirmed,,
L1433,?,,Ambrosia,"?, Ambrosia",-2502.8945643438033,3898.7198648502617,,,,industrial,landmarks/Ambrosia/L1433_unnamed_ingame.jpg,
L1434,?,,Ambrosia,"?, Ambrosia",-2564.428,3804.576,,,,industrial,landmarks/Ambrosia/L1434_unnamed_ingame.jpg,
L1435,?,,Ambrosia,"?, Ambrosia",-2475.0588810170057,4110.658786682709,,,,industrial,landmarks/Ambrosia/L1435_unnamed_ingame.jpg,
L1436,?,Ocean Beach,Vice Beach,"?, Ocean Beach, Vice Beach",1693.975,674.172,,,,,landmarks/Vice_Beach/L1436_unnamed_ingame.jpg,
L1437,Dale's Shopwell,,Leonida,"Dale's Shopwell, Leonida",,,,,,events retail,,
L1438,?,,Mariana County,"?, Mariana County",-3920.1590817616902,-2558.600642743762,,,,unconfirmed,landmarks/Mariana_County/L1438_unnamed_ingame.jpg,
L1439,?,,Mariana County,"?, Mariana County",-3941.4576644603494,-2542.4597005397477,,,,unconfirmed,landmarks/Mariana_County/L1439_unnamed_ingame.jpg,
L1440,?,Allied Crystal,Ambrosia,"?, Allied Crystal, Ambrosia",-2813.511151652162,3731.5827242740997,,,,industrial,landmarks/Ambrosia/L1440_unnamed_ingame.jpg,
L1441,?,Allied Crystal,Ambrosia,"?, Allied Crystal, Ambrosia",-2805.4646763818673,3672.6027130525717,,,,industrial,landmarks/Ambrosia/L1441_unnamed_ingame.jpg,
L1442,Tank,Allied Crystal,Ambrosia,"Tank, Allied Crystal, Ambrosia",-2835.340177873592,3681.491441016012,,,,industrial,landmarks/Ambrosia/L1442_Tank_ingame.jpg,
L1443,?,Allied Crystal,Ambrosia,"?, Allied Crystal, Ambrosia",-2919.5438968334634,3604.337805813671,,,,,landmarks/Ambrosia/L1443_unnamed_ingame.jpg,
L1444,?,Allied Crystal,Ambrosia,"?, Allied Crystal, Ambrosia",-3065.180739796847,3367.717482428395,,,,industrial,landmarks/Ambrosia/L1444_unnamed_ingame.jpg,
L1445,?,Allied Crystal,Ambrosia,"?, Allied Crystal, Ambrosia",-3059.614638158968,3325.6024255773455,,,,industrial,,
L1446,?,Allied Crystal,Ambrosia,"?, Allied Crystal, Ambrosia",-2935.511083890541,3543.8855659924257,,,,industrial,,
L1447,?,Allied Crystal,Ambrosia,"?, Allied Crystal, Ambrosia",-2963.572194526487,3157.558103069181,,,,industrial,landmarks/Ambrosia/L1447_unnamed_ingame.jpg,
L1448,?,Allied Crystal,Ambrosia,"?, Allied Crystal, Ambrosia",-2982.1854940088588,3617.5475629756775,,,,industrial,landmarks/Ambrosia/L1448_unnamed_ingame.jpg,
L1449,?,Allied Crystal,Ambrosia,"?, Allied Crystal, Ambrosia",-3044.058446565553,3736.4984074171393,,,,industrial,landmarks/Ambrosia/L1449_unnamed_ingame.jpg,
L1450,?,,Ambrosia,"?, Ambrosia",-2940.2422192673403,4598.411474902652,,,,,landmarks/Ambrosia/L1450_unnamed_ingame.jpg,
L1451,?,Allied Crystal,Ambrosia,"?, Allied Crystal, Ambrosia",-2983.5823093868567,3085.3664651785393,,,,industrial,landmarks/Ambrosia/L1451_unnamed_ingame.jpg,
L1452,?,,Vice City International Airport,"?, Vice City International Airport",-2364.7999999999997,-123.73800000000006,,,,l1,landmarks/Vice_City_International_Airport/L1452_unnamed_ingame.jpg,
L1453,VYB,,Vice Beach,"VYB, Vice Beach",,,"LIV Nightclub Miami, 4441 Collins Ave, Miami Beach, FL 33140, USA",25.8180403,-80.1223972,,landmarks/Vice_Beach/L1453_VYB_ingame.jpg,landmarks/Vice_Beach/L1453_VYB_reallife.jpg
L1454,?,Bayside,Vice City,"?, Bayside, Vice City",-314.72299999999996,746.6170000000002,"Knight Plaza, Miami, FL 33130, USA",25.7855862,-80.1870222,public,landmarks/Vice_City/L1454_unnamed_ingame.jpg,
L1455,?,,Port Gellhorn,"?, Port Gellhorn",-6966.501499999999,3918.3205,"ScottyBoat Rentals, 5611 US-98, Panama City, FL 32405, USA",30.1853602,-85.73331519999999,l1 unconfirmed,landmarks/Port_Gellhorn/L1455_unnamed_ingame.jpg,
L1456,?,,Vice City,"?, Vice City",,,"Versailles Restaurant, 3555 SW 8th St, Miami, FL 33135, USA",25.765024,-80.25279599999999,unconfirmed,,
L1457,Fracking Site,Grassrivers,Mariana County,"Fracking Site, Grassrivers, Mariana County",,,,,,events,,
L1458,Bridge,,Mariana County,"Bridge, Mariana County",-3498.9734553066246,-3552.623227653312,,,,transportation,landmarks/Mariana_County/L1458_Bridge_ingame.jpg,landmarks/Mariana_County/L1458_Bridge_reallife.jpg
L1459,?,,Catalan Bay,"?, Catalan Bay",252.14632971346464,1709.7886579347294,"Morningside Picnic Islands, Miami, FL 33137, USA",25.8240832,-80.16954539999999,natural unconfirmed,landmarks/Catalan_Bay/L1459_unnamed_ingame.jpg,
L1460,?,,Catalan Bay,"?, Catalan Bay",-13.958808747441708,1662.274298696643,"Biscayne Isle, FL-112, Miami, FL 33137, USA",25.8178692,-80.1710337,natural unconfirmed,landmarks/Catalan_Bay/L1460_unnamed_ingame.jpg,
L1461,"""Vake Island""",,Mariana County,"""Vake Island"", Mariana County",-3605.85890116439,-7928.159977155849,,,,natural,,
L1462,?,,Leonida,"?, Leonida",,,"Hardrock Offroad Park, 6849 NW Gainesville Rd, Ocala, FL 34475, USA",29.2572021,-82.1763687,unconfirmed,landmarks/Leonida/L1462_unnamed_ingame.jpg,
L1463,?,Bayside,Vice City,"?, Bayside, Vice City",-417.826,976.7170000000001,"1778 N Bayshore Dr, Miami, FL 33132, USA",25.793416,-80.1868779,demolished residential,landmarks/Vice_City/L1463_unnamed_ingame.jpg,landmarks/Vice_City/L1463_unnamed_reallife.jpg
L1464,?,Crosstown,Vice City,"?, Crosstown, Vice City",-630.2881152281266,1032.108225206824,,,,l4,landmarks/Vice_City/L1464_unnamed_ingame.jpg,
L1465,?,La Perle,Vice City,"?, La Perle, Vice City",-1034.509,1114.7714999999998,,,,,landmarks/Vice_City/L1465_unnamed_ingame.jpg,
L1466,?,Bayside,Vice City,"?, Bayside, Vice City",-252.29799999999977,966.1505000000002,"Casablanca Waterfront Bar and Grill, 1717 N Bayshore Dr #200, Miami, FL 33132, USA",25.7914199,-80.18556210000001,,landmarks/Vice_City/L1466_unnamed_ingame.jpg,
L1467,?,,Vice-Dale County,"?, Vice-Dale County",951.5682157009559,-4.088440751941903,"110 MacArthur Cswy, Miami Beach, FL 33139, USA",25.7720619,-80.1475809,,landmarks/Vice-Dale_County/L1467_unnamed_ingame.jpg,landmarks/Vice-Dale_County/L1467_unnamed_reallife.jpg
L1468,The Atoll,,Vice City,"The Atoll, Vice City",,,,,,retail,landmarks/Vice_City/L1468_The_Atoll_ingame.jpg,
L1469,Tennis Court,Ocean Beach,Vice Beach,"Tennis Court, Ocean Beach, Vice Beach",1503.639764135755,-83.85820473948203,"Murano Grande, 400 Alton Rd, Miami Beach, FL 33139, USA",25.7731379,-80.14060429999999,leisure,landmarks/Vice_Beach/L1469_Tennis_Court_ingame.jpg,landmarks/Vice_Beach/L1469_Tennis_Court_reallife.jpg
L1470,Pool,Ocean Beach,Vice Beach,"Pool, Ocean Beach, Vice Beach",1509.2278836594633,-199.07058677815888,"Apogee Condominium, 800 South Pointe Dr, Miami Beach, FL 33139, USA",25.7679638,-80.13630309999999,leisure,landmarks/Vice_Beach/L1470_Pool_ingame.jpg,landmarks/Vice_Beach/L1470_Pool_reallife.jpg
L1471,?,Ocean Beach,Vice Beach,"?, Ocean Beach, Vice Beach",1576.3796122049266,-100.6038743751242,"Marea Condominium, 801 South Pointe Dr Unit# 105, Miami Beach, FL 33139, USA",25.7685303,-80.13632729999999,construction residential,landmarks/Vice_Beach/L1471_unnamed_ingame.jpg,landmarks/Vice_Beach/L1471_unnamed_reallife.jpg
L1472,National Coast Guard,,Vice-Dale County,"National Coast Guard, Vice-Dale County",1090.6419999999998,-44.563500000000005,"US Coast Guard Base Miami Beach, 100 MacArthur Cswy, Miami Beach, FL 33139, USA",25.7713069,-80.1456461,,landmarks/Vice-Dale_County/L1472_National_Coast_Guard_ingame.jpg,landmarks/Vice-Dale_County/L1472_National_Coast_Guard_reallife.jpg
L1473,?,,Vice-Dale County,"?, Vice-Dale County",1135.9465,5.794000000000011,"US Coast Guard, 905 S America Way, Miami, FL 33132, USA",25.7799421,-80.18001570000001,,landmarks/Vice-Dale_County/L1473_unnamed_ingame.jpg,landmarks/Vice-Dale_County/L1473_unnamed_reallife.jpg
L1474,?,,Vice-Dale County,"?, Vice-Dale County",1047.5886000871096,103.27741255022858,"Coast Guard Exchange, 100 MacArthur Cswy, Miami Beach, FL 33139, USA",25.7721557,-80.1457695,,landmarks/Vice-Dale_County/L1474_unnamed_ingame.jpg,landmarks/Vice-Dale_County/L1474_unnamed_reallife.jpg
L1475,?,,Vice-Dale County,"?, Vice-Dale County",714.801,13.544999999999959,"FIsher Island Ferry, QRCX+PF7 Miami Beach, Florida, USA",25.7717875,-80.1513281,transportation,landmarks/Vice-Dale_County/L1475_unnamed_ingame.jpg,landmarks/Vice-Dale_County/L1475_unnamed_reallife.jpg
L1476,?,,Vice-Dale County,"?, Vice-Dale County",465.7436943713187,199.5783560614774,"Miami Outboard Club, 1099 MacArthur Cswy, Miami, FL 33132, USA",25.7822581,-80.1725439,,landmarks/Vice-Dale_County/L1476_unnamed_ingame.jpg,landmarks/Vice-Dale_County/L1476_unnamed_reallife.jpg
L1477,?,,Gloriana Key,"?, Gloriana Key",491.41175053725203,-1222.4056909674403,"PRXW+JW7 Miami, Florida, USA",25.7490375,-80.1527031,,landmarks/Gloriana_Key/L1477_unnamed_ingame.jpg,landmarks/Gloriana_Key/L1477_unnamed_reallife.jpg
L1478,?,Ocean Beach,Vice Beach,"?, Ocean Beach, Vice Beach",1634.9107574798918,-77.45180949677405,"1 Collins Ave, Miami Beach, FL 33139, USA",25.7688027,-80.13381079999999,//may-not-exist unconfirmed,landmarks/Vice_Beach/L1478_unnamed_ingame.jpg,landmarks/Vice_Beach/L1478_unnamed_reallife.jpg
L1479,?,,Port Vice City,"?, Port Vice City",836.7473863155375,-358.8420566110841,"2550 Port Blvd, Miami, FL 33132, USA",25.7673367,-80.1473999,,landmarks/Port_Vice_City/L1479_unnamed_ingame.jpg,landmarks/Port_Vice_City/L1479_unnamed_reallife.jpg
L1480,Tunnel Entrance,,Port Vice City,"Tunnel Entrance, Port Vice City",511.32875078248526,-649.393609773593,"QRGG+4RH Miami, Florida, USA",25.7753125,-80.1728906,,landmarks/Port_Vice_City/L1480_Tunnel_Entrance_ingame.jpg,landmarks/Port_Vice_City/L1480_Tunnel_Entrance_reallife.jpg
L1481,?,Downtown,Vice City,"?, Catalan Blvd, Downtown, Vice City",-478.88569653621056,287.9957930370116,"320 Biscayne Blvd, Miami, FL 33132, USA",25.7774887,-80.1886646,demolished,landmarks/Vice_City/L1481_unnamed_ingame.jpg,landmarks/Vice_City/L1481_unnamed_reallife.jpg
L1482,Electric Fang Tattoo,Stockyard,Vice City,"Electric Fang Tattoo, Stockyard, Vice City",-378.6405,1839.5550000000003,"450 NW 28th St, Miami, FL 33127, USA",25.8025339,-80.20251139999999,#tattoos retail,landmarks/Vice_City/L1482_Electric_Fang_Tattoo_ingame.jpg,landmarks/Vice_City/L1482_Electric_Fang_Tattoo_reallife.jpg
L1483,?,Salton,Vice City,"?, Salton, Vice City",-1452.6930338704042,-129.63362894391753,,,,,landmarks/Vice_City/L1483_unnamed_ingame.jpg,
L1484,?,,Port Gellhorn,"?, Port Gellhorn",-6683.235000000001,3784.8115000000007,"123 E Beach Dr, Panama City, FL 32401, USA",30.1524888,-85.6606857,//583q+3q2 unconfirmed,landmarks/Port_Gellhorn/L1484_unnamed_ingame.jpg,landmarks/Port_Gellhorn/L1484_unnamed_reallife.jpg
L1485,?,,Port Vice City,"?, Port Vice City",822.5440055190784,-431.1428831324884,,,,,,
L1486,?,,Hamlet,"?, Hamlet",-2508.253,-3028.435,"550 N Homestead Blvd, Homestead, FL 33030, USA",25.4732494,-80.4698488,unconfirmed,landmarks/Hamlet/L1486_unnamed_ingame.jpg,landmarks/Hamlet/L1486_unnamed_reallife.jpg
L1487,?,,Ambrosia,"?, Ambrosia",-2607.875355249928,4870.997276720135,,,,,landmarks/Ambrosia/L1487_unnamed_ingame.jpg,landmarks/Ambrosia/L1487_unnamed_reallife.jpg
L1488,Stock 305,Stockyard,Vice City,"Stock 305, Stockyard, Vice City",-328.668,1766.1170000000002,"295 NW 26th St, Miami, FL 33127, USA",25.8016456,-80.2008877,#clothes retail,landmarks/Vice_City/L1488_Stock_305_ingame.jpg,landmarks/Vice_City/L1488_Stock_305_reallife.jpg
L1489,?,,Vice City,"?, Vice City",-245.65870206220836,2153.397697036941,"Palm Court, 140 NE 39th St, Miami, FL 33137, USA",25.8122766,-80.19228249999999,retail,landmarks/Vice_City/L1489_unnamed_ingame.jpg,landmarks/Vice_City/L1489_unnamed_reallife.jpg
L1490,?,Ocean Beach,Vice Beach,"?, Ocean Beach, Vice Beach",1580.321,-172.96400000000003,,,,,landmarks/Vice_Beach/L1490_unnamed_ingame.jpg,
L1491,PTT YOUNGIN$,Southside,Vice City,"PTT YOUNGIN$, Southside, Vice City",,,,,,,,landmarks/Vice_City/L1491_PTT_YOUNGIN_reallife.jpg
L1492,?,,Dalton Island,"?, Dalton Island",2443.151,-1448.4344999999998,"QV6C+2R2 Miami Beach, Florida, USA",25.7600125,-80.1279844,,,
L1493,One-Eyed Willie's,,Leonida,"One-Eyed Willie's, Leonida",,,,,,retail,,landmarks/Leonida/L1493_One-Eyed_Willies_reallife.jpg
L1494,Wyman's World Auto Salvage Co.,,Ambrosia,"Wyman's World Auto Salvage Co., Ambrosia",,,"1220 E Sugarland Hwy, Clewiston, FL 33440, USA",26.7536296,-80.9139903,@wyman retail,landmarks/Ambrosia/L1494_Wymans_World_Auto_Salvage_Co_ingame.jpg,landmarks/Ambrosia/L1494_Wymans_World_Auto_Salvage_Co_reallife.jpg
L1495,Paradise Garage,,Watson Bay,"Paradise Garage, Watson Bay",,,,,,,landmarks/Watson_Bay/L1495_Paradise_Garage_ingame.jpg,
L1496,?,,Starfish Island,"?, Starfish Island",790.2353874907276,347.2758211443901,,,,,,
L1497,?,,Key Lento,"?, Key Lento",-2547.129,-5727.743,"Jimmy Johnson's Big Chill, 104000 Overseas Hwy, Key Largo, FL 33037, USA",25.1444284,-80.3978745,,landmarks/Key_Lento/L1497_unnamed_ingame.jpg,landmarks/Key_Lento/L1497_unnamed_reallife.jpg
L1498,?,Little Cuba,Vice City,"?, Little Cuba, Vice City",-1088.7459999999999,83.03799999999995,"1450 SW 7th St, Miami, FL 33135, USA",25.7663391,-80.2189003,hotel l4,landmarks/Vice_City/L1498_unnamed_ingame.jpg,landmarks/Vice_City/L1498_unnamed_reallife.jpg
L1499,?,,Rialto Islands,"?, Rialto Islands",540.0572584732918,1309.294128867289,,,,,landmarks/Rialto_Islands/L1499_unnamed_ingame.jpg,
L1500,Catalan Bay,,Vice-Dale County,"Catalan Bay, Vice-Dale County",440.97586276988477,-151.5885111439161,"Biscayne Bay, Florida, USA",25.5722,-80.2321,natural,landmarks/Vice-Dale_County/L1500_Catalan_Bay_ingame.jpg,
L1501,?,,Rialto Islands,"?, Rialto Islands",658.686140964247,1048.4347354249555,,,,,landmarks/Rialto_Islands/L1501_unnamed_ingame.jpg,
L1502,?,,Rialto Islands,"?, Rialto Islands",560.2517271507284,1230.026481001311,,,,,landmarks/Rialto_Islands/L1502_unnamed_ingame.jpg,landmarks/Rialto_Islands/L1502_unnamed_reallife.jpg
L1503,?,,Mariana County,"?, Mariana County",-3625.6890208527147,-2759.3940667731476,"FG2H+3P8 Orlando, Florida, USA",28.4501625,-81.4706719,cancelled leisure unconfirmed,landmarks/Mariana_County/L1503_unnamed_ingame.jpg,landmarks/Mariana_County/L1503_unnamed_reallife.jpg
L1504,?,,Vice City,"?, Vice City",-239.43837303498776,2214.516805246001,"BVLGARI, 140 NE 39th St Ste 127, Miami, FL 33137, USA",25.8124239,-80.1921924,retail,landmarks/Vice_City/L1504_unnamed_ingame.jpg,landmarks/Vice_City/L1504_unnamed_reallife.jpg
L1505,?,,Vice City,"?, Vice City",-245.20932468001376,2180.2799250686485,"Buckminster Fuller's Fly's Eye Dome, 140 NE 39th St, Miami, FL 33137, USA",25.8122201,-80.19223149999999,landmark,landmarks/Vice_City/L1505_unnamed_ingame.jpg,landmarks/Vice_City/L1505_unnamed_reallife.jpg
L1506,Bus Stop,Bayside,Vice City,"Bus Stop, Rialto Cswy, Bayside, Vice City",-307.837,993.833,"NE 15 St & Herald Plaza, Miami, FL 33132, USA",25.789608,-80.1865445,#bus transportation,landmarks/Vice_City/L1506_Bus_Stop_ingame.jpg,landmarks/Vice_City/L1506_Bus_Stop_reallife.jpg
L1507,Fake Tunnel Mural,,Vice City,"Fake Tunnel Mural, Vice City",-202.92054787137965,2185.0764373375473,"Vortex, RR65+Q4 Miami, Florida, USA",25.8119375,-80.19218750000002,events unconfirmed,,landmarks/Vice_City/L1507_Fake_Tunnel_Mural_reallife.jpg
L1508,?,Bayside,Vice City,"?, Bayside, Vice City",-151.70299999999997,808.1160000000002,,,,landmark,landmarks/Vice_City/L1508_unnamed_ingame.jpg,
L1509,?,Ocean Beach,Vice Beach,"?, Ocean Beach, Vice Beach",1859.0627291266615,274.9803709141226,"Miami Beach Municipal Parking Garage, 1301 Collins Ave, Miami Beach, FL 33139, USA",25.7843936,-80.1307331,,landmarks/Vice_Beach/L1509_unnamed_ingame.jpg,landmarks/Vice_Beach/L1509_unnamed_reallife.jpg
L1510,?,Belville,Leonard County,"?, Belville, Leonard County",-782.7864184399937,2796.0539820772788,,,,,landmarks/Leonard_County/L1510_unnamed_ingame.jpg,
L1511,?,,Port Gellhorn,"?, Port Gellhorn",-6308.251,4412.207,"10490 Quail Roost Dr, Cutler Bay, FL 33157, USA",25.5959179,-80.3621823,l1 reused unconfirmed,landmarks/Port_Gellhorn/L1511_unnamed_ingame.jpg,landmarks/Port_Gellhorn/L1511_unnamed_reallife.jpg
L1512,?,Ocean Beach,Vice Beach,"?, Ocean Beach, Vice Beach",1289.509,427.924,"The Floridian, 650 West Ave, Miami Beach, FL 33139, USA",25.7767964,-80.14232530000001,,landmarks/Vice_Beach/L1512_unnamed_ingame.jpg,landmarks/Vice_Beach/L1512_unnamed_reallife.jpg
L1513,?,,Port Gellhorn,"?, Port Gellhorn",-6278.002489823761,3538.2373499696805,,,,,landmarks/Port_Gellhorn/L1513_unnamed_ingame.jpg,
L1514,?,,Key Lento,"?, Key Lento",-2082.6797807966627,-5673.241514601647,,,,,landmarks/Key_Lento/L1514_unnamed_ingame.jpg,
L1515,?,,Key Lento,"?, Key Lento",-2018.7856120486463,-5591.826654029391,,,,,landmarks/Key_Lento/L1515_unnamed_ingame.jpg,
L1516,?,,Key Lento,"?, Key Lento",-2930.013,-6402.18,"Rain Barrel Village, 86700 Overseas Hwy, Islamorada, FL 33036, USA",24.9593306,-80.5712444,,landmarks/Key_Lento/L1516_unnamed_ingame.jpg,
L1517,?,,Key Lento,"?, Key Lento",-2269.206,-5591.787,,,,,landmarks/Key_Lento/L1517_unnamed_ingame.jpg,
L1518,?,,Key Lento,"?, Key Lento",-2286.248,-5605.958,,,,residential,landmarks/Key_Lento/L1518_unnamed_ingame.jpg,
L1519,?,,Key Lento,"?, Key Lento",-2296.4030000000002,-5585.503,,,,l4,landmarks/Key_Lento/L1519_unnamed_ingame.jpg,
L1520,?,,Port Gellhorn,"?, Port Gellhorn",-6251.660276042992,3166.8389550531992,"49JV+2WM Parker, Florida, USA",30.1300875,-85.60520310000001,l1,landmarks/Port_Gellhorn/L1520_unnamed_ingame.jpg,landmarks/Port_Gellhorn/L1520_unnamed_reallife.jpg
L1521,?,Allied Crystal,Ambrosia,"?, Allied Crystal, Ambrosia",-2987.7774494331406,3444.040741853508,,,,,landmarks/Ambrosia/L1521_unnamed_ingame.jpg,
L1522,Tank,Allied Crystal,Ambrosia,"Tank, Allied Crystal, Ambrosia",-2948.7501678687763,3755.2795455512655,"1500 Sonora Ave, Clewiston, FL 33440, USA",26.7391894,-80.9351198,industrial,,
L1523,Tank,Allied Crystal,Ambrosia,"Tank, Allied Crystal, Ambrosia",-2904.929582837647,3762.771525921148,"1500 Sonora Ave, Clewiston, FL 33440, USA",26.7391894,-80.9351198,industrial,,
L1524,?,Allied Crystal,Ambrosia,"?, Allied Crystal, Ambrosia",-3271.2862760126736,3607.920008906839,,,,,landmarks/Ambrosia/L1524_unnamed_ingame.jpg,
L1525,?,Allied Crystal,Ambrosia,"?, Allied Crystal, Ambrosia",-2955.7689188065397,3417.457677725578,,,,,landmarks/Ambrosia/L1525_unnamed_ingame.jpg,
L1526,Warehouse,Allied Crystal,Ambrosia,"Warehouse, Allied Crystal, Ambrosia",-2992.888586304455,3575.375319520519,,,,,landmarks/Ambrosia/L1526_Warehouse_ingame.jpg,
L1527,?,Allied Crystal,Ambrosia,"?, Allied Crystal, Ambrosia",-3023.9119294109128,3428.0892394797875,,,,,landmarks/Ambrosia/L1527_unnamed_ingame.jpg,
L1528,?,,Vice City,"?, Vice City",-1853.6323434927467,901.1131568978788,"3737 NW S River Dr, Miami, FL 33142, USA",25.8015736,-80.25335249999999,l1 industrial unconfirmed,landmarks/Vice_City/L1528_unnamed_ingame.jpg,landmarks/Vice_City/L1528_unnamed_reallife.jpg
L1529,?,,Vice City,"?, Vice City",-1753.9741021024622,822.5536866911451,"Bimini Shipping, 3301 NW S River Dr, Miami, FL 33142, USA",25.7975839,-80.2480604,l1 industrial unconfirmed,landmarks/Vice_City/L1529_unnamed_ingame.jpg,landmarks/Vice_City/L1529_unnamed_reallife.jpg
L1530,?,La Perle,Vice City,"?, La Perle, Vice City",-689.9769999999999,1525.684,,,,l1,landmarks/Vice_City/L1530_unnamed_ingame.jpg,
L1531,Train Tunnel,,Lummox County,"Train Tunnel, Lummox County",-3101.92003171329,7322.736705921015,,,,l4,,
L1532,?,La Perle,Vice City,"?, La Perle, Vice City",-667.6955219775239,1581.5768443014745,,,,l1,landmarks/Vice_City/L1532_unnamed_ingame.jpg,
L1533,?,La Perle,Vice City,"?, La Perle, Vice City",-703.4424440045375,1650.5532994803598,,,,l1,landmarks/Vice_City/L1533_unnamed_ingame.jpg,
L1534,?,Washington Beach,Vice Beach,"?, Washington Beach, Vice Beach",1529.3207612403505,2361.1601242083725,"Terra Beachside Villas, 6000 Collins Ave, Miami Beach, FL 33140, USA",25.8430065,-80.1210598,,landmarks/Vice_Beach/L1534_unnamed_ingame.jpg,
L1535,?,,Key Lento,"?, Key Lento",-2122.5807583354404,-5233.2037856528605,"5JFG+94R Key Largo, Florida, USA",25.1734875,-80.3747344,l4,landmarks/Key_Lento/L1535_unnamed_ingame.jpg,landmarks/Key_Lento/L1535_unnamed_reallife.jpg
L1536,Arrow Gas Station,,Key Largo,"Arrow Gas Station, Key Largo",-2126.334992393156,-5208.551910228695,"Olimar Stone - Key Largo, 106580 Overseas Hwy, Key Largo, FL 33037, USA",25.1736829,-80.37473589999999,#gas #supermarket enterable l4,landmarks/Key_Largo/L1536_Arrow_Gas_Station_ingame.jpg,landmarks/Key_Largo/L1536_Arrow_Gas_Station_reallife.jpg
L1537,?,,Key Largo,"?, Key Largo",-2178.6177487353584,-5195.835866322273,,,,l4,landmarks/Key_Largo/L1537_unnamed_ingame.jpg,
L1538,?,,Key Lento,"?, Key Lento",-2237.9441510155207,-5641.273682963893,,,,l4,landmarks/Key_Lento/L1538_unnamed_ingame.jpg,
L1539,?,Downtown,Vice City,"?, Downtown, Vice City",-829.7590764090153,-510.9258939244054,"Faena Residences Miami, 90 SW 3rd St, Miami, FL 33130, USA",25.7699905,-80.1948294,l4,landmarks/Vice_City/L1539_unnamed_ingame.jpg,landmarks/Vice_City/L1539_unnamed_reallife.jpg
L1540,Big House,Crosstown,Vice City,"Big House, Crosstown, Vice City",-613.1534521311274,714.1035407718903,"1000 NE 1st Ave, Miami, FL 33132, USA",25.7842166,-80.19255199999999,l4,landmarks/Vice_City/L1540_Big_House_ingame.jpg,landmarks/Vice_City/L1540_Big_House_reallife.jpg
L1541,Gas Station,,Port Gellhorn,"Gas Station, Port Gellhorn",-6350.825,3544.09,,,,#gas enterable,,
L1542,Airfield,,Kelly County,"Airfield, Kelly County",-4256.112186431266,5552.855493779454,,,,,,
L1543,?,,Port Gellhorn,"?, Port Gellhorn",-6394.902333100718,3536.297985949246,,,,,,
L1544,Turn ?,,Gellhorn International Raceway,"Turn ?, Gellhorn International Raceway",-5841.287494188477,2235.200374758388,"Eau Rouge, Circuit de Spa-Francorchamps, 4970 Stavelot, Belgium",50.4424236,5.9706509,,,landmarks/Gellhorn_International_Raceway/L1544_Turn_reallife.jpg
L1545,Turn ?,,Gellhorn International Raceway,"Turn ?, Gellhorn International Raceway",-5674.152751976397,2608.8747546115915,"Caracciola-Karussell, 53518 Herschbroich, Germany",50.3728615,6.988682,,,landmarks/Gellhorn_International_Raceway/L1545_Turn_reallife.jpg
L1546,Turn ?,,Gellhorn International Raceway,"Turn ?, Gellhorn International Raceway",-6098.212757246787,2185.617,"The Corkscrew, California 93908, USA",36.5858425,-121.749598,,,landmarks/Gellhorn_International_Raceway/L1546_Turn_reallife.jpg
L1547,Turn ?,,Gellhorn International Raceway,"Turn ?, Gellhorn International Raceway",-6743.292982406362,1098.3570615777303,"J75M+9F Monza, Province of Monza and Brianza, Italy",45.6084375,9.2836875,,,landmarks/Gellhorn_International_Raceway/L1547_Turn_reallife.jpg
L1548,Bridge,,Capri,"Bridge, Capri",-6114.994491673004,384.11050277566494,"Hart Bridge, Commodore Point Expy, Jacksonville, FL 32207, USA",30.3158459,-81.6275855,l4 transportation,landmarks/Capri/L1548_Bridge_ingame.jpg,landmarks/Capri/L1548_Bridge_reallife.jpg
L1549,?,,Leonard County,"?, Leonard County",-1362.704,4668.656,,,,,,
L1550,"""Mount Leonida""",,Lummox County,"""Mount Leonida"", Lummox County",-2560.756029976072,6297.273964820124,,,,natural,,
L1551,Lake,,Capri,"Lake, Capri",-6508.26341843055,341.0199290138504,"Lake Mirror, 22VX+89, Lakeland, FL 33801, USA",28.0432543,-81.9516107,l4 natural,landmarks/Capri/L1551_Lake_ingame.jpg,landmarks/Capri/L1551_Lake_reallife.jpg
L1552,?,,Leonard County,"?, Leonard County",-1305.0435808432012,5304.07698820141,"The Tree of Life, Kissimmee, FL 34747, USA",28.3579223,-81.590623,landmark unconfirmed,,landmarks/Leonard_County/L1552_unnamed_reallife.jpg
L1553,Emerald Springs,,Kelly County,"Emerald Springs, Kelly County",-3866.9000197761634,1399.7117684975576,"Big Cypress National Preserve, 33100 Tamiami Trail E, Ochopee, FL 34141, USA",25.9006137,-81.322254,natural,,
L1554,Airfield,,Port Gellhorn,"Airfield, Port Gellhorn",-7335.090112175743,3252.4855179043007,,,,,,
L1555,Hobbs Milford,SW 4th St,Vice Beach,"Hobbs Milford, SW 4th St, Vice Beach",1460.4669999999999,1757.883,"Wells Fargo, 750 Arthur Godfrey Rd, Miami Beach, FL 33140, USA",25.8136502,-80.131858,retail,landmarks/Vice_Beach/L1555_Hobbs_Milford_ingame.jpg,landmarks/Vice_Beach/L1555_Hobbs_Milford_reallife.jpg
L1556,Gulf of Leonida,,Gulf of Leonida,Gulf of Leonida,-9832.096534490327,1219.0925352194945,Gulf of Mexico,25.304304,-90.065918,natural,,
L1557,Atlantic Ocean,,Atlantic Ocean,Atlantic Ocean,3147.429940123222,1206.8290794163777,Atlantic Ocean,-14.5994134,-28.6731465,natural,,
L1558,Leonida Straits,,Leonida Straits,Leonida Straits,-2609.0040745956276,-8000,Straits of Florida,23.3969742,-81.64734399999999,natural,,
L1559,"""Dudz Island""",,Mariana County,"""Dudz Island"", Mariana County",-6016.435157643338,-4876.469474124158,,,,,,
L1560,Airfield,,Lummox County,"Airfield, Lummox County",-3606.7108220823084,7822.940698334334,"Blue Ridge Skyport, 526 Red Bush School Rd, Blue Ridge, GA 30513, USA",34.8568964,-84.381918,transportation unconfirmed,,
L1561,Watson Bay Airport,,Watson Bay,"Watson Bay Airport, Watson Bay",-5911.310387993947,-2471.6012586626307,"Cedar Key Airport, 1 SW Airport Rd, Cedar Key, FL 32625, USA",29.13230159999999,-83.0524033,,,
L1562,LTF Airfield,,Mariana County,"LTF Airfield, Mariana County",-2776.20646327917,-4421.327965516445,"Ocean Reef Club Airport, 60 Barracuda Ln, Key Largo, FL 33037, USA",25.3232454,-80.2764897,transportation unconfirmed,,landmarks/Mariana_County/L1562_LTF_Airfield_reallife.jpg
L1563,Dam,,Lummox County,"Dam, Lummox County",-2877.671995830238,6824.343872881528,"Tallulah Falls Dam, GA-15, Tallulah Falls, GA 30573, USA",34.7388345,-83.3956353,,,landmarks/Lummox_County/L1563_Dam_reallife.jpg
L1564,?,,Leonard County,"?, Leonard County",-1490.065003597439,5577.515262559831,,,,,,
L1565,Airfield,,Leonard County,"Airfield, Leonard County",-1572.8932321229122,3338.737309497217,,,,,,
L1566,Airport,,Waning Sands,"Airport, Waning Sands",-817.307098264844,4359.663280355874,,,,,,
L1567,?,,Leonard County,"?, Leonard County",-332.20420716949275,4939.250450186449,,,,,,
L1568,Airfield,,Mariana County,"Airfield, Mariana County",-4106.476908148581,-2917.0760918514193,"Cedars Airfield (FA71), Cedar Key, FL 32625, USA",29.22891689999999,-82.9430692,l4 transportation,landmarks/Mariana_County/L1568_Airfield_ingame.jpg,landmarks/Mariana_County/L1568_Airfield_reallife.jpg
L1569,?,,Hamlet,"?, Hamlet",-2809.12,-3443.169,,,,l4,landmarks/Hamlet/L1569_unnamed_ingame.jpg,
L1570,Boone Speedway,,Hamlet,"Boone Speedway, Hamlet",-3091.713786437627,-3375.671708498985,"Bubba Raceway Park, 9050 NW Gainesville Rd, Ocala, FL 34482, USA",29.28250899999999,-82.186086,l4 leisure,landmarks/Hamlet/L1570_Boone_Speedway_ingame.jpg,landmarks/Hamlet/L1570_Boone_Speedway_reallife.jpg
L1571,Church,,Hamlet,"Church, Hamlet",-2838.6279999999997,-3194.3064999999997,"17201 SW 103rd Ave, Miami, FL 33157, USA",25.6094877,-80.3587323,reused,landmarks/Hamlet/L1571_Church_ingame.jpg,landmarks/Hamlet/L1571_Church_reallife.jpg
L1572,?,,Hamlet,"?, Hamlet",-3003.3252135623734,-3243.4428542494925,"3104 Cortez Rd W, Bradenton, FL 34207, USA",27.4627762,-82.5930094,l4 unconfirmed,landmarks/Hamlet/L1572_unnamed_ingame.jpg,landmarks/Hamlet/L1572_unnamed_reallife.jpg
L1573,?,,Hamlet,"?, Hamlet",-2999.7892135623733,-3183.339135623731,"Homestead Customer Services Administration, 711 NE 1st Rd, Homestead, FL 33030, USA",25.4764014,-80.4681567,l4,landmarks/Hamlet/L1573_unnamed_ingame.jpg,landmarks/Hamlet/L1573_unnamed_reallife.jpg
L1574,?,,Hamlet,"?, Hamlet",-2755.836932188134,-3379.207281374239,"Azteca Supermarket, 212 W Mowry Dr, Homestead, FL 33030, USA",25.4695567,-80.4820992,l4,landmarks/Hamlet/L1574_unnamed_ingame.jpg,landmarks/Hamlet/L1574_unnamed_reallife.jpg
L1575,?,,Hamlet,"?, Hamlet",-2697.621,-3423.784,"FGCC+6HG Homestead, Florida, USA",25.4705625,-80.4785469,l4,landmarks/Hamlet/L1575_unnamed_ingame.jpg,landmarks/Hamlet/L1575_unnamed_reallife.jpg
L1576,?,,Hamlet,"?, Hamlet",-2706.121,-3383.284,"Homestead Soup Kitchen, 105 SW 3rd Ave, Homestead, FL 33030, USA",25.4690921,-80.48215429999999,l4,landmarks/Hamlet/L1576_unnamed_ingame.jpg,landmarks/Hamlet/L1576_unnamed_reallife.jpg
L1577,?,,Hamlet,"?, Hamlet",-2689.621,-3383.784,"Supreme Towing, 113 SW 3rd Ave, Homestead, FL 33030, USA",25.4689909,-80.482083,l4,landmarks/Hamlet/L1577_unnamed_ingame.jpg,landmarks/Hamlet/L1577_unnamed_reallife.jpg
L1578,?,,Hamlet,"?, Hamlet",-2661.121,-3385.284,"37 NW 1st St, Homestead, FL 33030, USA",25.4708817,-80.478168,l4,landmarks/Hamlet/L1578_unnamed_ingame.jpg,landmarks/Hamlet/L1578_unnamed_reallife.jpg
L1579,?,,Hamlet,"?, Hamlet",-2651.621,-3424.784,"32 NW 1st St, Homestead, FL 33030, USA",25.4706011,-80.4780811,l4,landmarks/Hamlet/L1579_unnamed_ingame.jpg,landmarks/Hamlet/L1579_unnamed_reallife.jpg
L1580,?,,Vice City,"?, Vice City",-2104.892,742.169,"6990 NW 97th Ave, Doral, FL 33178, USA",25.8356103,-80.3556926,industrial,landmarks/Vice_City/L1580_unnamed_ingame.jpg,landmarks/Vice_City/L1580_unnamed_reallife.jpg
L1581,?,,Hamlet,"?, Hamlet",-2647.621,-3343.784,,,,l4,landmarks/Hamlet/L1581_unnamed_ingame.jpg,
L1582,?,,Hamlet,"?, Hamlet",-2596.121,-3289.284,,,,l4,landmarks/Hamlet/L1582_unnamed_ingame.jpg,
L1583,?,,Hamlet,"?, Hamlet",-2583.621,-3187.784,,,,l4,landmarks/Hamlet/L1583_unnamed_ingame.jpg,
L1584,?,,Hamlet,"?, Hamlet",-2483.121,-3293.284,"1045 NE 2nd Ave, Homestead, FL 33030, USA",25.4806051,-80.472658,l4 unconfirmed,landmarks/Hamlet/L1584_unnamed_ingame.jpg,landmarks/Hamlet/L1584_unnamed_reallife.jpg
L1585,?,,Hamlet,"?, Hamlet",-2490.621,-3251.784,,,,l4,landmarks/Hamlet/L1585_unnamed_ingame.jpg,
L1586,?,,Bluegrass,"?, Bluegrass",-2722.327961386846,-2572.5247542348056,,,,l4,landmarks/Bluegrass/L1586_unnamed_ingame.jpg,
L1587,Hospital,Southside,Vice City,"Hospital, Southside, Vice City",-1716.5430000000001,-2289.3810000000003,"16501 S Dixie Hwy, Miami, FL 33157, USA",25.6170258,-80.34541879999999,l4 public,landmarks/Vice_City/L1587_Hospital_ingame.jpg,landmarks/Vice_City/L1587_Hospital_reallife.jpg
L1588,?,Southside,Vice City,"?, Southside, Vice City",-1747.0207501560433,-2202.8228972832476,,,,l4,landmarks/Vice_City/L1588_unnamed_ingame.jpg,
L1589,Gas Station,Southside,Vice City,"Gas Station, Southside, Vice City",-1691.3269999999998,-2180.0829999999996,"Chevron, 18400 S Dixie Hwy, Miami, FL 33157, USA",25.5982113,-80.3548632,l4 retail,landmarks/Vice_City/L1589_Gas_Station_ingame.jpg,landmarks/Vice_City/L1589_Gas_Station_reallife.jpg
L1590,Strip Mall,Southside,Vice City,"Strip Mall, El Joven Blvd, Southside, Vice City",-1662.533,-2113.5945,"10200 SW 183rd St, Miami, FL 33157, USA",25.5990694,-80.3569593,l4,landmarks/Vice_City/L1590_Strip_Mall_ingame.jpg,landmarks/Vice_City/L1590_Strip_Mall_reallife.jpg
L1591,?,Southside,Vice City,"?, El Joven Blvd, Southside, Vice City",-1571.8810000000003,-2170.9975,"16601 S Dixie Hwy, Miami, FL 33157, USA",25.6157913,-80.3457662,l4,landmarks/Vice_City/L1591_unnamed_ingame.jpg,landmarks/Vice_City/L1591_unnamed_reallife.jpg
L1592,?,Southside,Vice City,"?, El Joven Blvd, Southside, Vice City",-1588.7160000000003,-2036.517,"16475 S Dixie Hwy, Palmetto Bay, FL 33157, USA",25.61762,-80.3457121,l4,landmarks/Vice_City/L1592_unnamed_ingame.jpg,landmarks/Vice_City/L1592_unnamed_reallife.jpg
L1593,?,Southside,Vice City,"?, El Joven Blvd, Southside, Vice City",-1615.8560000000002,-1845.5565000000001,"16165 S Dixie Hwy, Palmetto Bay, FL 33157, USA",25.6205013,-80.3445095,demolished l4,landmarks/Vice_City/L1593_unnamed_ingame.jpg,landmarks/Vice_City/L1593_unnamed_reallife.jpg
L1594,Baller Dealership,Southside,Vice City,"Baller Dealership, El Joven Blvd, Southside, Vice City",-1582.5043537695751,-2328.484007911568,"16750 S Dixie Hwy, Miami, FL 33157, USA",25.6146405,-80.3472836,demolished l4,landmarks/Vice_City/L1594_Baller_Dealership_ingame.jpg,landmarks/Vice_City/L1594_Baller_Dealership_reallife.jpg
L1595,?,La Perle,Vice City,"?, La Perle, Vice City",-1032.4996009531426,1632.0776875350407,"Dock & Marine Construction, 752 NE 79th St, Miami, FL 33138, USA",25.8477109,-80.1807484,,landmarks/Vice_City/L1595_unnamed_ingame.jpg,
L1596,Juicy Joes,Southside,Vice City,"Juicy Joes, Southside, Vice City",-1963.56,-2256.1435,"18640 SW 104th Ave, Cutler Bay, FL 33157, USA",25.5953649,-80.3609012,l4,landmarks/Vice_City/L1596_Juicy_Joes_ingame.jpg,landmarks/Vice_City/L1596_Juicy_Joes_reallife.jpg
L1597,?,Southside,Vice City,"?, Southside, Vice City",-1763.7104065131534,-2377.5466639184438,"20505 S Dixie Hwy, Miami, FL 33189, USA",25.5743293,-80.3683009,l4,landmarks/Vice_City/L1597_unnamed_ingame.jpg,landmarks/Vice_City/L1597_unnamed_reallife.jpg
L1598,Gator Plaza,Southside,Vice City,"Gator Plaza, Southside, Vice City",-1821.7163584876612,-2447.2069122224866,"Dolphin Mall, 11401 NW 12th St Ste 514, Miami, FL 33172, USA",25.7887034,-80.38117510000001,l4 retail,landmarks/Vice_City/L1598_Gator_Plaza_ingame.jpg,landmarks/Vice_City/L1598_Gator_Plaza_reallife.jpg
L1599,Marlin Motors,Southside,Vice City,"Marlin Motors, El Joven Blvd, Southside, Vice City",-1631.6810000000003,-1750.597,"16165 S Dixie Hwy, Miami, FL 33157, USA",25.6205013,-80.3445095,l4,landmarks/Vice_City/L1599_Marlin_Motors_ingame.jpg,landmarks/Vice_City/L1599_Marlin_Motors_reallife.jpg
L1600,?,Southside,Vice City,"?, Southside, Vice City",-1699.638,-1772.915,,,,l4 retail unconfirmed,landmarks/Vice_City/L1600_unnamed_ingame.jpg,
L1601,WLC Community Centre,Southside,Vice City,"WLC Community Centre, Southside, Vice City",-2099.1409999999996,-2004.0010000000002,"17201 SW 103rd Ave, Miami, FL 33157, USA",25.6094877,-80.3587323,l4,landmarks/Vice_City/L1601_WLC_Community_Centre_ingame.jpg,landmarks/Vice_City/L1601_WLC_Community_Centre_reallife.jpg
L1602,?,,Lummox County,"?, Lummox County",-5515.56,6941.729,,,,//pink retail,,
L1603,Railyard,,Vice City,"Railyard, Vice City",-2200.02,701.758,"CSX Hialeah Yard, 4835 E 11th Ave, Hialeah, FL 33013, USA",25.8666778,-80.2594453,industrial l6 transportation,landmarks/Vice_City/L1603_Railyard_ingame.jpg,landmarks/Vice_City/L1603_Railyard_reallife.jpg
L1604,?,,Leonard County,"?, Leonard County",-162.14967463432367,2987.9596389565068,"Magic City Casino Track, QPGV+P6, Miami, FL 33125, USA",25.7767796,-80.2569271,unconfirmed,,landmarks/Leonard_County/L1604_unnamed_reallife.jpg
L1605,Schlott Construction,Southside,Vice City,"Schlott Construction, Calderone Ave, Southside, Vice City",-2021.8359999999998,-2054.9575,"18635 SW 105th Ave, Miami, FL 33157, USA",25.5954976,-80.3621012,closed l4,landmarks/Vice_City/L1605_Schlott_Construction_ingame.jpg,landmarks/Vice_City/L1605_Schlott_Construction_reallife.jpg
L1606,?,,Capri,"?, Capri",-6915.75811328813,220.6870734710584,"Sebring Circle Park, 100 N Ridgewood Dr, Sebring, FL 33870, USA",27.4957438,-81.4410807,l6 unconfirmed,landmarks/Capri/L1606_unnamed_ingame.jpg,landmarks/Capri/L1606_unnamed_reallife.jpg
L1607,?,Southside,Vice City,"?, Calderone Ave, Southside, Vice City",-2031.7229198755429,-2147.696885121002,"10460 SW 186th St, Cutler Bay, FL 33157, USA",25.5957946,-80.36176979999999,l4,landmarks/Vice_City/L1607_unnamed_ingame.jpg,landmarks/Vice_City/L1607_unnamed_reallife.jpg
L1608,Motorcycle Customs Shop?,Southside,Vice City,"Motorcycle Customs Shop?, Southside, Vice City",-2064.066,-2109.7264999999998,"10490 Quail Roost Dr, Cutler Bay, FL 33157, USA",25.5959179,-80.3621823,//pink l4 retail unconfirmed,landmarks/Vice_City/L1608_Motorcycle_Customs_Shop_ingame.jpg,landmarks/Vice_City/L1608_Motorcycle_Customs_Shop_reallife.jpg
L1609,Mattress Madness,Southside,Vice City,"Mattress Madness, Calderone Ave, Southside, Vice City",-2035.716,-2228.3385,"18640 SW 104th Ct, Cutler Bay, FL 33157, USA",25.5952542,-80.3616673,l4,landmarks/Vice_City/L1609_Mattress_Madness_ingame.jpg,landmarks/Vice_City/L1609_Mattress_Madness_reallife.jpg
L1610,Vapid Dealership,Southside,Vice City,"Vapid Dealership, Southside, Vice City",-1987.4515000000001,-2339.12,"10701 SW 211 St, Cutler Bay, FL 33189, USA",25.5736868,-80.3649748,l4,landmarks/Vice_City/L1610_Vapid_Dealership_ingame.jpg,landmarks/Vice_City/L1610_Vapid_Dealership_reallife.jpg
L1611,?,Southside,Vice City,"?, El Joven Blvd, Southside, Vice City",-1593.368,-2284.351,"Checkers, JM73+P32 Palmetto Estates, Florida, USA",25.6142625,-80.3473594,demolished l4,landmarks/Vice_City/L1611_unnamed_ingame.jpg,landmarks/Vice_City/L1611_unnamed_reallife.jpg
L1612,Xero Gas Station,,Capri,"Xero Gas Station, Capri",-6243.044,-761.538,"7916 U.S. Hwy 27 S, Sebring, FL 33876, USA",27.4295021,-81.4173386,#gas #supermarket l4 retail,landmarks/Capri/L1612_Xero_Gas_Station_ingame.jpg,landmarks/Capri/L1612_Xero_Gas_Station_reallife.jpg
L1613,?,,Capri,"?, Capri",-6288.599,-710.983,,,,l4 residential,landmarks/Capri/L1613_unnamed_ingame.jpg,
L1614,?,,Capri,"?, Capri",-6262.849,-695.233,"10404 U.S. Hwy 27 S, Sebring, FL 33876, USA",27.4054716,-81.4160507,l4,landmarks/Capri/L1614_unnamed_ingame.jpg,landmarks/Capri/L1614_unnamed_reallife.jpg
L1615,Welcome Sign,,Capri,"Welcome Sign, Capri",-6466.463,-341.212,"Welcome To Naples Sign, 56FH+H46 Naples, FL 34105, USA",26.1739125,-81.7722344,l4 landmark,landmarks/Capri/L1615_Welcome_Sign_ingame.jpg,landmarks/Capri/L1615_Welcome_Sign_reallife.jpg
L1616,?,,Capri,"?, Capri",-6641.2119999999995,-140.99400000000003,"558 N Ridgewood Dr, Sebring, FL 33870, USA",27.500765,-81.43915369999999,l4,landmarks/Capri/L1616_unnamed_ingame.jpg,landmarks/Capri/L1616_unnamed_reallife.jpg
L1617,?,,Capri,"?, Capri",-6666.4619999999995,-128.90600000000006,"544 N Ridgewood Dr, Sebring, FL 33870, USA",27.5005269,-81.4391888,l4,landmarks/Capri/L1617_unnamed_ingame.jpg,landmarks/Capri/L1617_unnamed_reallife.jpg
L1618,?,,Capri,"?, Capri",-6683.2119999999995,-125.46199999999999,"536 N Ridgewood Dr, Sebring, FL 33870, USA",27.5003922,-81.43926259999999,l4,landmarks/Capri/L1618_unnamed_ingame.jpg,landmarks/Capri/L1618_unnamed_reallife.jpg
L1619,Xero Gas Station,,Capri,"Xero Gas Station, Capri",-6535.827,-207.02999999999997,"3030 U.S. Hwy 27 S, Sebring, FL 33870, USA",27.4718076,-81.4429505,#gas #supermarket l4 retail,landmarks/Capri/L1619_Xero_Gas_Station_ingame.jpg,landmarks/Capri/L1619_Xero_Gas_Station_reallife.jpg
L1620,?,,Capri,"?, Capri",-6173.236,-648.574,,,,l4,landmarks/Capri/L1620_unnamed_ingame.jpg,
L1621,?,Tequesta,Vice City,"?, SW 4th St, Tequesta, Vice City",-1182.8300000000002,-1010,"225 NW 17th St, Miami, FL 33136, USA",25.7918123,-80.1995428,l4,landmarks/Vice_City/L1621_unnamed_ingame.jpg,landmarks/Vice_City/L1621_unnamed_reallife.jpg
L1622,Spender's,Southside,Vice City,"Spender's, Southside, Vice City",-1954.0980853884057,-2489.0925157395623,"20507 S Dixie Hwy, Cutler Bay, FL 33189, USA",25.5735337,-80.3687358,l4,landmarks/Vice_City/L1622_Spenders_ingame.jpg,landmarks/Vice_City/L1622_Spenders_reallife.jpg
L1623,?,,Mariana County,"?, Mariana County",-7774.428,-6790.996,"Western Sambo Reef, F7MQ+58, Key West, FL, USA",24.482932,-81.71172399999999,natural unconfirmed,,
L1624,?,,Mariana County,"?, Mariana County",-4283.6360030662,-3524.3316411917367,,,,,landmarks/Mariana_County/L1624_unnamed_ingame.jpg,
L1625,Bridge,,Vice City,"Bridge, Vice City",-1242.0795180622576,-295.39411457437075,"W Flagler St Drawbrige, Miami, FL 33131, USA",25.7741976,-80.20128799999999,l4 transportation,landmarks/Vice_City/L1625_Bridge_ingame.jpg,landmarks/Vice_City/L1625_Bridge_reallife.jpg
L1626,?,Bayside,Vice City,"?, Bayside, Vice City",-418.826,956.162,"Baywatch Apts, 1770 N Bayshore Dr, Miami, FL 33132, USA",25.7932,-80.186919,demolished residential,landmarks/Vice_City/L1626_unnamed_ingame.jpg,landmarks/Vice_City/L1626_unnamed_reallife.jpg
L1627,?,,Emerald Springs,"?, Emerald Springs",-4333.068142141932,2752.7691507797717,"King Spring, Kings Bay, Crystal River, FL 34429, USA",28.8819019,-82.5945708,natural unconfirmed,,
L1628,?,,Vice-Dale County,"?, Vice-Dale County",1130.2485,3100.9595,,,,l5,landmarks/Vice-Dale_County/L1628_unnamed_ingame.jpg,
L1629,?,Peacock Bay,Vice City,"?, Peacock Bay, Vice City",-1467.189,-2439.826,,,,l4 residential,landmarks/Vice_City/L1629_unnamed_ingame.jpg,
L1630,?,Peacock Bay,Vice City,"?, Peacock Bay, Vice City",-1425.1890000000003,-2387.326,,,,l4 residential,landmarks/Vice_City/L1630_unnamed_ingame.jpg,
L1631,?,Peacock Bay,Vice City,"?, Peacock Bay, Vice City",-1380.1890000000003,-2341.826,,,,l4 residential,landmarks/Vice_City/L1631_unnamed_ingame.jpg,
L1632,?,Peacock Bay,Vice City,"?, Peacock Bay, Vice City",-1338.1890000000003,-2298.326,"Plymouth Congregational Church, 3400 Devon Rd, Miami, FL 33133, USA",25.7225886,-80.2482054,l4,landmarks/Vice_City/L1632_unnamed_ingame.jpg,
L1633,?,Peacock Bay,Vice City,"?, Peacock Bay, Vice City",-1269.1890000000003,-2281.826,,,,l4,landmarks/Vice_City/L1633_unnamed_ingame.jpg,
L1634,?,Peacock Bay,Vice City,"?, Peacock Bay, Vice City",-1445.0720000000001,-2205.541,,,,l4,landmarks/Vice_City/L1634_unnamed_ingame.jpg,
L1635,?,Peacock Bay,Vice City,"?, SW 9th Ave, Peacock Bay, Vice City",-1442.0720000000001,-2180.041,,,,l4,landmarks/Vice_City/L1635_unnamed_ingame.jpg,
L1636,?,Peacock Bay,Vice City,"?, SW 9th Ave, Peacock Bay, Vice City",-1439.0720000000001,-2155.541,,,,l4,landmarks/Vice_City/L1636_unnamed_ingame.jpg,
L1637,?,Peacock Bay,Vice City,"?, SW 9th Ave, Peacock Bay, Vice City",-1437.0720000000001,-2129.041,,,,l4,landmarks/Vice_City/L1637_unnamed_ingame.jpg,
L1638,?,Peacock Bay,Vice City,"?, SW 9th Ave, Peacock Bay, Vice City",-1437.0720000000001,-2105.541,,,,l4,landmarks/Vice_City/L1638_unnamed_ingame.jpg,
L1639,?,Peacock Bay,Vice City,"?, SW 9th Ave, Peacock Bay, Vice City",-1436.0720000000001,-2083.041,,,,l4,landmarks/Vice_City/L1639_unnamed_ingame.jpg,
L1640,?,Peacock Bay,Vice City,"?, SW 9th Ave, Peacock Bay, Vice City",-1431.0720000000001,-2049.541,,,,l4,landmarks/Vice_City/L1640_unnamed_ingame.jpg,
L1641,?,Peacock Bay,Vice City,"?, SW 9th Ave, Peacock Bay, Vice City",-1425.0720000000001,-2006.041,,,,l4,landmarks/Vice_City/L1641_unnamed_ingame.jpg,
L1642,?,Peacock Bay,Vice City,"?, SW 9th Ave, Peacock Bay, Vice City",-1419.0720000000001,-1964.541,,,,l4,landmarks/Vice_City/L1642_unnamed_ingame.jpg,
L1643,?,Peacock Bay,Vice City,"?, Peacock Bay, Vice City",-1361.072,-1849.5410000000002,"3500 Main Hwy, Miami, FL 33133, USA",25.726017,-80.2449379,l4,landmarks/Vice_City/L1643_unnamed_ingame.jpg,landmarks/Vice_City/L1643_unnamed_reallife.jpg
L1644,?,Peacock Bay,Vice City,"?, Peacock Bay, Vice City",-1311.0720000000001,-1800.541,"3516 Main Hwy, Coconut Grove, FL 33133, USA",25.7254994,-80.24496409999999,l4,landmarks/Vice_City/L1644_unnamed_ingame.jpg,landmarks/Vice_City/L1644_unnamed_reallife.jpg
L1645,?,Peacock Bay,Vice City,"?, Peacock Bay, Vice City",-1317.4845,-1622.718,,,,l4,landmarks/Vice_City/L1645_unnamed_ingame.jpg,
L1646,Vice City Shopping Plaza,Crosstown,Vice City,"Vice City Shopping Plaza, Crosstown, Vice City",-419.56899999999996,1609.8184999999999,"1764 Biscayne Blvd, Miami, FL 33132, USA",25.7926352,-80.18935239999999,l4,landmarks/Vice_City/L1646_Vice_City_Shopping_Plaza_ingame.jpg,landmarks/Vice_City/L1646_Vice_City_Shopping_Plaza_reallife.jpg
L1647,?,Bayside,Vice City,"?, Bayside, Vice City",-460.952,1032.0145,,,,l4,landmarks/Vice_City/L1647_unnamed_ingame.jpg,
L1648,?,Downtown,Vice City,"?, Downtown, Vice City",-770.7290000000002,90.74999999999997,"1st Avenue Bistro & Bakery, 201 NW 1st Ave, Miami, FL 33128, USA",25.7762816,-80.1950256,demolished l4,landmarks/Vice_City/L1648_unnamed_ingame.jpg,landmarks/Vice_City/L1648_unnamed_reallife.jpg
L1649,?,Downtown,Vice City,"?, Downtown, Vice City",-538.458,321.641,"McDonald's, 345 NE 2nd Ave, Miami, FL 33132, USA",25.7779708,-80.1901597,l4,landmarks/Vice_City/L1649_unnamed_ingame.jpg,landmarks/Vice_City/L1649_unnamed_reallife.jpg
L1650,?,Downtown,Vice City,"?, Downtown, Vice City",-537.4546412574525,280.498169508943,"315 NE 2nd Ave, Miami, FL 33132, USA",25.7775893,-80.19016549999999,l4,landmarks/Vice_City/L1650_unnamed_ingame.jpg,landmarks/Vice_City/L1650_unnamed_reallife.jpg
L1651,?,Downtown,Vice City,"?, Downtown, Vice City",-537.4550000000002,238.35269776043344,"Miami Culinary Institute, 415 NE 2nd Ave #8, Miami, FL 33132, USA",25.7785181,-80.19030169999999,l4,landmarks/Vice_City/L1651_unnamed_ingame.jpg,landmarks/Vice_City/L1651_unnamed_reallife.jpg
L1652,?,Downtown,Vice City,"?, Downtown, Vice City",-537.4550000000002,198.21386726937646,"4 NE 4th St, Miami, FL 33132, USA",25.7782372,-80.19024019999999,l4,landmarks/Vice_City/L1652_unnamed_ingame.jpg,landmarks/Vice_City/L1652_unnamed_reallife.jpg
L1653,?,Downtown,Vice City,"?, Downtown, Vice City",-918.0308115224925,-516.456328544871,"City of Miami Building Department, 444 SW 2nd Ave, Miami, FL 33130, USA",25.770359,-80.1982763,l4,landmarks/Vice_City/L1653_unnamed_ingame.jpg,landmarks/Vice_City/L1653_unnamed_reallife.jpg
L1654,Parking Garage,Downtown,Vice City,"Parking Garage, Downtown, Vice City",-963.1720610089966,-543.578951051766,"Parking Garage, 444 SW 2nd Ave, Miami, FL 33130, USA",25.770406,-80.1980275,l4 transportation,landmarks/Vice_City/L1654_Parking_Garage_ingame.jpg,landmarks/Vice_City/L1654_Parking_Garage_reallife.jpg
L1655,Redford Gallery,Stockyard,Vice City,"Redford Gallery, Stockyard, Vice City",-367.61800000000005,1839.6660000000002,"444 NW 28th St, Miami, FL 33127, USA",25.8024837,-80.2024567,l4,landmarks/Vice_City/L1655_Redford_Gallery_ingame.jpg,landmarks/Vice_City/L1655_Redford_Gallery_reallife.jpg
L1656,Avis,Stockyard,Vice City,"Avis, Stockyard, Vice City",-396.1525749281293,1865.6695819539093,"175 NE 36th St, Miami, FL 33137, USA",25.8107352,-80.19190900000001,l4,landmarks/Vice_City/L1656_Avis_ingame.jpg,landmarks/Vice_City/L1656_Avis_reallife.jpg
L1657,?,Stockyard,Vice City,"?, Stockyard, Vice City",-381.14565492916984,1865.6660698027895,"175 NE 36th St, Miami, FL 33137, USA",25.8107352,-80.19190900000001,l4,landmarks/Vice_City/L1657_unnamed_ingame.jpg,landmarks/Vice_City/L1657_unnamed_reallife.jpg
L1658,?,Stockyard,Vice City,"?, Stockyard, Vice City",-457.148,1801.496,,,,l4,landmarks/Vice_City/L1658_unnamed_ingame.jpg,
L1659,?,Stockyard,Vice City,"?, Stockyard, Vice City",-351.898,1836.746,,,,l4,landmarks/Vice_City/L1659_unnamed_ingame.jpg,
L1660,Lârss & Elbö,Stockyard,Vice City,"Lârss & Elbö, Stockyard, Vice City",-346.648,1865.496,"3600 NE 2nd Ave, Miami, FL 33137, USA",25.8107909,-80.19152799999999,l4,landmarks/Vice_City/L1660_Lârss_Elbö_ingame.jpg,landmarks/Vice_City/L1660_Lârss_Elbö_reallife.jpg
L1661,?,Stockyard,Vice City,"?, Stockyard, Vice City",-272.898,1837.246,,,,l4,landmarks/Vice_City/L1661_unnamed_ingame.jpg,
L1662,?,Stockyard,Vice City,"?, Stockyard, Vice CIty",-322.65,1818.496,"217 NW 25th St, Miami, FL 33127, USA",25.8008013,-80.19962129999999,l4,landmarks/Vice_City/L1662_unnamed_ingame.jpg,landmarks/Vice_City/L1662_unnamed_reallife.jpg
L1663,?,Stockyard,Vice City,"?, Stockyard, Vice City",-332.898,1796.746,"2520 NW 2nd Ave, Miami, FL 33127, USA",25.801172,-80.1993202,l4,landmarks/Vice_City/L1663_unnamed_ingame.jpg,landmarks/Vice_City/L1663_unnamed_reallife.jpg
L1664,?,Stockyard,Vice City,"?, Stockyard, Vice City",-305.148,1792.496,"220 NW 26th St, Miami, FL 33127, USA",25.8012104,-80.1995874,l4,landmarks/Vice_City/L1664_unnamed_ingame.jpg,landmarks/Vice_City/L1664_unnamed_reallife.jpg
L1665,?,Crosstown,Vice City,"?, Crosstown, Vice City",-559.5527798986111,1181.0269713720456,"244 NW 16th Terrace, Miami, FL 33136, USA",25.7908301,-80.1997152,l4,landmarks/Vice_City/L1665_unnamed_ingame.jpg,landmarks/Vice_City/L1665_unnamed_reallife.jpg
L1666,?,Little Cuba,Vice City,"?, Little Cuba, Vice City",-1290.3835,440.6255,"2742 SW 8th St, Miami, FL 33135, USA",25.7645591,-80.2395921,l4 retail,landmarks/Vice_City/L1666_unnamed_ingame.jpg,landmarks/Vice_City/L1666_unnamed_reallife.jpg
L1667,?,Crosstown,Vice City,"?, Crosstown, Vice City",-634.1109999999999,1189.1644999999999,"2500 NE 2nd Ave, Miami, FL 33137, USA",25.8009337,-80.191126,l4,landmarks/Vice_City/L1667_unnamed_ingame.jpg,landmarks/Vice_City/L1667_unnamed_reallife.jpg
L1668,84,Stockyard,Vice City,"84, Stockyard, Vice City",-400.568,1756.298,"299 NW 25th St, Miami, FL 33127, USA",25.8008706,-80.2009358,l4,landmarks/Vice_City/L1668_84_ingame.jpg,landmarks/Vice_City/L1668_84_reallife.jpg
L1669,Bean Machine,Crosstown,Vice City,"Bean Machine, Crosstown, Vice City",-411.0819999999999,1639.7075,"1752 Biscayne Blvd, Miami, FL 33132, USA",25.7925631,-80.1892725,l4,landmarks/Vice_City/L1669_Bean_Machine_ingame.jpg,landmarks/Vice_City/L1669_Bean_Machine_reallife.jpg
L1670,247 Supermarket,Crosstown,Vice City,"247 Supermarket, Crosstown, Vice City",-431.86400000000003,1617.068,"1770 Biscayne Blvd, Miami, FL 33132, USA",25.7926491,-80.189156,l4,landmarks/Vice_City/L1670_247_Supermarket_ingame.jpg,landmarks/Vice_City/L1670_247_Supermarket_reallife.jpg
L1671,Al Dentes,Crosstown,Vice City,"Al Dentes, Crosstown, Vice City",-391.35400000000004,1622.068,,,,l4,landmarks/Vice_City/L1671_Al_Dentes_ingame.jpg,
L1672,Allure Resort Services,Crosstown,Vice City,"Allure Resort Services, Crosstown, Vice City",-451.23900000000003,1585.484,"1786 Biscayne Blvd, Miami, FL 33132, USA",25.7928063,-80.1892852,l4,landmarks/Vice_City/L1672_Allure_Resort_Services_ingame.jpg,landmarks/Vice_City/L1672_Allure_Resort_Services_reallife.jpg
L1673,Orion K?,Crosstown,Vice City,"Orion K?, Crosstown, Vice City",-466.23900000000003,1567.984,"1788 Biscayne Blvd Space C, Miami, FL 33132, USA",25.7931526,-80.1893108,l4,landmarks/Vice_City/L1673_Orion_K_ingame.jpg,landmarks/Vice_City/L1673_Orion_K_reallife.jpg
L1674,?,Crosstown,Vice City,"?, Crosstown, Vice City",-478.23900000000003,1551.484,"1790 Biscayne Blvd, Miami, FL 33132, USA",25.7933196,-80.189478,l4,landmarks/Vice_City/L1674_unnamed_ingame.jpg,landmarks/Vice_City/L1674_unnamed_reallife.jpg
L1675,?,Crosstown,Vice City,"?, Crosstown, Vice City",-500.1837138210599,1529.0756540584885,"28 NE 25th St, Miami, FL 33137, USA",25.8007344,-80.1908099,l4,landmarks/Vice_City/L1675_unnamed_ingame.jpg,landmarks/Vice_City/L1675_unnamed_reallife.jpg
L1676,?,,Lummox County,"?, Lummox County",-3183.6070072109205,6967.819115300563,,,,//pink,,
L1677,?,Crosstown,Vice City,"?, Crosstown, Vice City",-574.0610000000001,1096.9895000000001,,,,residential,landmarks/Vice_City/L1677_unnamed_ingame.jpg,
L1678,?,Crosstown,Vice City,"?, Crosstown, Vice City",-576.8952812818983,855.4178694588807,,,,l4,landmarks/Vice_City/L1678_unnamed_ingame.jpg,
L1679,?,Crosstown,Vice City,"?, Crosstown, Vice City",-782.4128987751234,972.4642732761274,,,,l4,landmarks/Vice_City/L1679_unnamed_ingame.jpg,
L1680,?,Crosstown,Vice City,"?, Crosstown, Vice City",-612.4508810275847,1033.5876403796688,,,,l4,landmarks/Vice_City/L1680_unnamed_ingame.jpg,
L1681,?,Crosstown,Vice City,"?, Crosstown, Vice City",-723.2909999999998,1026.576,,,,l4,landmarks/Vice_City/L1681_unnamed_ingame.jpg,
L1682,"""Residential Neighbourhood""",Crosstown,Vice City,"""Residential Neighbourhood"", Crosstown, Vice City",-787.9834851845604,1081.5961940738243,,,,l4,landmarks/Vice_City/L1682_Residential_Neighbourhood_ingame.jpg,
L1683,?,Crosstown,Vice City,"?, Crosstown, Vice City",-770.5606226535194,852.3454379945507,,,,l4,landmarks/Vice_City/L1683_unnamed_ingame.jpg,
L1684,?,Crosstown,Vice City,"?, Crosstown, Vice City",-773.3116347831334,869.7685148154395,,,,l4,landmarks/Vice_City/L1684_unnamed_ingame.jpg,
L1685,?,Crosstown,Vice City,"?, Crosstown, Vice City",-773.7284999999999,882.6105,,,,l4,landmarks/Vice_City/L1685_unnamed_ingame.jpg,
L1686,?,Crosstown,Vice City,"?, Crosstown, Vice City",-779.5625,934.4545,,,,l4,landmarks/Vice_City/L1686_unnamed_ingame.jpg,
L1687,?,Crosstown,Vice City,"?, Crosstown, Vice City",-734.7520000000001,938.125,,,,l4,landmarks/Vice_City/L1687_unnamed_ingame.jpg,
L1688,?,Crosstown,Vice City,"?, Crosstown, Vice City",-772.1022870675317,781.736126667791,"City of Miami Police Department, 400 NW 2nd Ave, Miami, FL 33128, USA",25.7784351,-80.1984076,l4,landmarks/Vice_City/L1688_unnamed_ingame.jpg,
L1689,?,Crosstown,Vice City,"?, Crosstown, Vice City",-682.904,712.884,"825 NW 2nd Ave, Miami, FL 33136, USA",25.7821712,-80.197706,l4,landmarks/Vice_City/L1689_unnamed_ingame.jpg,landmarks/Vice_City/L1689_unnamed_reallife.jpg
L1690,?,Crosstown,Vice City,"?, Crosstown, Vice City",-641.8877493213103,649.687880032306,,,,l4,landmarks/Vice_City/L1690_unnamed_ingame.jpg,
L1691,?,Crosstown,Vice City,"?, Crosstown, Vice City",-601.5395714203047,650.6048840755107,,,,l4,landmarks/Vice_City/L1691_unnamed_ingame.jpg,
L1692,?,Crosstown,Vice City,"?, Crosstown, Vice City",-867.8045,931.5420000000001,,,,l4,landmarks/Vice_City/L1692_unnamed_ingame.jpg,
L1693,?,Crosstown,Vice City,"?, Catalan Blvd, Crosstown, Vice City",-378.9229999999999,1562.6755,"275 NE 18th St, Miami, FL 33132, USA",25.7939115,-80.1898356,l4 unconfirmed,landmarks/Vice_City/L1693_unnamed_ingame.jpg,
L1694,?,Crosstown,Vice City,"?, Crosstown, Vice City",-394.52549999999997,1516.585,,,,l4,landmarks/Vice_City/L1694_unnamed_ingame.jpg,
L1695,?,Bayside,Vice City,"?, Bayside, Vice City",-306.47706165798934,1570.7607273791568,,,,l4,landmarks/Vice_City/L1695_unnamed_ingame.jpg,
L1696,Shoreline Market,,Vice City,"Shoreline Market, Vice City",-198.70060608979458,-99.24944233120493,"401 Biscayne Blvd, Miami, FL 33132, USA",25.7789868,-80.1871578,l4,landmarks/Vice_City/L1696_Shoreline_Market_ingame.jpg,landmarks/Vice_City/L1696_Shoreline_Market_reallife.jpg
L1697,?,Downtown,Vice City,"?, Downtown, Vice City",-598.0990000000002,480.2405,"Mekka, 950 NE 2nd Ave, Miami, FL 33132, USA",25.778763,-80.1856789,//qrm5+cgh demolished l4,landmarks/Vice_City/L1697_unnamed_ingame.jpg,landmarks/Vice_City/L1697_unnamed_reallife.jpg
L1698,Downtown Metro Station,Downtown,Vice City,"Downtown Metro Station, Downtown, Vice City",-625.9798984204226,353.263632489927,,,,l4,landmarks/Vice_City/L1698_Downtown_Metro_Station_ingame.jpg,
L1699,?,Downtown,Vice City,"?, Downtown, Vice City",-652.4281660780287,307.58143457909637,"1099 NE 1st Ave, Miami, FL 33132, USA",25.7845657,-80.1921924,demolished l4,landmarks/Vice_City/L1699_unnamed_ingame.jpg,landmarks/Vice_City/L1699_unnamed_reallife.jpg
L1700,?,Downtown,Vice City,"?, Downtown, Vice City",-595.2486960985746,282.9157808624692,"1010 NE 2nd Ave, Miami, FL 33132, USA",25.7841562,-80.1912116,demolished l4,landmarks/Vice_City/L1700_unnamed_ingame.jpg,landmarks/Vice_City/L1700_unnamed_reallife.jpg
L1701,?,Downtown,Vice City,"?, Downtown, Vice City",-576.414,191.99550000000005,"165 SW 7th St, Miami, FL 33132, USA",25.7812461,-80.1907148,demolished l4,landmarks/Vice_City/L1701_unnamed_ingame.jpg,landmarks/Vice_City/L1701_unnamed_reallife.jpg
L1702,?,Downtown,Vice City,"?, Downtown, Vice City",-633.854,204.64600000000002,"199 NE 7th St, Miami, FL 33132, USA",25.7812815,-80.19111629999999,demolished l4,landmarks/Vice_City/L1702_unnamed_ingame.jpg,landmarks/Vice_City/L1702_unnamed_reallife.jpg
L1703,?,Downtown,Vice City,"?, Downtown, Vice City",-879.691,97.42749999999995,"111 NW 1st St #2510, Miami, FL 33128, USA",25.7759558,-80.1965122,l4,landmarks/Vice_City/L1703_unnamed_ingame.jpg,landmarks/Vice_City/L1703_unnamed_reallife.jpg
L1704,?,Downtown,Vice City,"?, Downtown, Vice City",-893.0709999999999,9.614500000000078,"Miami Dade County Property Appraiser, Miami, FL 33130, USA",25.7752383,-80.1966853,l4,landmarks/Vice_City/L1704_unnamed_ingame.jpg,landmarks/Vice_City/L1704_unnamed_reallife.jpg
L1705,?,Downtown,Vice City,"?, Downtown, Vice City",-678.350767356172,-178.96065913501906,"8 N Miami Ave, Miami, FL 33128, USA",25.7742746,-80.1936672,l4,landmarks/Vice_City/L1705_unnamed_ingame.jpg,landmarks/Vice_City/L1705_unnamed_reallife.jpg
L1706,?,Salton,Vice City,"?, Salton, Vice City",-1259.6827233633467,-369.9784030510966,,,,l4,landmarks/Vice_City/L1706_unnamed_ingame.jpg,landmarks/Vice_City/L1706_unnamed_reallife.jpg
L1707,?,Salton,Vice City,"?, Salton, Vice City",-1222.1012139754234,-439.16421068030695,"390 NW N River Dr, Miami, FL 33128, USA",25.7770468,-80.20343729999999,l4,landmarks/Vice_City/L1707_unnamed_ingame.jpg,landmarks/Vice_City/L1707_unnamed_reallife.jpg
L1708,?,,Vice City,"?, Vice City",-1203.3063157314846,-486.2249953953965,,,,l4,landmarks/Vice_City/L1708_unnamed_ingame.jpg,
L1709,The Hub Gallery,Stockyard,Vice City,"The Hub Gallery, Stockyard, Vice City",-386.2539999999999,1840.0320000000002,"450 NW 28th St, Miami, FL 33127, USA",25.8025339,-80.20251139999999,,landmarks/Vice_City/L1709_The_Hub_Gallery_ingame.jpg,landmarks/Vice_City/L1709_The_Hub_Gallery_reallife.jpg
L1710,?,Rockridge,Vice City,"?, Rockridge, Vice City",-1160.882,1103.626,,,,//green,,
L1711,?,Rockridge,Vice City,"?, Rockridge, Vice City",-1180.952,693.21,,,,//green,,
L1712,?,,Vice City,"?, Vice City",-1443.9070000000002,-600.7359999999999,,,,//green,,
L1713,?,Southside,Vice City,"?, Southside, Vice City",-1820.114,-2283.222,,,,l4,landmarks/Vice_City/L1713_unnamed_ingame.jpg,
L1714,?,Tequesta,Vice City,"?, Tequesta, Vice City",-938.3499999999999,-1527.26,"126 SE 15th Rd, Miami, FL 33129, USA",25.7575152,-80.1928925,l4,landmarks/Vice_City/L1714_unnamed_ingame.jpg,landmarks/Vice_City/L1714_unnamed_reallife.jpg
L1715,?,Southside,Vice City,"?, El Joven Blvd, Southside, Vice City",-1654.6890000000003,-2072.4365,,,,//green l4,landmarks/Vice_City/L1715_unnamed_ingame.jpg,
L1716,We Have Shoes,,Port Gellhorn,"We Have Shoes, Port Gellhorn",-6354.761,3890.659,,,,#shoes demolished enterable l4 retail,landmarks/Port_Gellhorn/L1716_We_Have_Shoes_ingame.jpg,
L1717,Tobacco,,Port Gellhorn,"Tobacco, Port Gellhorn",-6354.76,3898.159,,,,demolished l4 retail,landmarks/Port_Gellhorn/L1717_Tobacco_ingame.jpg,
L1718,?,Peacock Bay,Vice City,"?, Peacock Bay, Vice City",-1321.012,-1915.659,"3197 Commodore Plaza, Miami, FL 33133, USA",25.7277923,-80.2446353,l4,landmarks/Vice_City/L1718_unnamed_ingame.jpg,landmarks/Vice_City/L1718_unnamed_reallife.jpg
L1719,?,Peacock Bay,Vice City,"?, Peacock Bay, Vice City",-1303.512,-1904.409,"3157 Commodore Plaza, Miami, FL 33133, USA",25.7277083,-80.244475,l4,landmarks/Vice_City/L1719_unnamed_ingame.jpg,landmarks/Vice_City/L1719_unnamed_reallife.jpg
L1720,?,Peacock Bay,Vice City,"?, Peacock Bay, Vice City",-1243.011,-1888.159,"3131 Commodore Plaza, Coconut Grove, FL 33133, USA",25.7273526,-80.2440561,l4,landmarks/Vice_City/L1720_unnamed_ingame.jpg,landmarks/Vice_City/L1720_unnamed_reallife.jpg
L1721,?,Peacock Bay,Vice City,"?, Peacock Bay, Vice City",-1208.512,-1880.409,"3113 Commodore Plaza First Floor, Miami, FL 33133, USA",25.7270939,-80.2438152,l4,landmarks/Vice_City/L1721_unnamed_ingame.jpg,landmarks/Vice_City/L1721_unnamed_reallife.jpg
L1722,?,Peacock Bay,Vice City,"?, Peacock Bay, Vice City",-1216.012,-1848.159,"3444 Main Hwy, Miami, FL 33133, USA",25.7271883,-80.2429926,l4,landmarks/Vice_City/L1722_unnamed_ingame.jpg,landmarks/Vice_City/L1722_unnamed_reallife.jpg
L1723,?,Peacock Bay,Vice City,"?, Peacock Bay, Vice City",-1222.012,-1820.909,"3444 Main Hwy, Coconut Grove, FL 33133, USA",25.7271883,-80.2429926,l4,landmarks/Vice_City/L1723_unnamed_ingame.jpg,landmarks/Vice_City/L1723_unnamed_reallife.jpg
L1724,Deadzombie,Stockyard,Vice City,"Deadzombie, Stockyard, Vice City",-419.095,1722.9769999999999,,,,l4,landmarks/Vice_City/L1724_Deadzombie_ingame.jpg,
L1725,Evoke,Stockyard,Vice City,"Evoke, Stockyard, Vice City",-425.597,1709.4769999999999,,,,l4,landmarks/Vice_City/L1725_Evoke_ingame.jpg,
L1726,Footbridge,,Capri,"Footbridge, Capri",-6501.487426384567,-150.5214087118925,,,,l4 utilities,landmarks/Capri/L1726_Footbridge_ingame.jpg,
L1727,?,Southside,Vice City,"?, Southside, Vice City",-1863.849949483465,-2138.6301405837276,,,,l4,landmarks/Vice_City/L1727_unnamed_ingame.jpg,landmarks/Vice_City/L1727_unnamed_reallife.jpg
L1728,Pier,,Capri,"Pier, Capri",-7227.083583910449,-197.5855733612193,"Naples Pier, 25 12th Ave S, Naples, FL 34102, USA",26.1315552,-81.80749399999999,demolished,,landmarks/Capri/L1728_Pier_reallife.jpg
L1729,?,,Capri,"?, Capri",-6655.436,280.76,"Terrace Hotel Lakeland, 329 E Main St, Lakeland, FL 33801, USA",28.04396,-81.9545691,l4,landmarks/Capri/L1729_unnamed_ingame.jpg,landmarks/Capri/L1729_unnamed_reallife.jpg
L1730,?,,Capri,"?, Capri",-6442.571,-293.77600000000007,"FHP7+XJC, Sebring, FL 33870, USA",27.4874375,-81.4359844,l4 unconfirmed,landmarks/Capri/L1730_unnamed_ingame.jpg,landmarks/Capri/L1730_unnamed_reallife.jpg
L1731,?,,Capri,"?, Capri",-6458.200986638026,-162.0854941320878,,,,l4,landmarks/Capri/L1731_unnamed_ingame.jpg,
L1732,?,,Capri,"?, Capri",-6473.1535136917955,-183.44624706604387,,,,l4,landmarks/Capri/L1732_unnamed_ingame.jpg,
L1733,?,,Capri,"?, Capri",-6404.531,-85.90000000000003,,,,l4,landmarks/Capri/L1733_unnamed_ingame.jpg,
L1734,Water Tank,,Capri,"Water Tank, Capri",-6435.511491246142,-40.25297375972116,,,,industrial l4,landmarks/Capri/L1734_Water_Tank_ingame.jpg,
L1735,Water Tower,,Capri,"Water Tower, Capri",-6354.6895223950305,-44.211833303480944,,,,l4 utilities,landmarks/Capri/L1735_Water_Tower_ingame.jpg,
L1736,?,,Capri,"?, Capri",-6294.871742369029,-679.7730710440949,,,,l4 residential,landmarks/Capri/L1736_unnamed_ingame.jpg,
L1737,?,,Capri,"?, Capri",-6331.389591788976,-303.8430580388456,,,,l4,landmarks/Capri/L1737_unnamed_ingame.jpg,
L1738,?,,Capri,"?, Capri",-6349.04552650901,-257.92025793406583,,,,l4,landmarks/Capri/L1738_unnamed_ingame.jpg,
L1739,?,Salton,Vice City,"?, SW 4th St, Salton, Vice City",-1297.3095,-962.7830000000001,"Lorusso Apartments, 345 NW 3rd St, Miami, FL 33128, USA",25.7771154,-80.2003879,l4,landmarks/Vice_City/L1739_unnamed_ingame.jpg,landmarks/Vice_City/L1739_unnamed_reallife.jpg
L1740,?,,Capri,"?, Capri",-6318.906478220269,-254.6442744244199,,,,l4,landmarks/Capri/L1740_unnamed_ingame.jpg,
L1741,?,,Capri,"?, Capri",-6333.366721354111,-207.4725394529825,,,,l4,landmarks/Capri/L1741_unnamed_ingame.jpg,
L1742,Park,Southside,Vice City,"Park, El Joven Blvd, Southside, Vice City",-1591.3790000000004,-1991.741,"Perrine Wayside Water Dog Park, 16425 S Dixie Hwy, Palmetto Bay, FL 33157, USA",25.618448,-80.34565549999999,l4 natural unconfirmed,landmarks/Vice_City/L1742_Park_ingame.jpg,landmarks/Vice_City/L1742_Park_reallife.jpg
L1743,Church,Salton,Vice City,"Church, SW 4th St, Salton, Vice City",-1378.8365,-993.4425000000001,"511 NW 4th St, Miami, FL 33128, USA",25.7779088,-80.20307389999999,l4,landmarks/Vice_City/L1743_Church_ingame.jpg,landmarks/Vice_City/L1743_Church_reallife.jpg
L1744,?,Southside,Vice City,"?, Southside, Vice City",-1875.949,-2251.175,,,,l4,landmarks/Vice_City/L1744_unnamed_ingame.jpg,
L1745,Chacey's,Southside,Vice City,"Chacey's, El Joven Blvd, Southside, Vice City",-1778.142545094655,-2518.3384883168173,,,,l4 restaurant,landmarks/Vice_City/L1745_Chaceys_ingame.jpg,
L1746,Cell Tower Lot,Southside,Vice City,"Cell Tower Lot, Southside, Vice City",-1883.2312548899267,-2282.7845968090737,,,,l4 utilities,landmarks/Vice_City/L1746_Cell_Tower_Lot_ingame.jpg,
L1747,?,Southside,Vice City,"?, Southside, Vice City",-1724.068,-1819.9195,,,,l4,landmarks/Vice_City/L1747_unnamed_ingame.jpg,
L1748,?,Southside,Vice City,"?, SW 3rd Ave, Southside, Vice City",-1980.1340000000002,-2005.6154999999999,"10000 SW 182nd St, Miami, FL 33157, USA",25.6003729,-80.3558881,closed l4,landmarks/Vice_City/L1748_unnamed_ingame.jpg,landmarks/Vice_City/L1748_unnamed_reallife.jpg
L1749,?,Southside,Vice City,"?, Southside, Vice City",-1938.2984705144418,-1909.601793390077,,,,l4,landmarks/Vice_City/L1749_unnamed_ingame.jpg,
L1750,Church,Southside,Vice City,"Church, Southside, Vice City",-1921.8980000000001,-1982.8899999999999,,,,l4,landmarks/Vice_City/L1750_Church_ingame.jpg,
L1751,Lock,,Peregrine Bay,"Lock, Peregrine Bay",-2217.932182721929,-3788.682520345393,,,,l4 transportation,landmarks/Peregrine_Bay/L1751_Lock_ingame.jpg,
L1752,Lock,,Vice-Dale County,"Lock, Vice-Dale County",-2015.1629051031211,-2573.806824179753,,,,l4 transportation,landmarks/Vice-Dale_County/L1752_Lock_ingame.jpg,
L1753,Lock,,Vice City,"Lock, Vice City",-1755.4229825761004,-1720.1692125977283,,,,l4 transportation,landmarks/Vice_City/L1753_Lock_ingame.jpg,
L1754,?,Southside,Vice City,"?, Calderone Ave, Southside, Vice City",-1878.0269244623682,-1946.9286627570727,,,,l4 residential,landmarks/Vice_City/L1754_unnamed_ingame.jpg,
L1755,?,Southside,Vice City,"?, Calderone Ave, Southside, Vice City",-1850.8778898795736,-1938.5595785901037,,,,l4 residential,landmarks/Vice_City/L1755_unnamed_ingame.jpg,
L1756,Bridge,,Mariana County,"Bridge, Mariana County",-6425.603084584254,-855.5251895958005,,,,l4 transportation,landmarks/Mariana_County/L1756_Bridge_ingame.jpg,
L1757,?,Southside,Vice City,"?, Calderone Ave, Southside, Vice City",-1776.653,-1857.38,,,,l4 residential,landmarks/Vice_City/L1757_unnamed_ingame.jpg,
L1758,?,Southside,Vice City,"?, Calderone Ave, Southside, Vice City",-1793.653,-1877.38,,,,l4 residential,landmarks/Vice_City/L1758_unnamed_ingame.jpg,
L1759,?,Southside,Vice City,"?, Southside, Vice City",-1811.728,-1893.5765000000001,,,,l4 residential,landmarks/Vice_City/L1759_unnamed_ingame.jpg,
L1760,?,Southside,Vice City,"?, Southside, Vice City",-1848.2990000000002,-1985.389,,,,l4 residential,landmarks/Vice_City/L1760_unnamed_ingame.jpg,
L1761,?,Southside,Vice City,"?, Southside, Vice City",-1884.2140000000002,-2014.1399999999999,,,,l4 residential,landmarks/Vice_City/L1761_unnamed_ingame.jpg,
L1762,?,Southside,Vice City,"?, SW 3rd Ave, Southside, Vice City",-1935.7130000000002,-2032.1399999999999,,,,l4 residential,landmarks/Vice_City/L1762_unnamed_ingame.jpg,
L1763,?,Southside,Vice City,"?, SW 3rd Ave, Southside, Vice City",-1917.7130000000002,-2044.1399999999999,,,,l4 residential,landmarks/Vice_City/L1763_unnamed_ingame.jpg,
L1764,?,Southside,Vice City,"?, SW 3rd Ave, Southside, Vice City",-1886.0030000000002,-2052.408,,,,l4 residential,landmarks/Vice_City/L1764_unnamed_ingame.jpg,
L1765,?,Southside,Vice City,"?, SW 3rd Ave, Southside, Vice City",-1865.5030000000002,-2064.908,,,,l4 residential,landmarks/Vice_City/L1765_unnamed_ingame.jpg,
L1766,?,Southside,Vice City,"?, SW 3rd Ave, Southside, Vice City",-1835.0030000000002,-2094.408,,,,l4 residential,landmarks/Vice_City/L1766_unnamed_ingame.jpg,
L1767,?,Southside,Vice City,"?, Southside, Vice City",-1702.1660000000002,-1907.731,,,,l4 residential,landmarks/Vice_City/L1767_unnamed_ingame.jpg,
L1768,?,Southside,Vice City,"?, Southside, Vice City",-1723.6680000000001,-1941.231,,,,l4 residential,landmarks/Vice_City/L1768_unnamed_ingame.jpg,
L1769,?,Southside,Vice City,"?, El Joven Blvd, Southside, Vice City",-1673.1670000000001,-1952.981,,,,l4,landmarks/Vice_City/L1769_unnamed_ingame.jpg,
L1770,?,Peacock Bay,Vice City,"?, Peacock Bay, Vice City",-880.277,-1836.933,"Shake-A-Leg Miami, 2620 S Bayshore Dr, Coconut Grove, FL 33133, USA",25.7312679,-80.2339221,,landmarks/Vice_City/L1770_unnamed_ingame.jpg,landmarks/Vice_City/L1770_unnamed_reallife.jpg
L1771,?,Southside,Vice City,"?, El Joven Blvd, Southside, Vice City",-1675.7330000000002,-1936.269,,,,l4,landmarks/Vice_City/L1771_unnamed_ingame.jpg,
L1772,?,Southside,Vice City,"?, Southside, Vice City",-1761.953267627296,-1919.9878104041995,,,,l4 residential,landmarks/Vice_City/L1772_unnamed_ingame.jpg,
L1773,?,Little Cuba,Vice City,"?, Little Cuba, Vice City",-1283.8600000000001,394.33400000000006,"Milly's Restaurant, 2742 SW 8th St #29, Miami, FL 33135, USA",25.764916,-80.23988659999999,enterable l4 restaurant unconfirmed,landmarks/Vice_City/L1773_unnamed_ingame.jpg,landmarks/Vice_City/L1773_unnamed_reallife.jpg
L1774,?,Rockridge,Vice City,"?, Westbrook Dr, Rockridge, Vice City",-1539.2385339079297,575.7736438622367,"3033 NW N River Dr, Miami, FL 33142, USA",25.7973918,-80.2445925,,landmarks/Vice_City/L1774_unnamed_ingame.jpg,landmarks/Vice_City/L1774_unnamed_reallife.jpg
L1775,?,Rockridge,Vice City,"?, Westbrook Dr, Rockridge, Vice City",-1559.0007433325839,611.5779276149533,"3218 NW N River Dr, Miami, FL 33142, USA",25.799762,-80.249234,,landmarks/Vice_City/L1775_unnamed_ingame.jpg,landmarks/Vice_City/L1775_unnamed_reallife.jpg
L1776,?,,Kelly County,"?, Kelly County",-4158.967283958738,4540.613339905643,,,,,landmarks/Kelly_County/L1776_unnamed_ingame.jpg,
L1777,?,,Leonard County,"?, Leonard County",-746.293262782201,5292.276336336645,"Zoo Miami, 12400 SW 152nd St, Miami, FL 33177, USA",25.6095318,-80.3964056,leisure unconfirmed,,
L1778,?,,Emerald Springs,"?, Emerald Springs",-4250.971,2225.028,,,,,landmarks/Emerald_Springs/L1778_unnamed_ingame.jpg,
L1779,?,,Emerald Springs,"?, Emerald Springs",-4248.033,2424.835,,,,,landmarks/Emerald_Springs/L1779_unnamed_ingame.jpg,
L1780,?,Ocean Beach,Vice Beach,"?, Ocean Beach, Vice Beach",,,"600 Lincoln Rd, Miami Beach, FL 33139, USA",25.790319,-80.1345071,retail,landmarks/Vice_Beach/L1780_unnamed_ingame.jpg,landmarks/Vice_Beach/L1780_unnamed_reallife.jpg
L1781,Vice Vinyl,Stockyard,Vice City,"Vice Vinyl, Stockyard, Vice City",-381.0361420060178,1669.0868180189589,,,,retail,landmarks/Vice_City/L1781_Vice_Vinyl_ingame.jpg,
L1782,?,,Buckskin,"?, Buckskin",-4194.434297406567,920.1784025657358,"Miccosukee Airboat Rides, Mile Marker 36, US-41, Miami, FL 33194, USA",25.7620418,-80.7752813,leisure,,
L1783,?,,Buckskin,"?, Buckskin",-4073.3163389029064,819.792624489595,"Miccosukee Indian Village, 500 US-41, Miami, FL 33194, USA",25.7605532,-80.77515629999999,,,
L1784,?,,Vice Beach,"?, Vice Beach",1533.65,1648.718,"Miami Beach Fire-Support Services, 2310 Pine Tree Dr, Miami Beach, FL 33140, USA",25.7996615,-80.1310299,l4,landmarks/Vice_Beach/L1784_unnamed_ingame.jpg,
L1785,?,,Vice Beach,"?, Vice Beach",1561.152,1689.218,"Miami Beach Fire Rescue, 2300 Pine Tree Dr, Miami Beach, FL 33140, USA",25.7995718,-80.1303509,,landmarks/Vice_Beach/L1785_unnamed_ingame.jpg,landmarks/Vice_Beach/L1785_unnamed_reallife.jpg
L1786,Fleeca,SW 4th St,Vice Beach,"Fleeca, SW 4th St, Vice Beach",1507.3297053217923,1800.9626806152723,"First Citizens Bank, 555 Arthur Godfrey Rd, Miami Beach, FL 33140, USA",25.8141423,-80.1303405,retail,landmarks/Vice_Beach/L1786_Fleeca_ingame.jpg,landmarks/Vice_Beach/L1786_Fleeca_reallife.jpg
L1787,?,SW 4th St,Vice Beach,"?, SW 4th St, Vice Beach",1554.152,1802.2179999999998,,,,,,
L1788,?,SW 4th St,Vice Beach,"?, SW 4th St, Vice Beach",1581.152,1797.7179999999998,"301 Arthur Godfrey Rd, Miami Beach, FL 33140, USA",25.8139958,-80.1268509,,,
L1789,Eye & Dry,SW 4th St,Vice Beach,"Eye & Dry, SW 4th St, Vice Beach",1494.652,1761.7179999999998,"552 Arthur Godfrey Rd, Miami Beach, FL 33140, USA",25.8136256,-80.1304152,retail,landmarks/Vice_Beach/L1789_Eye_Dry_ingame.jpg,landmarks/Vice_Beach/L1789_Eye_Dry_reallife.jpg
L1790,Diamond Dawgs,SW 4th St,Vice Beach,"Diamond Dawgs, SW 4th St, Vice Beach",1511.295,1759.2554999999998,"Sibbling Jewelers, 546 Arthur Godfrey Rd, Miami Beach, FL 33140, USA",25.8136317,-80.1302869,retail,landmarks/Vice_Beach/L1790_Diamond_Dawgs_ingame.jpg,landmarks/Vice_Beach/L1790_Diamond_Dawgs_reallife.jpg
L1791,?,,Vice Beach,"?, Vice Beach",1547.7878274448763,1746.4253311011184,"524 W 41st St ST 204, Miami Beach, FL 33140, USA",25.8136417,-80.1299437,,,landmarks/Vice_Beach/L1791_unnamed_reallife.jpg
L1792,?,,Vice Beach,"?, Vice Beach",1566.9094090217231,1745.0464728778047,,,,,,
L1793,?,,Vice Beach,"?, Vice Beach",1650.7934559672906,1738.2593203435597,"508 Arthur Godfrey Rd, Miami Beach, FL 33140, USA",25.8136255,-80.1294681,,,
L1794,?,,Vice Beach,"?, Vice Beach",1735.6464271247464,1740.7343593128808,"4049 Pine Tree Dr, Miami Beach, FL 33140, USA",25.8132985,-80.1253162,,,
L1795,?,,Vice Beach,"?, Vice Beach",1685.607,1739.618,,,,,,
L1796,?,,Vice Beach,"?, Vice Beach",1667.607,1701.118,,,,,,
L1797,Glazin' Glory,SW 4th St,Vice Beach,"Glazin' Glory, SW 4th St, Vice Beach",1472.983,1807.49,"341 FL-112, Miami Beach, FL 33140, USA",25.8139776,-80.127442,,landmarks/Vice_Beach/L1797_Glazin_Glory_ingame.jpg,landmarks/Vice_Beach/L1797_Glazin_Glory_reallife.jpg
L1798,?,,Mariana County,"?, Mariana County",-8335.935,-6055.978,"Marquesas Keys, Florida 33040, USA",24.5754474,-82.10334639999999,natural,,
L1799,?,,Vice Beach,"?, Vice Beach",1138.442,2316.1009999999997,,,,,landmarks/Vice_Beach/L1799_unnamed_ingame.jpg,
L1800,?,,Mariana County,"?, Mariana County",-7574.362,-5605.185,"Woman Key, Florida 33040, USA",24.525427,-81.9731515,natural,,
L1801,?,,Mariana County,"?, Mariana County",-5405.467,-6298.176,"Little Pine Key, Florida 33043, USA",24.7329187,-81.3114684,natural,,
L1802,?,,Mariana County,"?, Mariana County",-5786.786,-6094.973,"Mayo Key, Florida 33043, USA",24.7356963,-81.3623032,natural,,
L1803,?,,Vice Beach,"?, Vice Beach",1347.442,2246.101,"1135 103rd St, Bay Harbor Islands, FL 33154, USA",25.8938906,-80.13230329999999,demolished,landmarks/Vice_Beach/L1803_unnamed_ingame.jpg,landmarks/Vice_Beach/L1803_unnamed_reallife.jpg
L1804,?,,Vice Beach,"?, Vice Beach",1403.0031457505077,2163.130932188135,"1065 94th St, Bay Harbor Islands, FL 33154, USA",25.8850883,-80.1306106,,landmarks/Vice_Beach/L1804_unnamed_ingame.jpg,landmarks/Vice_Beach/L1804_unnamed_reallife.jpg
L1805,?,,Vice Beach,"?, Vice Beach",1410.0746508138961,2063.4292813742386,,,,,landmarks/Vice_Beach/L1805_unnamed_ingame.jpg,
L1806,?,,Vice Beach,"?, Vice Beach",1497.5917829278735,2171.6958662325405,"1074 Kane Concourse, Miami Beach, FL 33154, USA",25.8865442,-80.1307975,,landmarks/Vice_Beach/L1806_unnamed_ingame.jpg,landmarks/Vice_Beach/L1806_unnamed_reallife.jpg
L1807,?,,Vice Beach,"?, Vice Beach",1478.535565391679,2179.901568411856,"1052 Kane Concourse, Bay Harbor Islands, FL 33154, USA",25.8865373,-80.1304986,,landmarks/Vice_Beach/L1807_unnamed_ingame.jpg,landmarks/Vice_Beach/L1807_unnamed_reallife.jpg
L1808,?,,Vice Beach,"?, Vice Beach",1517.207,2141.817,"1141 Kane Concourse, Bay Harbor Islands, FL 33154, USA",25.8868659,-80.1321155,,landmarks/Vice_Beach/L1808_unnamed_ingame.jpg,landmarks/Vice_Beach/L1808_unnamed_reallife.jpg
L1809,?,,Vice Beach,"?, Vice Beach",1474.5503115729116,2152.4728963696293,,,,,landmarks/Vice_Beach/L1809_unnamed_ingame.jpg,
L1810,?,,Kelly County,"?, Kelly County",-9381.837013841377,2460.1855395981165,"Deer Island, Florida 32625, USA",29.2357974,-83.07901369999999,natural unconfirmed,,
L1811,?,,Vice Beach,"?, Vice Beach",1544.6504559672906,2025.957864376269,"9390 E Bay Harbor Dr, Bay Harbor Islands, FL 33154, USA",25.8846679,-80.1292514,,,
L1812,?,,Vice Beach,"?, Vice Beach",1504.3455728752538,1987.420650813896,"Southern Star Condominium, 9260 Bay Harbor Terrace, Bay Harbor Islands, FL 33154, USA",25.8833883,-80.1313617,,,
L1813,?,,Vice Beach,"?, Vice Beach",1488.7893593128806,2040.100388924318,,,,,landmarks/Vice_Beach/L1813_unnamed_ingame.jpg,
L1814,?,,Vice Beach,"?, Vice Beach",1510.002533905933,2054.949252531694,,,,,,
L1815,?,,Vice Beach,"?, Vice Beach",1528.387,2065.909825406948,,,,,landmarks/Vice_Beach/L1815_unnamed_ingame.jpg,
L1816,?,,Vice Beach,"?, Vice Beach",1541.1145339059326,2077.5766118445745,,,,,landmarks/Vice_Beach/L1816_unnamed_ingame.jpg,
L1817,?,,Kelly County,"?, Kelly County",-9256.002176892707,3212.88558055275,"Anclote Keys, Florida 34691, USA",28.1889802,-82.8459982,natural unconfirmed,,
L1818,?,,Vice Beach,"?, Vice Beach",1421.976,2021.004,,,,,landmarks/Vice_Beach/L1818_unnamed_ingame.jpg,
L1819,?,,Vice Beach,"?, Vice Beach",1588.976,2093.004,"1154 98th St, Bay Harbor Islands, FL 33154, USA",25.8884727,-80.1327908,,landmarks/Vice_Beach/L1819_unnamed_ingame.jpg,landmarks/Vice_Beach/L1819_unnamed_reallife.jpg
L1820,?,,Vice Beach,"?, Vice Beach",1555.0556305603427,1949.82806510708,,,,,,
L1821,?,,Lummox County,"?, Lummox County",-7774.608,5684.635,"Egmont Key, Florida 33715, USA",27.5919782,-82.762601,natural unconfirmed,,
L1822,?,,Lummox County,"?, Lummox County",-8279.415,5602.738,"Passage Key, Florida 34216, USA",27.5567019,-82.74315589999999,natural unconfirmed,,
L1823,?,,Lummox County,"?, Lummox County",-5033.075274972198,8893.383419977758,"Alligator Point, Florida 32346, USA",29.8955733,-84.3820381,natural,,
L1824,?,Washington Beach,Vice Beach,"?, Washington Beach, Vice Beach",1336.972,2415.743,"Regatta at Indian Creek, 6580 Indian Creek Dr, Miami Beach, FL 33141, USA",25.8494466,-80.1219014,,landmarks/Vice_Beach/L1824_unnamed_ingame.jpg,landmarks/Vice_Beach/L1824_unnamed_reallife.jpg
L1825,?,,Mariana County,"?, Mariana County",-1254.031,-4532.542,"North Key Largo, FL 33037, USA",25.2673402,-80.3233872,,,
L1826,Train Tunnel,,Kelly County,"Train Tunnel, Kelly County",-4976.633,4990.099,,,,,,
L1827,?,,Vice Beach,"?, Vice Beach",1475.4012135623732,2129.0341457505074,,,,,landmarks/Vice_Beach/L1827_unnamed_ingame.jpg,
L1828,?,,Capri,"?, Capri",-6745.370999999999,-363.06600000000003,"3410 Gulf Shore Blvd N, Naples, FL 34103, USA",26.1865812,-81.8128053,unconfirmed,,landmarks/Capri/L1828_unnamed_reallife.jpg
L1829,Casino,,Buckskin,"Casino, Buckskin",-4184.9634465437875,823.368893087575,"Miccosukee Casino & Resort, 500 SW 177th Ave, Miami, FL 33194, USA",25.7636318,-80.4844952,l4 leisure,landmarks/Buckskin/L1829_Casino_ingame.jpg,landmarks/Buckskin/L1829_Casino_reallife.jpg
L1830,?,,Lummox County,"?, Lummox County",-5248.838230257062,7801.850846612102,"Big Grass Island, Florida 32359, USA",29.7366113,-83.5681992,natural unconfirmed,,
L1831,Dam?,,Lummox County,"Dam?, Lummox County",-1398.308,6969.414,"Blue Ridge Dam, Blue Ridge, GA 30513, USA",34.8813858,-84.2823562,unconfirmed,,
L1832,?,,Vice Beach,"?, Vice Beach",1114.52,2348.486,,,,,landmarks/Vice_Beach/L1832_unnamed_ingame.jpg,
L1833,?,Leaf Links,Vice Beach,"?, Leaf Links, Vice Beach",965.2414930130238,2524.568831723156,,,,,landmarks/Vice_Beach/L1833_unnamed_ingame.jpg,
L1834,?,Washington Beach,Vice Beach,"?, Washington Beach, Vice Beach",1362.4759656440358,2500.799712474619,"Nobe Parking Garage, 260 67th St, Miami Beach, FL 33141, USA",25.8501358,-80.12108599999999,,landmarks/Vice_Beach/L1834_unnamed_ingame.jpg,landmarks/Vice_Beach/L1834_unnamed_reallife.jpg
L1835,?,Washington Beach,Vice Beach,"?, Washington Beach, Vice Beach",1436.7221776686233,2439.2814225113893,"Collins Hotel, 6600 Collins Ave, Miami Beach, FL 33141, USA",25.849588,-80.1204762,hotel,landmarks/Vice_Beach/L1835_unnamed_ingame.jpg,landmarks/Vice_Beach/L1835_unnamed_reallife.jpg
L1836,?,Washington Beach,Vice Beach,"?, Washington Beach, Vice Beach",1466.421,2507.164,"6574 Collins Ave, Miami Beach, FL 33141, USA",25.8495235,-80.121093,,landmarks/Vice_Beach/L1836_unnamed_ingame.jpg,landmarks/Vice_Beach/L1836_unnamed_reallife.jpg
L1837,?,,Vice Beach,"?, Vice Beach",,,,,,,landmarks/Vice_Beach/L1837_unnamed_ingame.jpg,
L1838,?,Washington Beach,Vice Beach,"?, Washington Beach, Vice Beach",1398.5395134676276,2560.903983649931,"9293 Harding Ave, Surfside, FL 33154, USA",25.8813466,-80.1227067,,landmarks/Vice_Beach/L1838_unnamed_ingame.jpg,landmarks/Vice_Beach/L1838_unnamed_reallife.jpg
L1839,?,Washington Beach,Vice Beach,"?, Washington Beach, Vice Beach",1321.464213562373,2630.9085050633885,"1100 11th St, Miami Beach, FL 33139, USA",25.7815782,-80.14009399999999,residential,landmarks/Vice_Beach/L1839_unnamed_ingame.jpg,landmarks/Vice_Beach/L1839_unnamed_reallife.jpg
L1840,?,Washington Beach,Vice Beach,"?, Washington Beach, Vice Beach",1245.8035728752538,2679.6984372515226,,,,,landmarks/Vice_Beach/L1840_unnamed_ingame.jpg,
L1841,?,Ocean Beach,Vice Beach,"?, Ocean Beach, Vice Beach",1448.419187015123,1065.8824261093955,"1435 Michigan Ave, Miami Beach, FL 33139, USA",25.7860642,-80.1377991,,landmarks/Vice_Beach/L1841_unnamed_ingame.jpg,landmarks/Vice_Beach/L1841_unnamed_reallife.jpg
L1842,?,,Hamlet,"?, Hamlet",-2732.5077919477653,-3175.956226613822,"611 NW 14th Ave, Miami, FL 33125, USA",25.7794588,-80.218014,residential reused,landmarks/Hamlet/L1842_unnamed_ingame.jpg,landmarks/Hamlet/L1842_unnamed_reallife.jpg
L1843,?,,Hamlet,"?, Hamlet",-2689.7191925768366,-3179.7466086482787,"611 NW 14th Ave, Miami, FL 33125, USA",25.7794588,-80.218014,residential reused,landmarks/Hamlet/L1843_unnamed_ingame.jpg,landmarks/Hamlet/L1843_unnamed_reallife.jpg
L1844,?,,Vice-Dale County,"?, Vice-Dale County",1116.6354999999999,3087.8865,,,,l5,landmarks/Vice-Dale_County/L1844_unnamed_ingame.jpg,
L1845,?,,Vice Beach,"?, Vice Beach",1715.6477502597145,1577.0744966969826,,,,,,
L1846,Turn ?,,Gellhorn International Raceway,"Turn ?, Gellhorn International Raceway",-6970.818485704056,1522.1000445811096,"W6P6+G7, 72100 Le Mans, France",47.9363125,0.2106875,,,landmarks/Gellhorn_International_Raceway/L1846_Turn_reallife.jpg
L1847,Turn ?,,Gellhorn International Raceway,"Turn ?, Gellhorn International Raceway",-7100.688,2090.012,"Spoon, RGXF+83M Suzuka, Mie, Japan",34.8483375,136.5226719,unconfirmed,,landmarks/Gellhorn_International_Raceway/L1847_Turn_reallife.jpg
L1848,"""Ambrosia Hill""",,Kelly County,"""Ambrosia Hill"", Kelly County",-3450.3187964466424,5626.186256058589,,,,,,
L1849,Train Tunnel,,Lummox County,"Train Tunnel, Lummox County",-5575.955058554951,6124.087294296698,,,,transportation,,
L1850,"""Bridge Ridge""",,Kelly County,"""Bridge Ridge"", Kelly County",-4182.424818191131,3961.50975479104,,,,,,
L1851,"""Lollipop Ridge""",,Kelly County,"""Lollipop Ridge"", Kelly County",-4315.801,3220.532,,,,natural,,
L1852,"""Thrillbilly Hill""",,Kelly County,"""Thrillbilly Hill"", Kelly County",-3644.000785397363,4661.24093979852,,,,natural,,
L1853,?,,Lummox County,"?, Lummox County",-5718.679128437606,7775.592794726496,,,,natural,,
L1854,?,,Lummox County,"?, Lummox County",-2643.412,8896.53,"North Ronaldsay, United Kingdom",59.372008,-2.4188716,natural unconfirmed,landmarks/Lummox_County/L1854_unnamed_ingame.jpg,landmarks/Lummox_County/L1854_unnamed_reallife.jpg
L1855,?,,Lummox County,"?, Lummox County",-1654.0624105470079,8248.335282109401,"MGV3+324 Yulee, Florida, USA",30.6926375,-81.49742189999999,natural unconfirmed,,
L1856,?,,Kelly County,"?, Kelly County",-9066.86932464447,1698.1619690991615,,,,,,
L1857,?,,Kelly County,"?, Kelly County",-9305.678,3813.322,,,,,,
L1858,?,,Kelly County,"?, Kelly County",-8808.566923164104,3637.8707947264966,,,,,,
L1859,Turn ?,,Gellhorn International Raceway,"Turn ?, Gellhorn International Raceway",-6438.10088233712,1106.0018550769848,"4GH2+Q8H Dunfermline, United Kingdom",56.12943749999999,-3.4991406,,,landmarks/Gellhorn_International_Raceway/L1859_Turn_reallife.jpg
L1860,Train Bridge,,Leonida,"Train Bridge, Leonida",-3226.675809793626,-2131.4880640119845,,,,l4 transportation,landmarks/Leonida/L1860_Train_Bridge_ingame.jpg,
L1861,Train Bridge,,Vice-Dale County,"Train Bridge, Vice-Dale County",-2226.35,-1883.209,,,,l4 transportation,landmarks/Vice-Dale_County/L1861_Train_Bridge_ingame.jpg,
L1862,Public Restrooms,Ocean Beach,Vice Beach,"Public Restrooms, Ocean Beach, Vice Beach",2006.202,1454.7485000000001,"Public Restrooms, 2111 Miami Beach Dr, Miami Beach, FL 33139, USA",25.7961318,-80.12733850000001,public,landmarks/Vice_Beach/L1862_Public_Restrooms_ingame.jpg,landmarks/Vice_Beach/L1862_Public_Restrooms_reallife.jpg
L1863,Drawbridge,,Capri,"Drawbridge, Capri",-7131.023937982677,571.4562141018372,,,,l4 transportation,landmarks/Capri/L1863_Drawbridge_ingame.jpg,
L1864,?,Ocean Beach,Vice Beach,"?, Ocean Beach, Vice Beach",1854.234,1522.706,"2150 Collins Ave, Miami Beach, FL 33139, USA",25.7973113,-80.128858,landmark,landmarks/Vice_Beach/L1864_unnamed_ingame.jpg,landmarks/Vice_Beach/L1864_unnamed_reallife.jpg
L1865,?,Ocean Beach,Vice Beach,"?, Ocean Beach, Vice Beach",1847.376,1466.391,"Miami Mountain, Collins Park, Miami Beach, FL 33139, USA",25.7968279,-80.1290362,landmark,landmarks/Vice_Beach/L1865_unnamed_ingame.jpg,landmarks/Vice_Beach/L1865_unnamed_reallife.jpg
L1866,?,,Mariana County,"?, Mariana County",-7886.7442267898405,-6549.767051183182,"H77H+WFP Stock Island, Florida, USA",24.5648375,-81.7212969,natural unconfirmed,,
L1867,Catalyst Realty,SW 4th St,Vice Beach,"Catalyst Realty, SW 4th St, Vice Beach",1447.682,1757.866,"756 Arthur Godfrey Rd, Miami Beach, FL 33140, USA",25.8137193,-80.132053,,landmarks/Vice_Beach/L1867_Catalyst_Realty_ingame.jpg,landmarks/Vice_Beach/L1867_Catalyst_Realty_reallife.jpg
L1868,Lulu,SW 4th St,Vice Beach,"Lulu, SW 4th St, Vice Beach",1435.182,1757.866,"764 Arthur Godfrey Rd, Miami Beach, FL 33140, USA",25.8137194,-80.1322409,,landmarks/Vice_Beach/L1868_Lulu_ingame.jpg,landmarks/Vice_Beach/L1868_Lulu_reallife.jpg
L1869,Ajax Gym,SW 4th St,Vice Beach,"Ajax Gym, SW 4th St, Vice Beach",1421.182,1758.616,"768 W 41st St, Miami Beach, FL 33140, USA",25.8136931,-80.1323422,,landmarks/Vice_Beach/L1869_Ajax_Gym_ingame.jpg,landmarks/Vice_Beach/L1869_Ajax_Gym_reallife.jpg
L1870,Papasco's,Vickery Dr,Vice Beach,"Papasco's, Vickery Dr, Vice Beach",1495.1820000000002,1743.616,"4017 Prairie Ave, Miami Beach, FL 33140, USA",25.8134761,-80.1303066,retail,landmarks/Vice_Beach/L1870_Papascos_ingame.jpg,landmarks/Vice_Beach/L1870_Papascos_reallife.jpg
L1871,Bridge,,Vice-Dale County,"Bridge, Vice-Dale County",905.7473719148496,3234.765221591862,,,,,,
L1872,Bus Stop,Bayside,Vice City,"Bus Stop, Rialto Cswy, Bayside, Vice City",-418.7472850028148,1020.5040003112686,"NE 15 St & Herald Plaza, Miami, FL 33132, USA",25.789608,-80.1865445,#bus transportation,landmarks/Vice_City/L1872_Bus_Stop_ingame.jpg,
L1873,?,,Gloriana Key,"?, Gloriana Key",768.1522065645979,-2030.5889654767445,"Marjory Stoneman Douglas Biscayne Nature Center, 6767 Crandon Blvd, Key Biscayne, FL 33149, USA",25.7155627,-80.1511881,,,
L1874,Public Restrooms,,Gloriana Key,"Public Restrooms, Gloriana Key",629.6229950740526,-2078.8002802217875,"Public Restroom, 6747 Crandon Blvd, Key Biscayne, FL 33149, USA",25.7081405,-80.1535936,,,
L1875,Bridge,,Rialto Islands,"Bridge, Rialto Islands",431.096,1219.279,,,,,,
L1876,Bridge,,Rialto Islands,"Bridge, Rialto Islands",663.096,1284.029,,,,,,
L1877,?,,Capri,"?, Capri",-6420.361971976139,353.89368966418715,"Frances Langford Promenade, Lakeland, FL 33801, USA",28.0441264,-81.9504522,unconfirmed,,landmarks/Capri/L1877_unnamed_reallife.jpg
L1878,Train Station,,Capri,"Train Station, Capri",-6524.333283428928,507.69101239920536,"Lakeland Train Station, 600 Lake Mirror Dr, Lakeland, FL 33801, USA",28.0458112,-81.951561,transportation unconfirmed,,landmarks/Capri/L1878_Train_Station_reallife.jpg
L1879,?,,Capri,"?, Capri",-6522.022867769972,-480.5513555244926,,,,l4,landmarks/Capri/L1879_unnamed_ingame.jpg,
L1880,?,,Capri,"?, Capri",-6410.352987326442,-580.4512471138305,,,,l4,landmarks/Capri/L1880_unnamed_ingame.jpg,
L1881,?,,Capri,"?, Capri",-6493.672,70.47600000000011,,,,l4,landmarks/Capri/L1881_unnamed_ingame.jpg,
L1882,?,,Capri,"?, Capri",-6467.402,189.9855,"The Peggy Brown Building, 215 S Lake Ave, Lakeland, FL 33801, USA",28.0426779,-81.94935600000001,l4,landmarks/Capri/L1882_unnamed_ingame.jpg,landmarks/Capri/L1882_unnamed_reallife.jpg
L1883,?,,Capri,"?, Capri",-7095.438215295454,-19.12354188601978,"Horizon House, 3951 Gulf Shore Blvd N, Naples, FL 34103, USA",26.1898461,-81.8150581,l4 unconfirmed,landmarks/Capri/L1883_unnamed_ingame.jpg,landmarks/Capri/L1883_unnamed_reallife.jpg
L1884,?,,Capri,"?, Capri",-7142.261103384215,65.62535408031192,"2131 Lakeview Dr, Sebring, FL 33870, USA",27.4958319,-81.44498279999999,l4 unconfirmed,landmarks/Capri/L1884_unnamed_ingame.jpg,landmarks/Capri/L1884_unnamed_reallife.jpg
L1885,?,,Capri,"?, Capri",-6249.604150586792,361.8843223594396,,,,l4,landmarks/Capri/L1885_unnamed_ingame.jpg,
L1886,Parking Lot,,Gloriana Key,"Parking Lot, Gloriana Key",570.58,-2055.7156758383203,"Crandon Parking Lot #3, Unnamed Road, Key Biscayne, FL 33149, USA",25.7082027,-80.155332,,,
L1887,?,,Gloriana Key,"?, Gloriana Key",417.1555733248041,-1967.7075162852384,"3301 Rickenbacker Cswy, Key Biscayne, FL 33149, USA",25.7451858,-80.1741014,,,
L1888,?,,Gloriana Key,"?, Gloriana Key",411.84155853671234,-1943.1403150845115,"3301 Rickenbacker Cswy, Key Biscayne, FL 33149, USA",25.7451858,-80.1741014,,,
L1889,?,,Gloriana Key,"?, Gloriana Key",300.1477346012434,-1923.0923484326588,"3201 Rickenbacker Cswy, Key Biscayne, FL 33149, USA",25.7368144,-80.1657207,,,
L1890,?,,Capri,"?, Capri",-6599.841,381.898,"The Loggia, 22VW+MJ, Lakeland, FL 33801, USA",28.0441282,-81.9534808,l4,landmarks/Capri/L1890_unnamed_ingame.jpg,landmarks/Capri/L1890_unnamed_reallife.jpg
L1891,?,,Capri,"?, Capri",-6527.514,456.0350000000001,"Frances Langford Promenade, Lakeland, FL 33801, USA",28.0441264,-81.9504522,unconfirmed,,landmarks/Capri/L1891_unnamed_reallife.jpg
L1892,Breakwater,,Capri,"Breakwater, Capri",-6933.337574235222,-297.559573339871,"35WX+45H, Naples, Florida, USA",26.0953125,-81.80201559999999,unconfirmed,,landmarks/Capri/L1892_Breakwater_reallife.jpg
L1893,?,,Capri,"?, Capri",-6724.299820970745,408.65481860610504,,,,l4,landmarks/Capri/L1893_unnamed_ingame.jpg,
L1894,?,,Capri,"?, Capri",-6529.936428203674,-368.18311607769124,,,,l4,landmarks/Capri/L1894_unnamed_ingame.jpg,
L1895,?,,Capri,"?, Capri",-6873.136097016422,-158.4055296746444,,,,,,
L1896,?,,Capri,"?, Capri",-6793.719991262686,-194.50375956270682,,,,,,
L1897,?,,Capri,"?, Capri",-6730.187106659696,-221.93841427763437,,,,,,
L1898,?,,Capri,"?, Capri",-6577.130611934312,-317.23774118211895,,,,,,
L1899,?,,Capri,"?, Capri",-6642.107425732824,-268.14414853435414,,,,,,
L1900,?,,Capri,"?, Capri",-6408.434019373936,293.78626068974006,"Magnolia Building, 702 E Orange St, Lakeland, FL 33801, USA",28.0423213,-81.9507285,l4,landmarks/Capri/L1900_unnamed_ingame.jpg,landmarks/Capri/L1900_unnamed_reallife.jpg
L1901,?,,Capri,"?, Capri",-6692.315603289764,325.9230680351707,,,,l4,landmarks/Capri/L1901_unnamed_ingame.jpg,
L1902,?,,Capri,"?, Capri",-6789.974273574638,500.233568247736,,,,l4,landmarks/Capri/L1902_unnamed_ingame.jpg,landmarks/Capri/L1902_unnamed_reallife.jpg
L1903,?,,Capri,"?, Capri",-6628.958324645231,-94.52951597758647,,,,l4,landmarks/Capri/L1903_unnamed_ingame.jpg,
L1904,?,Peacock Bay,Vice City,"?, Peacock Bay, Vice City",-1197.323,-1652.874,"3034 Grand Ave Ste 7, Miami, FL 33133, USA",25.7279628,-80.2417858,l4,,landmarks/Vice_City/L1904_unnamed_reallife.jpg
L1905,?,Peacock Bay,Vice City,"?, Peacock Bay, Vice City",-1165.7225,-1642.6835,,,,l4,,landmarks/Vice_City/L1905_unnamed_reallife.jpg
L1906,?,Peacock Bay,Vice City,"?, Peacock Bay, Vice City",-1139.01,-1632.6585,"2977 McFarlane Rd, Miami, FL 33133, USA",25.7276478,-80.2413116,l4,landmarks/Vice_City/L1906_unnamed_ingame.jpg,landmarks/Vice_City/L1906_unnamed_reallife.jpg
L1907,?,Peacock Bay,Vice City,"?, SW 9th Ave, Peacock Bay, Vice City",-1165.8285,-1589.136,"2982 Grand Ave, Coconut Grove, FL 33133, USA",25.7279767,-80.2410735,l4,,landmarks/Vice_City/L1907_unnamed_reallife.jpg
L1908,?,Peacock Bay,Vice City,"?, Peacock Bay, Vice City",-1203.0459999999998,-1696.0500000000002,"3401 Main Hwy, Coconut Grove, FL 33133, USA",25.7278647,-80.2422469,l4,landmarks/Vice_City/L1908_unnamed_ingame.jpg,landmarks/Vice_City/L1908_unnamed_reallife.jpg
L1909,?,Peacock Bay,Vice City,"?, Peacock Bay, Vice City",-1197.161,-1725.0115,"3413 Main Hwy, Miami, FL 33133, USA",25.7275321,-80.2425107,l4,landmarks/Vice_City/L1909_unnamed_ingame.jpg,landmarks/Vice_City/L1909_unnamed_reallife.jpg
L1910,?,Peacock Bay,Vice City,"?, Peacock Bay, Vice City",-1179.9959999999999,-1754.973,"3425 Main Hwy, Coconut Grove, FL 33133, USA",25.7273716,-80.2426785,l4,landmarks/Vice_City/L1910_unnamed_ingame.jpg,landmarks/Vice_City/L1910_unnamed_reallife.jpg
L1911,?,Peacock Bay,Vice City,"?, Peacock Bay, Vice City",-1233.197,-1726.014,"3400 Main Hwy, Miami, FL 33133, USA",25.7279721,-80.2427182,l4,,landmarks/Vice_City/L1911_unnamed_reallife.jpg
L1912,?,Peacock Bay,Vice City,"?, SW 9th Ave, Peacock Bay, Vice City",-1248.2259999999999,-1622.9325000000001,"3015 Grand Ave, Coconut Grove, FL 33133, USA",25.728972,-80.24197699999999,demolished l4,landmarks/Vice_City/L1912_unnamed_ingame.jpg,landmarks/Vice_City/L1912_unnamed_reallife.jpg
L1913,?,Peacock Bay,Vice City,"?, SW 9th Ave, Peacock Bay, Vice City",-1257.9609999999998,-1653.462,"3015 Grand Ave, Coconut Grove, FL 33133, USA",25.728972,-80.24197699999999,demolished l4,landmarks/Vice_City/L1913_unnamed_ingame.jpg,landmarks/Vice_City/L1913_unnamed_reallife.jpg
L1914,?,Peacock Bay,Vice City,"?, SW 9th Ave, Peacock Bay, Vice City",-1266.8195041766476,-1690.613826372254,"3015 Grand Ave, Coconut Grove, FL 33133, USA",25.728972,-80.24197699999999,l4,landmarks/Vice_City/L1914_unnamed_ingame.jpg,landmarks/Vice_City/L1914_unnamed_reallife.jpg
L1915,Train Station,,Waning Sands,"Train Station, Waning Sands",-26.531222328582658,3923.599736799998,,,,transportation unconfirmed,,
L1916,Train Station,,Lummox County,"Train Station, Lummox County",-662.9421931898128,6244.816060061508,,,,transportation unconfirmed,,
L1917,Train Station,,Redhill,"Train Station, Redhill",-3664.9598093506074,7501.663920865856,,,,transportation unconfirmed,,
L1918,Car Wash,,Leonida,"Car Wash, Leonida",,,"250 SW 7th St, Miami, FL 33130, USA",25.7669203,-80.19840649999999,demolished,landmarks/Leonida/L1918_Car_Wash_ingame.jpg,landmarks/Leonida/L1918_Car_Wash_reallife.jpg
L1919,Turn ?,,Gellhorn International Raceway,"Turn ?, Gellhorn International Raceway",-6811.444878465514,1787.9316127350696,"XC68+MX4 Tuzla, İstanbul, Türkiye",40.96163749999999,29.4174531,,,landmarks/Gellhorn_International_Raceway/L1919_Turn_reallife.jpg
L1920,River,,Lummox County,"River, Lummox County",-2268.7070299629067,7639.0833760296755,,,,natural,,
L1921,River,,Lummox County,"River, Lummox County",-4388.959997013315,7346.026457680997,,,,natural,,
L1922,"""Carousell Hill""",,Kelly County,"""Carousell Hill"", Kelly County",-5650.889935539234,2617.26669952729,,,,natural,,
L1923,?,Washington Beach,Vice Beach,"?, Washington Beach, Vice Beach",1840.1350000000002,1757.927,"3121 Indian Creek Dr, Miami Beach, FL 33140, USA",25.80721,-80.12483089999999,residential,landmarks/Vice_Beach/L1923_unnamed_ingame.jpg,landmarks/Vice_Beach/L1923_unnamed_reallife.jpg
L1924,?,Washington Beach,Vice Beach,"?, Washington Beach, Vice Beach",1838.136,1809.4269999999997,"3025 Indian Creek Dr, Miami Beach, FL 33140, USA",25.8066678,-80.1254002,,landmarks/Vice_Beach/L1924_unnamed_ingame.jpg,landmarks/Vice_Beach/L1924_unnamed_reallife.jpg
L1925,?,Washington Beach,Vice Beach,"?, Washington Beach, Vice Beach",1866.136,1849.9269999999997,"3101 Indian Creek Dr, Miami Beach, FL 33140, USA",25.8069463,-80.1250842,,landmarks/Vice_Beach/L1925_unnamed_ingame.jpg,landmarks/Vice_Beach/L1925_unnamed_reallife.jpg
L1926,"""Kelly Hill""",,Kelly County,"""Kelly Hill"", Kelly County",-5549.399116118842,2985.5644621674196,,,,,,
L1927,"""Starlet Hill""",,Kelly County,"""Starlet Hill"", Kelly County",-5709.812651526002,3553.3891315272185,,,,natural,,
L1928,River,,Kelly County,"River, Kelly County",-4152.6190165301205,3566.6008998716693,,,,,,
L1929,?,,Waning Sands,"?, Waning Sands",450.05707702676636,4065.909368990365,,,,,landmarks/Waning_Sands/L1929_unnamed_ingame.jpg,
L1930,Stage,,Hamlet,"Stage, Hamlet",-2620.0020000000004,-3400.5,"Stage, Losner Park, 104 N Krome Ave, Homestead, FL 33030, USA",25.470643,-80.4776684,demolished l4,landmarks/Hamlet/L1930_Stage_ingame.jpg,landmarks/Hamlet/L1930_Stage_reallife.jpg
L1931,?,Peacock Bay,Vice City,"?, Peacock Bay, Vice City",-1160.701,-1819.8000000000002,"2699 Tigertail Ave, Miami, FL 33133, USA",25.7322564,-80.2372415,l4,landmarks/Vice_City/L1931_unnamed_ingame.jpg,landmarks/Vice_City/L1931_unnamed_reallife.jpg
L1932,Perkins Deli,Crosstown,Vice City,"Perkins Deli, Catalan Blvd, Crosstown, Vice City",-370.25847705377794,1549.382419066226,"275 NE 18th St, Miami, FL 33132, USA",25.7939115,-80.1898356,retail,landmarks/Vice_City/L1932_Perkins_Deli_ingame.jpg,
L1933,Josefina,Catalan Blvd,Vice City,"Josefina, Crosstown, Catalan Blvd, Vice City",-363.5925000000001,1560.6115,"275 NE 18th St, Miami, FL 33132, USA",25.7939115,-80.1898356,retail,landmarks/Vice_City/L1933_Josefina_ingame.jpg,
L1934,Bruiser? Skate Shop,Crosstown,Vice City,"Bruiser? Skate Shop, Catalan Blvd, Crosstown, Vice City",-358.50249999999994,1571.4295,"275 NE 18th St, Miami, FL 33132, USA",25.7939115,-80.1898356,retail,landmarks/Vice_City/L1934_Bruiser_Skate_Shop_ingame.jpg,
L1935,?,,Lummox County,"?, Lummox County",-6660.949344433718,6009.550557731354,,,,natural,,
L1936,?,Bayside,Vice City,"?, Catalan Blvd, Bayside, Vice City",-321.06407456505804,1533.7023961653035,"2138 Biscayne Blvd, Miami, FL 33137, USA",25.7979033,-80.1893786,demolished,landmarks/Vice_City/L1936_unnamed_ingame.jpg,landmarks/Vice_City/L1936_unnamed_reallife.jpg
L1937,?,Crosstown,Vice City,"?, Crosstown, Vice City",-430.03200000000004,1521.218,,,,l4,landmarks/Vice_City/L1937_unnamed_ingame.jpg,
L1938,?,Peacock Bay,Vice City,"?, Peacock Bay, Vice City",-1128.181,-1771.401,"2679 Tigertail Ave, Miami, FL 33133, USA",25.732543,-80.2369018,l4,landmarks/Vice_City/L1938_unnamed_ingame.jpg,landmarks/Vice_City/L1938_unnamed_reallife.jpg
L1939,?,Ocean Beach,Vice Beach,"?, Ocean Beach, Vice Beach",1699.679,1244.011,"1566 Washington Ave, Miami Beach, FL 33139, USA",25.7888079,-80.1320123,,landmarks/Vice_Beach/L1939_unnamed_ingame.jpg,landmarks/Vice_Beach/L1939_unnamed_reallife.jpg
L1940,?,Ocean Beach,Vice Beach,"?, Ocean Beach, Vice Beach",1707.61,1210.029,"1618 Washington Ave, Miami Beach, FL 33139, USA",25.7897375,-80.1320135,,landmarks/Vice_Beach/L1940_unnamed_ingame.jpg,landmarks/Vice_Beach/L1940_unnamed_reallife.jpg
L1941,?,Salton,Vice City,"?, Salton, Vice City",-1174.6614200256176,-514.0772243995533,,,,l4,landmarks/Vice_City/L1941_unnamed_ingame.jpg,
L1942,?,Salton,Vice City,"?, Salton, Vice City",-1179.0610384181605,-542.6436312527087,"243 NW S River Dr, Miami, FL 33128, USA",25.7764213,-80.2042824,,landmarks/Vice_City/L1942_unnamed_ingame.jpg,landmarks/Vice_City/L1942_unnamed_reallife.jpg
L1943,?,Salton,Vice City,"?, Salton, Vice City",-1151.971777630904,-594.0022109838499,"961 NW 7th St, Miami, FL 33136, USA",25.7805244,-80.2111693,,landmarks/Vice_City/L1943_unnamed_ingame.jpg,landmarks/Vice_City/L1943_unnamed_reallife.jpg
L1944,?,Downtown,Vice City,"?, Downtown, Vice City",-561.5749999999998,-161.83200000000005,"255 E Flagler St, Miami, FL 33131, USA",25.7744093,-80.18896649999999,l4,landmarks/Vice_City/L1944_unnamed_ingame.jpg,landmarks/Vice_City/L1944_unnamed_reallife.jpg
L1945,?,Downtown,Vice City,"?, Downtown, Vice City",-496.75299999999993,-168.05699999999996,"Leamington Hotel, 307 NE 1st St, Miami, FL 33132, USA",25.7755298,-80.1885223,l4,landmarks/Vice_City/L1945_unnamed_ingame.jpg,landmarks/Vice_City/L1945_unnamed_reallife.jpg
L1946,?,Tequesta Retreat,Vice City,"?, Tequesta Retreat, Vice City",-63.96828155043545,-1158.1406440180062,"540 Brickell Key Dr, Miami, FL 33131, USA",25.7683319,-80.1838449,residential,landmarks/Vice_City/L1946_unnamed_ingame.jpg,landmarks/Vice_City/L1946_unnamed_reallife.jpg
L1947,Railyard,,Lummox County,"Railyard, Lummox County",-3470.467176353959,7605.811757561753,,,,transportation unconfirmed,,
L1948,?,,Mariana County,"?, Mariana County",-7462.734000000001,-5921.647,"Boca Grande Key, Florida 33040, USA",24.5309827,-82.002319,natural unconfirmed,,
L1949,?,NW 16th St,Vice City,"?, NW 16th St, Vice City",-1649.8101121908526,595.5837127872663,"Bernuth Marine Shipping, 3151 NW S River Dr, Miami, FL 33142, USA",25.7955392,-80.24545239999999,,landmarks/Vice_City/L1949_unnamed_ingame.jpg,landmarks/Vice_City/L1949_unnamed_reallife.jpg
L1950,?,Westbrook Dr,Vice City,"?, Westbrook Dr, Vice City",-1589.045,653.392,,,,,landmarks/Vice_City/L1950_unnamed_ingame.jpg,
L1951,?,Westbrook Dr,Vice City,"?, Westbrook Dr, Vice City",-1679.387,660.114,,,,,landmarks/Vice_City/L1951_unnamed_ingame.jpg,
L1952,?,Westbrook Dr,Vice City,"?, Westbrook Dr, Vice City",-1692.1710000000003,758.743,,,,,landmarks/Vice_City/L1952_unnamed_ingame.jpg,
L1953,?,Tequesta,Vice City,"?, Tequesta, Vice City",-1188.1647084989845,-1222.4420880654188,"26 SW 8th St, Miami, FL 33130, USA",25.7660904,-80.1937229,retail,landmarks/Vice_City/L1953_unnamed_ingame.jpg,landmarks/Vice_City/L1953_unnamed_reallife.jpg
L1954,?,Tequesta,Vice City,"?, Tequesta, Vice City",-1265.3691104624986,-1432.5142306124965,"1324 SW 1st Ave, Miami, FL 33130, USA",25.7608903,-80.1947551,l4,landmarks/Vice_City/L1954_unnamed_ingame.jpg,landmarks/Vice_City/L1954_unnamed_reallife.jpg
L1955,?,Tequesta,Vice City,"?, Tequesta, Vice City",-1213.143572867579,-1317.0041507423684,,,,l4,landmarks/Vice_City/L1955_unnamed_ingame.jpg,
L1956,?,Tequesta,Vice City,"?, Tequesta, Vice City",-1170.891583540742,-1341.201044319319,,,,l4,landmarks/Vice_City/L1956_unnamed_ingame.jpg,
L1957,?,Tequesta,Vice City,"?, Tequesta, Vice City",-1129.9123252006666,-1286.3867982380941,,,,l4,landmarks/Vice_City/L1957_unnamed_ingame.jpg,
L1958,?,Tequesta,Vice City,"?, Tequesta, Vice City",-1045.885496061344,-1503.52776981359,"1215 S Miami Ave 2nd level, Miami, FL 33130, USA",25.7621192,-80.1929165,l4,landmarks/Vice_City/L1958_unnamed_ingame.jpg,
L1959,?,Tequesta,Vice City,"?, Tequesta, Vice City",-908.987,-1411.812,"Echo Brickell Residences, 1451 Brickell Ave, Miami, FL 33131, USA",25.7581414,-80.1924308,construction l4,landmarks/Vice_City/L1959_unnamed_ingame.jpg,landmarks/Vice_City/L1959_unnamed_reallife.jpg
L1960,?,Tequesta,Vice City,"?, SW 4th St, Tequesta, Vice City",-1144.603,-1015.7765,"Parkview, 115 SW 11th St, Miami, FL 33130, USA",25.7636643,-80.1962516,l4,landmarks/Vice_City/L1960_unnamed_ingame.jpg,landmarks/Vice_City/L1960_unnamed_reallife.jpg
L1961,?,Tequesta,Vice City,"?, Tequesta, Vice City",-1093.3725,-946.0185000000001,"Brickell Station Lofts, 100 SW 10th St, Miami, FL 33130, USA",25.7642306,-80.1960137,,landmarks/Vice_City/L1961_unnamed_ingame.jpg,landmarks/Vice_City/L1961_unnamed_reallife.jpg
L1962,?,Peacock Bay,Vice City,"?, Peacock Bay, Vice City",-1084.8355972321426,-1611.7015077281742,"1528 Brickell Ave, Miami, FL 33129, USA",25.757751,-80.19355900000001,l4 residential,landmarks/Vice_City/L1962_unnamed_ingame.jpg,landmarks/Vice_City/L1962_unnamed_reallife.jpg
L1963,?,Peacock Bay,Vice City,"?, Peacock Bay, Vice City",-988.4669999999999,-1721.811,"Chateau ZZ's, 1500 Brickell Ave, Miami, FL 33129, USA",25.757996,-80.193437,l4,landmarks/Vice_City/L1963_unnamed_ingame.jpg,landmarks/Vice_City/L1963_unnamed_reallife.jpg
L1964,?,Peacock Bay,Vice City,"?, Peacock Bay, Vice City",-1002.9023838138963,-1770.038750438419,"?1528 FL-5 #112, Miami, FL 33129, USA",25.7578808,-80.1936764,l4 unconfirmed,landmarks/Vice_City/L1964_unnamed_ingame.jpg,landmarks/Vice_City/L1964_unnamed_reallife.jpg
L1965,?,Peacock Bay,Vice City,"?, Peacock Bay, Vice City",-1013.1271026464929,-1808.4007379829804,"Crossbridge Church, 1770 Brickell Ave, Miami, FL 33129, USA",25.7560775,-80.1962994,l4,landmarks/Vice_City/L1965_unnamed_ingame.jpg,landmarks/Vice_City/L1965_unnamed_reallife.jpg
L1966,?,Peacock Bay,Vice City,"?, Peacock Bay, Vice City",-1028.5392050377645,-1868.5749231503494,"?,1834 Brickell Ave, Miami, FL 33129, USA",25.7554181,-80.197183,l4 unconfirmed,landmarks/Vice_City/L1966_unnamed_ingame.jpg,landmarks/Vice_City/L1966_unnamed_reallife.jpg
L1967,?,Peacock Bay,Vice City,"?, Peacock Bay, Vice City",-1047.1666278166454,-1925.5193189883653,"2180 Brickell Ave, Miami, FL 33129, USA",25.7532109,-80.2005775,l4 unconfirmed,landmarks/Vice_City/L1967_unnamed_ingame.jpg,landmarks/Vice_City/L1967_unnamed_reallife.jpg
L1968,?,Peacock Bay,Vice City,"?, Peacock Bay, Vice City",-1127.2774070473831,-1903.5399247054022,,,,l4,landmarks/Vice_City/L1968_unnamed_ingame.jpg,
L1969,?,Peacock Bay,Vice City,"?, Peacock Bay, Vice City",-1120.2819416574087,-1880.18330152308,,,,l4,landmarks/Vice_City/L1969_unnamed_ingame.jpg,
L1970,?,Peacock Bay,Vice City,"?, Peacock Bay, Vice City",-1109.3455652456882,-1855.7913451759478,"1701 S Miami Ave, Miami, FL 33129, USA",25.7567245,-80.1962145,l4 unconfirmed,landmarks/Vice_City/L1970_unnamed_ingame.jpg,landmarks/Vice_City/L1970_unnamed_reallife.jpg
L1971,?,Peacock Bay,Vice City,"?, Peacock Bay, Vice City",-1099.292330167098,-1829.2483394895053,,,,l4,landmarks/Vice_City/L1971_unnamed_ingame.jpg,
L1972,?,Peacock Bay,Vice City,"?, Peacock Bay, Vice City",-1088.5317246032334,-1802.18445190027,,,,l4,landmarks/Vice_City/L1972_unnamed_ingame.jpg,
L1973,?,Peacock Bay,Vice City,"?, Peacock Bay, Vice City",-1056.1460895039684,-1732.8704182242057,,,,l4,landmarks/Vice_City/L1973_unnamed_ingame.jpg,
L1974,?,Peacock Bay,Vice City,"?, Peacock Bay, Vice City",-1048.4259616351255,-1707.7467409090784,,,,l4,landmarks/Vice_City/L1974_unnamed_ingame.jpg,
L1975,?,Peacock Bay,Vice City,"?, Peacock Bay, Vice City",-1107.7680895039682,-1686.9835077281741,,,,l4,landmarks/Vice_City/L1975_unnamed_ingame.jpg,
L1976,?,Peacock Bay,Vice City,"?, Peacock Bay, Vice City",-1063.457584447197,-1969.971123347058,,,,l4,landmarks/Vice_City/L1976_unnamed_ingame.jpg,
L1977,?,,Waning Sands,"?, Waning Sands",393.68007257471095,3463.655217724132,"2301 SE 17th St, Fort Lauderdale, FL 33316, USA",26.1017103,-80.115931,hotel l4,landmarks/Waning_Sands/L1977_unnamed_ingame.jpg,landmarks/Waning_Sands/L1977_unnamed_reallife.jpg
L1978,?,,Vice City,"?, Vice City",22.275,2339.664,"3050 Biscayne Blvd, Miami, FL 33137, USA",25.8061991,-80.18978800000001,l4,landmarks/Vice_City/L1978_unnamed_ingame.jpg,landmarks/Vice_City/L1978_unnamed_reallife.jpg
L1979,?,Leaf Links,Vice Beach,"?, Leaf Links, Vice Beach",234.73581271672128,2286.6033685639904,,,,residential,landmarks/Vice_Beach/L1979_unnamed_ingame.jpg,
L1980,?,Leaf Links,Vice Beach,"?, Leaf Links, Vice Beach",284.9587233611064,2258.5049147349255,,,,l4 residential,landmarks/Vice_Beach/L1980_unnamed_ingame.jpg,
L1981,?,Leaf Links,Vice Beach,"?, Leaf Links, Vice Beach",381.19223703557145,2221.4307026249116,,,,l4 residential,landmarks/Vice_Beach/L1981_unnamed_ingame.jpg,
L1982,?,Leaf Links,Vice Beach,"?, Leaf Links, Vice Beach",497.024,2211.9321944776607,,,,l4 residential,landmarks/Vice_Beach/L1982_unnamed_ingame.jpg,
L1983,?,Leaf Links,Vice Beach,"?, Leaf Links, Vice Beach",581.8883657462768,2223.965462985107,,,,l4 residential,landmarks/Vice_Beach/L1983_unnamed_ingame.jpg,
L1984,Port,,Lummox County,"Port, Lummox County",-762.267,6976.01,,,,,,
L1985,?,,Dalton Island,"?, Dalton Island",,,"41210 Fisher Island Dr, Miami Beach, FL 33109, USA",25.7624857,-80.14403329999999,,,
L1986,?,Leaf Links,Vice Beach,"?, Leaf Links, Vice Beach",190.6245520661014,2349.5802639118647,,,,residential,,
L1987,?,Leaf Links,Vice Beach,"?, Leaf Links, Vice Beach",177.83,2420.934,,,,residential,,
L1988,?,Leaf Links,Vice Beach,"?, Leaf Links, Vice Beach",193.57718402203375,2492.287263911865,,,,residential,,
L1989,?,Leaf Links,Vice Beach,"?, Leaf Links, Vice Beach",230.976,2568.562,,,,residential,,
L1990,?,Leaf Links,Vice Beach,"?, Leaf Links, Vice Beach",328.4104479338987,2696.998263911865,,,,residential,,
L1991,?,,Waning Sands,"?, Waning Sands",-183.362,3716.625,,,,,,
L1992,?,,Hamlet,"?, Hamlet",-2644.497,-3114.963,,,,l4,landmarks/Hamlet/L1992_unnamed_ingame.jpg,
L1993,?,,Kelly County,"?, Kelly County",-3852.371596727742,5032.967894374357,,,,,,
L1994,?,Downtown,Vice City,"?, Downtown, Vice City",-735.1678195449844,-108.65026334542625,"Courthouse East, 22 NW 1st St, Miami, FL 33128, USA",25.7750208,-80.1941937,l4,landmarks/Vice_City/L1994_unnamed_ingame.jpg,landmarks/Vice_City/L1994_unnamed_reallife.jpg
L1995,?,Downtown,Vice City,"?, Downtown, Vice City",-685.6841734506131,-125.82881659315936,"30 N Miami Ave, Miami, FL 33130, USA",25.7748104,-80.19372849999999,l4,landmarks/Vice_City/L1995_unnamed_ingame.jpg,landmarks/Vice_City/L1995_unnamed_reallife.jpg
L1996,?,Downtown,Vice City,"?, Downtown, Vice City",-683.5625,-98.86499999999995,"44 N Miami Ave, Miami, FL 33128, USA",25.7750193,-80.1937615,l4,landmarks/Vice_City/L1996_unnamed_ingame.jpg,landmarks/Vice_City/L1996_unnamed_reallife.jpg
L1997,?,Downtown,Vice City,"?, Downtown, Vice City",-851.0240000000001,-115.50538799082739,"33 SW 2nd Ave, Miami, FL 33130, USA",25.7733212,-80.19756269999999,l4,landmarks/Vice_City/L1997_unnamed_ingame.jpg,landmarks/Vice_City/L1997_unnamed_reallife.jpg
L1998,?,Downtown,Vice City,"?, Downtown, Vice City",-854.7499598303199,-146.96149436283926,"Museum Tower Parking, 142 SW 1st St, Miami, FL 33130, USA",25.7734773,-80.1970712,l4,landmarks/Vice_City/L1998_unnamed_ingame.jpg,landmarks/Vice_City/L1998_unnamed_reallife.jpg
L1999,?,,Lummox County,"?, Lummox County",-3888.9074754258686,8585.857742300292,"Granton Harbour, Edinburgh EH5 1HX, United Kingdom",55.98303199999999,-3.22507,unconfirmed,landmarks/Lummox_County/L1999_unnamed_ingame.jpg,landmarks/Lummox_County/L1999_unnamed_reallife.jpg
L2000,"""Mount Lummox""",,Lummox County,"""Mount Lummox"", Lummox County",-3856.5115241347057,7868.343565674202,,,,,,
L2001,?,,Lummox County,"?, Lummox County",-2742.136051806525,8116.222288770496,,,,,,
L2002,?,,Key Lento,"?, Key Lento",-2240.744,-5508.640253828449,,,,l4,landmarks/Key_Lento/L2002_unnamed_ingame.jpg,
L2003,?,,Key Lento,"?, Key Lento",-2233.275279814332,-5495.942880742674,,,,l4,landmarks/Key_Lento/L2003_unnamed_ingame.jpg,
L2004,?,,Key Lento,"?, Key Lento",-2227.299720185669,-5483.992720185669,,,,l4,landmarks/Key_Lento/L2004_unnamed_ingame.jpg,
L2005,?,,Key Lento,"?, Key Lento",-2194.4358134571125,-5430.215253828449,,,,l4,landmarks/Key_Lento/L2005_unnamed_ingame.jpg,
L2006,?,,Key Lento,"?, Key Lento",-2186.2198134571127,-5411.542533642781,,,,l4,landmarks/Key_Lento/L2006_unnamed_ingame.jpg,
L2007,?,,Key Lento,"?, Key Lento",-2269.065,-5491.716,,,,l4,landmarks/Key_Lento/L2007_unnamed_ingame.jpg,
L2008,?,,Key Lento,"?, Key Lento",-2260.565,-5477.716,,,,l4,landmarks/Key_Lento/L2008_unnamed_ingame.jpg,
L2009,?,,Key Lento,"?, Key Lento",-2252.565,-5461.716,,,,l4,landmarks/Key_Lento/L2009_unnamed_ingame.jpg,
L2010,?,,Key Lento,"?, Key Lento",-2244.065,-5446.716,,,,l4,landmarks/Key_Lento/L2010_unnamed_ingame.jpg,
L2011,?,Belville,Leonard County,"?, Belville, Leonard County",-1155.346,3121.183,,,,,,
L2012,?,,Bluegrass,"?, Bluegrass",-2495.926012925766,-2737.4042197380186,,,,,landmarks/Bluegrass/L2012_unnamed_ingame.jpg,
L2013,?,,Mariana County,"?, Mariana County",-3475.1427285589184,-2783.559230916934,,,,l4,landmarks/Mariana_County/L2013_unnamed_ingame.jpg,
L2014,?,,Mariana County,"?, Mariana County",-3533.063142183424,-2954.6054524018036,,,,l4,landmarks/Mariana_County/L2014_unnamed_ingame.jpg,
L2015,?,,Hamlet,"?, Hamlet",-3280.072948296937,-2993.5210775545947,,,,l4,landmarks/Hamlet/L2015_unnamed_ingame.jpg,
L2016,?,,Hamlet,"?, Hamlet",-3274.643025851532,-2936.506297292614,,,,l4,landmarks/Hamlet/L2016_unnamed_ingame.jpg,
L2017,?,,Bluegrass,"?, Bluegrass",-2704.489077554595,-2177.206142183424,,,,l4,landmarks/Bluegrass/L2017_unnamed_ingame.jpg,
L2018,?,,Vice City,"?, Vice City",-1010.4572630685889,-2720.4476723642238,,,,,,
L2019,Whiz,,Port Gellhorn,"Whiz, Port Gellhorn",-6355.0560000000005,3905.832,"241 N Tyndall Pkwy, Panama City, FL 32404, USA",30.150698,-85.5916706,demolished retail,landmarks/Port_Gellhorn/L2019_Whiz_ingame.jpg,landmarks/Port_Gellhorn/L2019_Whiz_reallife.jpg
L2020,?,Southside,Vice City,"?, Southside, Vice City",-1556.8400229122271,-1574.4075273271642,,,,l4,landmarks/Vice_City/L2020_unnamed_ingame.jpg,
L2021,?,Southside,Vice City,"?, Southside, Vice City",-1470.4450376141488,-1563.3996692636697,,,,industrial l4,landmarks/Vice_City/L2021_unnamed_ingame.jpg,
L2022,?,,Vice City,"?, Vice City",-1701.029001554203,-1356.2782335552215,,,,l4,landmarks/Vice_City/L2022_unnamed_ingame.jpg,
L2023,?,,Vice City,"?, Vice City",-1641.1181598388066,-1307.1491465131226,,,,l4,landmarks/Vice_City/L2023_unnamed_ingame.jpg,
L2024,?,,Catalan Key,"?, Catalan Key",-543.52,-1826.154,,,,l4,landmarks/Catalan_Key/L2024_unnamed_ingame.jpg,
L2025,?,,Catalan Key,"?, Catalan Key",-415.86,-2050.808,,,,l4,landmarks/Catalan_Key/L2025_unnamed_ingame.jpg,
L2026,?,,Catalan Key,"?, Catalan Key",8.852964516477073,-1758.3003669358563,"4400 Rickenbacker Cswy, Key Biscayne, FL 33149, USA",25.7338787,-80.1652812,l4,landmarks/Catalan_Key/L2026_unnamed_ingame.jpg,landmarks/Catalan_Key/L2026_unnamed_reallife.jpg
L2027,?,,Catalan Key,"?, Catalan Key",82.8227037632139,-1751.5479412905183,"The Golden Dome, Miami Seaquarium, 4400 Rickenbacker Cswy, Key Biscayne, FL 33149, USA",25.7343245,-80.16499,,landmarks/Catalan_Key/L2027_unnamed_ingame.jpg,
L2028,Train Station?,,Belville,"Train Station?, Belville",-364.2872611768337,3005.877627711079,,,,transportation unconfirmed,,
L2029,Train Station?,,Vice-Dale County,"Train Station?, Vice-Dale County",-2400.305040506942,1485.4507485854795,,,,transportation unconfirmed,,
L2030,?,,Leonard County,"?, Leonard County",-145.07080506119746,3046.850204582076,"Magic City Casino, 450 NW 37th Ave, Miami, FL 33125, USA",25.7767796,-80.2569271,l4 leisure unconfirmed,landmarks/Leonard_County/L2030_unnamed_ingame.jpg,landmarks/Leonard_County/L2030_unnamed_reallife.jpg
L2031,Broadcast Tower?,,Leonard County,"Broadcast Tower?, Leonard County",-1093.6933126608926,3521.082730787803,,,,l4 utilities,landmarks/Leonard_County/L2031_Broadcast_Tower_ingame.jpg,
L2032,?,,Leonard County,"?, Leonard County",-427.09827073077304,3020.6638598885565,,,,l4,landmarks/Leonard_County/L2032_unnamed_ingame.jpg,
L2033,?,,Mariana County,"?, Mariana County",-8082.513,-5418.843,"Barracuda Keys, Florida, USA",24.713777,-81.564217,natural,,
L2034,Parlor WO13?,SW 4th St,Vice Beach,"Parlor WO13?, SW 4th St, Vice Beach",1527.505,1757.591,,,,,landmarks/Vice_Beach/L2034_Parlor_WO13_ingame.jpg,landmarks/Vice_Beach/L2034_Parlor_WO13_reallife.jpg
L2035,The Anderson,Ocean Beach,Vice Beach,"The Anderson, Ocean Beach, Vice Beach",1713.1889999999999,8.234000000000037,"401 Jefferson Ave, Miami Beach, FL 33139, USA",25.7737938,-80.1369869,,landmarks/Vice_Beach/L2035_The_Anderson_ingame.jpg,landmarks/Vice_Beach/L2035_The_Anderson_reallife.jpg
L2036,?,Ocean Beach,Vice Beach,"?, Ocean Beach, Vice Beach",1660.072,45.47500000000002,"730 1st St, Miami Beach, FL 33139, USA",25.7696861,-80.1357491,,landmarks/Vice_Beach/L2036_unnamed_ingame.jpg,landmarks/Vice_Beach/L2036_unnamed_reallife.jpg
L2037,?,Ocean Beach,Vice Beach,"?, Ocean Beach, Vice Beach",1813.8756707868515,46.943021928167695,"225 Collins Ave, Miami Beach, FL 33139, USA",25.7715224,-80.13323969999999,,landmarks/Vice_Beach/L2037_unnamed_ingame.jpg,landmarks/Vice_Beach/L2037_unnamed_reallife.jpg
L2038,?,Ocean Beach,Vice Beach,"?, Ocean Beach, Vice Beach",1806.311749548499,2.7191496191986175,"130 3rd St, Miami Beach, FL 33139, USA",25.7720571,-80.1332848,,landmarks/Vice_Beach/L2038_unnamed_ingame.jpg,landmarks/Vice_Beach/L2038_unnamed_reallife.jpg
L2039,?,Ocean Beach,Vice Beach,"?, Ocean Beach, Vice Beach",1809.9512281512662,24.11973635180948,"255 Collins Ave, Miami Beach, FL 33139, USA",25.7718771,-80.1333284,,landmarks/Vice_Beach/L2039_unnamed_ingame.jpg,landmarks/Vice_Beach/L2039_unnamed_reallife.jpg
L2040,?,Ocean Beach,Vice Beach,"?, Ocean Beach, Vice Beach",1738.579,-29.623000000000047,"42 Collins Ave, Miami Beach, FL 33139, USA",25.7694569,-80.13439699999999,,landmarks/Vice_Beach/L2040_unnamed_ingame.jpg,landmarks/Vice_Beach/L2040_unnamed_reallife.jpg
L2041,?,Southside,Vice City,"?, SW 3rd Ave, Southside, Vice City",-1787.913,-2113.987,,,,l4,landmarks/Vice_City/L2041_unnamed_ingame.jpg,
L2042,?,Southside,Vice City,"?, SW 3rd Ave, Southside, Vice City",-1771.0880000000002,-2128.5325,,,,l4,landmarks/Vice_City/L2042_unnamed_ingame.jpg,
L2043,?,Southside,Vice City,"?, SW 3rd Ave, Southside, Vice City",-1756.763,-2140.4314999999997,,,,l4,landmarks/Vice_City/L2043_unnamed_ingame.jpg,
L2044,?,Southside,Vice City,"?, SW 3rd Ave, Southside, Vice City",-1734.317,-2139.2255,,,,l4,landmarks/Vice_City/L2044_unnamed_ingame.jpg,
L2045,?,Southside,Vice City,"?, Southside, Vice City",-1908.4641665942263,-2111.253234629397,,,,l4,landmarks/Vice_City/L2045_unnamed_ingame.jpg,
L2046,?,Southside,Vice City,"?, SW 3rd Ave, Southside, Vice City",-1719.0819999999999,-2149.7895,,,,l4,landmarks/Vice_City/L2046_unnamed_ingame.jpg,
L2047,?,Southside,Vice City,"?, SW 3rd Ave, Southside, Vice City",-1715.105,-2169.5550000000003,,,,l4,landmarks/Vice_City/L2047_unnamed_ingame.jpg,
L2048,?,Southside,Vice City,"?, Southside, Vice City",-1873.594100084247,-2161.473633703917,,,,l4,landmarks/Vice_City/L2048_unnamed_ingame.jpg,
L2049,?,Southside,Vice City,"?, Southside, Vice City",-1712.969,-2131.455,,,,,landmarks/Vice_City/L2049_unnamed_ingame.jpg,
L2050,?,Southside,Vice City,"?, Southside, Vice City",-1765.6740000000002,-2100.4945,,,,l4,landmarks/Vice_City/L2050_unnamed_ingame.jpg,
L2051,?,Southside,Vice City,"?, Southside, Vice City",-1776.2313306743313,-2017.8901918260185,,,,l4,landmarks/Vice_City/L2051_unnamed_ingame.jpg,
L2052,?,Southside,Vice City,"?, Southside, Vice City",-1832.7340000000002,-2054.4655000000002,,,,l4,landmarks/Vice_City/L2052_unnamed_ingame.jpg,
L2053,?,Southside,Vice City,"?, Southside, Vice City",-1850.8790000000001,-2039.951,,,,l4,landmarks/Vice_City/L2053_unnamed_ingame.jpg,
L2054,?,Southside,Vice City,"?, Southside, Vice City",-1813.574,-2070.2905,,,,l4,landmarks/Vice_City/L2054_unnamed_ingame.jpg,
L2055,?,Southside,Vice City,"?, Southside, Vice City",-1742.383,-2064.9455,,,,l4,landmarks/Vice_City/L2055_unnamed_ingame.jpg,
L2056,?,Southside,Vice City,"?, Southside, Vice City",-1710.9180000000001,-2085.658,,,,l4,landmarks/Vice_City/L2056_unnamed_ingame.jpg,
L2057,?,Southside,Vice City,"?, Southside, Vice City",-1774.0503392384157,-1966.0138332063827,,,,l4,landmarks/Vice_City/L2057_unnamed_ingame.jpg,
L2058,?,Southside,Vice City,"?, Southside, Vice City",-1754.5922187419928,-1979.8710436662868,,,,l4,landmarks/Vice_City/L2058_unnamed_ingame.jpg,
L2059,?,Southside,Vice City,"?, Southside, Vice City",-1720.3507739498734,-2025.3992244132364,,,,l4,landmarks/Vice_City/L2059_unnamed_ingame.jpg,
L2060,?,Southside,Vice City,"?, Southside, Vice City",-1697.269575830332,-2015.081060235094,,,,l4,landmarks/Vice_City/L2060_unnamed_ingame.jpg,
L2061,?,Southside,Vice City,"?, Southside, Vice City",-1820.6403357430315,-2173.070693173349,,,,l4 residential,landmarks/Vice_City/L2061_unnamed_ingame.jpg,
L2062,?,Southside,Vice City,"?, Southside, Vice City",-1846.8939927709048,-2194.550350201222,,,,l4 residential,landmarks/Vice_City/L2062_unnamed_ingame.jpg,
L2063,?,,Bluegrass,"?, Bluegrass",-2147.4533868715203,-2282.602618994433,,,,,,
L2064,?,,Bluegrass,"?, Bluegrass",-2112.823202388271,-2437.3086135572757,,,,l4,landmarks/Bluegrass/L2064_unnamed_ingame.jpg,
L2065,?,,Bluegrass,"?, Bluegrass",-2177.264,-2451.42117679243,"22840 S Dixie Hwy, Goulds, FL 33170, USA",25.5548163,-80.39328669999999,l4 unconfirmed,landmarks/Bluegrass/L2065_unnamed_ingame.jpg,landmarks/Bluegrass/L2065_unnamed_reallife.jpg
L2066,?,,Bluegrass,"?, Bluegrass",-3012.574467172937,-2260.0246717293694,,,,l4,landmarks/Bluegrass/L2066_unnamed_ingame.jpg,
L2067,?,,Bluegrass,"?, Bluegrass",-3201.261467172937,-2250.7068030376213,,,,l4,landmarks/Bluegrass/L2067_unnamed_ingame.jpg,
L2068,?,,Hamlet,"?, Hamlet",-2797.052512396103,-3339.091764469087,,,,,landmarks/Hamlet/L2068_unnamed_ingame.jpg,
L2069,?,,Hamlet,"?, Hamlet",-2799.4765572582833,-3361.6271691397433,,,,,landmarks/Hamlet/L2069_unnamed_ingame.jpg,
L2070,?,,Hamlet,"?, Hamlet",-2914.9785,-3371.318,,,,l4,landmarks/Hamlet/L2070_unnamed_ingame.jpg,
L2071,?,,Hamlet,"?, Hamlet",-2905.027,-3355.8305,,,,l4,landmarks/Hamlet/L2071_unnamed_ingame.jpg,
L2072,?,,Hamlet,"?, Hamlet",-2895.361,-3340.554,,,,l4,landmarks/Hamlet/L2072_unnamed_ingame.jpg,
L2073,?,,Hamlet,"?, Hamlet",-2883.334,-3324.971,,,,l4,landmarks/Hamlet/L2073_unnamed_ingame.jpg,
L2074,?,,Hamlet,"?, Hamlet",-2857.5280000000002,-3343.776,,,,,landmarks/Hamlet/L2074_unnamed_ingame.jpg,
L2075,?,,Hamlet,"?, Hamlet",-2874.7780000000002,-3362.6095,,,,l4,landmarks/Hamlet/L2075_unnamed_ingame.jpg,
L2076,?,,Hamlet,"?, Hamlet",-2883.4175,-3375.3865,,,,l4,landmarks/Hamlet/L2076_unnamed_ingame.jpg,
L2077,?,,Hamlet,"?, Hamlet",-2892.611,-3388.441,,,,l4,landmarks/Hamlet/L2077_unnamed_ingame.jpg,
L2078,?,,Hamlet,"?, Hamlet",-2750.626052973106,-3279.195417295831,,,,l4 residential,landmarks/Hamlet/L2078_unnamed_ingame.jpg,
L2079,?,,Hamlet,"?, Hamlet",-2733.20233187763,-3281.131841080681,,,,l4 residential,landmarks/Hamlet/L2079_unnamed_ingame.jpg,
L2080,?,,Hamlet,"?, Hamlet",-2713.843391339755,-3283.067735134469,,,,l4 residential,landmarks/Hamlet/L2080_unnamed_ingame.jpg,
L2081,?,,Hamlet,"?, Hamlet",-2694.4844508018805,-3283.067735134469,,,,l4 residential,landmarks/Hamlet/L2081_unnamed_ingame.jpg,
L2082,?,,Hamlet,"?, Hamlet",-2675.1255102640057,-3284.0356821613627,,,,residential,landmarks/Hamlet/L2082_unnamed_ingame.jpg,
L2083,?,,Hamlet,"?, Hamlet",-2655.766569726131,-3285.003629188256,,,,l4 residential,landmarks/Hamlet/L2083_unnamed_ingame.jpg,
L2084,?,,Hamlet,"?, Hamlet",-2636.407629188256,-3285.97157621515,,,,l4 residential,landmarks/Hamlet/L2084_unnamed_ingame.jpg,
L2085,?,,Hamlet,"?, Hamlet",-2747.721735134469,-3220.151364322725,,,,l4 residential,landmarks/Hamlet/L2085_unnamed_ingame.jpg,
L2086,?,,Hamlet,"?, Hamlet",-2729.330470268937,-3220.151523242044,,,,l4 residential,landmarks/Hamlet/L2086_unnamed_ingame.jpg,
L2087,?,,Hamlet,"?, Hamlet",-2709.971529731062,-3222.087417295831,,,,l4 residential,landmarks/Hamlet/L2087_unnamed_ingame.jpg,
L2088,?,,Hamlet,"?, Hamlet",-2691.580788107575,-3224.0235232420437,,,,l4 residential,landmarks/Hamlet/L2088_unnamed_ingame.jpg,
L2089,?,,Hamlet,"?, Hamlet",-2671.253900542806,-3225.959417295831,,,,l4 residential,landmarks/Hamlet/L2089_unnamed_ingame.jpg,
L2090,?,,Hamlet,"?, Hamlet",-2777.5660000000003,-3119.6969999999997,,,,l4,landmarks/Hamlet/L2090_unnamed_ingame.jpg,
L2091,?,,Hamlet,"?, Hamlet",-2743.446,-3120.1005,,,,l4,landmarks/Hamlet/L2091_unnamed_ingame.jpg,
L2092,?,,Hamlet,"?, Hamlet",-2759.9860000000003,-3093.0425,,,,,landmarks/Hamlet/L2092_unnamed_ingame.jpg,
L2093,?,,Hamlet,"?, Hamlet",-2531.8487895710186,-3192.4917715729307,,,,,,
L2094,?,,Hamlet,"?, Hamlet",-2528.800789571019,-3152.8645611439497,,,,,,
L2095,?,,Hamlet,"?, Hamlet",-2840.733719428025,-3532.8742104289813,,,,,,
L2096,?,,Hamlet,"?, Hamlet",-2958.598,-3433.299,,,,,,
L2097,?,,Hamlet,"?, Hamlet",-3180.101,-3377.415,,,,,,
L2098,?,,Hamlet,"?, Hamlet",-3224.715860446433,-3080.887217038694,,,,,,
L2099,?,,Hamlet,"?, Hamlet",-2220.6521592194495,-3190.367469086303,,,,l4 retail,landmarks/Hamlet/L2099_unnamed_ingame.jpg,
L2100,Bite,,Hamlet,"Bite, Hamlet",-2223.733,-3243.8925,"Subway, 1485 NE 1st Ave, Florida City, FL 33034, USA",25.4623555,-80.47460579999999,l4 restaurant,landmarks/Hamlet/L2100_Bite_ingame.jpg,landmarks/Hamlet/L2100_Bite_reallife.jpg
L2101,?,,Hamlet,"?, Hamlet",-2241.807745394857,-3382.0947453948575,,,,l4 utilities,landmarks/Hamlet/L2101_unnamed_ingame.jpg,
L2102,?,,Hamlet,"?, Hamlet",-2339.1458772852725,-3276.619791425875,,,,l4 restaurant,landmarks/Hamlet/L2102_unnamed_ingame.jpg,
L2103,?,,Bluegrass,"?, Bluegrass",-2276.095,-2084.61,,,,l4,landmarks/Bluegrass/L2103_unnamed_ingame.jpg,
L2104,Train Station,,Yorktown,"Train Station, Yorktown",-5375.382778858675,6895.675965229944,,,,transportation unconfirmed,,
L2105,?,,Port Gellhorn,"?, Port Gellhorn",-6818.46448185894,3899.5253974547663,,,,,landmarks/Port_Gellhorn/L2105_unnamed_ingame.jpg,
L2106,?,,Port Gellhorn,"?, Port Gellhorn",-6796.97677358693,3923.4924566812383,,,,,landmarks/Port_Gellhorn/L2106_unnamed_ingame.jpg,
L2107,?,,Port Gellhorn,"?, Port Gellhorn",-6792.8445219961595,3902.005574859547,,,,,landmarks/Port_Gellhorn/L2107_unnamed_ingame.jpg,
L2108,?,,Port Gellhorn,"?, Port Gellhorn",-6801.108198727384,3886.302192364299,,,,,landmarks/Port_Gellhorn/L2108_unnamed_ingame.jpg,
L2109,?,,Port Gellhorn,"?, Port Gellhorn",-6815.298,3871.236,,,,,landmarks/Port_Gellhorn/L2109_unnamed_ingame.jpg,
L2110,?,,Port Gellhorn,"?, Port Gellhorn",-6838.033,3890.332958740996,,,,,landmarks/Port_Gellhorn/L2110_unnamed_ingame.jpg,
L2111,?,,Port Gellhorn,"?, Port Gellhorn",-6835.3043669927965,3914.886733985594,,,,,landmarks/Port_Gellhorn/L2111_unnamed_ingame.jpg,
L2112,?,,Port Gellhorn,"?, Port Gellhorn",-6821.663,3932.165692726591,,,,,landmarks/Port_Gellhorn/L2112_unnamed_ingame.jpg,
L2113,?,,Port Gellhorn,"?, Port Gellhorn",-6809.840224755402,3952.1725504891956,,,,,landmarks/Port_Gellhorn/L2113_unnamed_ingame.jpg,
L2114,?,,Port Gellhorn,"?, Port Gellhorn",-6762.977,3893.492,,,,,landmarks/Port_Gellhorn/L2114_unnamed_ingame.jpg,
L2115,?,,Port Gellhorn,"?, Port Gellhorn",-6773.977,3866.492,,,,,,
L2116,?,,Port Gellhorn,"?, Port Gellhorn",-6795.977,3820.492,,,,,landmarks/Port_Gellhorn/L2116_unnamed_ingame.jpg,
L2117,?,,Port Gellhorn,"?, Port Gellhorn",-6858.977,3874.492,,,,,landmarks/Port_Gellhorn/L2117_unnamed_ingame.jpg,
L2118,?,,Catalan Key,"?, Catalan Key",-438.41746254398174,-1854.6270447531015,"7300 Crandon Blvd, Key Biscayne, FL 33149, USA",25.7085992,-80.15813299999999,,,landmarks/Catalan_Key/L2118_unnamed_reallife.jpg
L2119,?,,Dalton Island,"?, Dalton Island",1666.9120664199895,-1580.307333950027,"1 Fisher Island Dr, Miami Beach, FL 33109, USA",25.7635041,-80.13883840000001,,,
L2120,?,,Dalton Island,"?, Dalton Island",1690.5869647952845,-1145.5113274658809,"6000 Fisher Island Dr, Miami Beach, FL 33109, USA",25.7624111,-80.14249989999999,,,
L2121,?,,Dalton Island,"?, Dalton Island",1906.3399142900575,-1042.0351321488292,"Palazzo Della Luna, 6800 Fisher Island Dr, Miami Beach, FL 33109, USA",25.7639652,-80.1382448,,,
L2122,?,,Dalton Island,"?, Dalton Island",1816.425,-1052.981,"Fisher Island Club, 1 Fisher Island Dr, Miami Beach, FL 33109, USA",25.7634898,-80.1388022,,,
L2123,?,,Dalton Island,"?, Dalton Island",1792.9825293942083,-940.384457062192,"Fisher Island Ferry Terminal, 1 Fisher Island Dr, Miami Beach, FL 33109, USA",25.7635041,-80.13883840000001,,,
L2124,?,,Dalton Island,"?, Dalton Island",1366.6696515850608,-1048.6766085975103,"Aria Luxe Realty, Fisher Island Dr, Miami Beach, FL 33109, USA",25.762624,-80.14819539999999,,,
L2125,?,,Dalton Island,"?, Dalton Island",1377.6360429875508,-1167.9343914024898,"4521 Fisher Island Dr, Miami Beach, FL 33109, USA",25.763043,-80.1480134,,,
L2126,?,,Dalton Island,"?, Dalton Island",1875.303,-1352.5271259037493,,,,,,
L2127,?,,Dalton Island,"?, Dalton Island",1770.4012493975006,-1406.8186888556238,,,,,,
L2128,?,,Dalton Island,"?, Dalton Island",1758.3138157961303,-1542.01244738839,"QV46+X44 Fisher Island, Florida, USA",25.7573875,-80.1396719,,,
L2129,?,,Dalton Island,"?, Dalton Island",1761.6890000000003,-1563.9521579613001,"QV46+V54 Fisher Island, Florida, USA",25.7571375,-80.1395469,,,
L2130,?,,Dalton Island,"?, Dalton Island",1758.3134473883902,-1585.0479737574303,"QV46+P5F Fisher Island, Florida, USA",25.7568125,-80.1395781,,,
L2131,?,,Dalton Island,"?, Dalton Island",1729.826,-1607.718,"QV46+J48 Fisher Island, Florida, USA",25.7565375,-80.1396719,,,
L2132,?,,Dalton Island,"?, Dalton Island",1737.6467128619277,-1614.9805049832526,"QV46+J57 Fisher Island, Florida, USA",25.7565375,-80.1395781,,,
L2133,?,,Dalton Island,"?, Dalton Island",1686.252,-1625.595,"Fisher Island Beach Club Restaurant, 15211 Fisher Island Dr, Miami Beach, FL 33109, USA",25.7560586,-80.1400666,,,
L2134,?,,Dalton Island,"?, Dalton Island",1663.906435690361,-1646.823207878675,"QV45+8WR Miami, Florida, USA",25.7558625,-80.1402344,,,
L2135,?,,Fisher Island,"?, Fisher Island",1590.54,-1553.058,"2034 Fisher Island Dr, Miami, FL 33109, USA",25.756738,-80.1411398,,,
L2136,?,,Dalton Island,"?, Dalton Island",1620.04,-1495.058,"Fisher Island Club Health Center and Spa, Miami Beach, FL 33109, USA",25.7572592,-80.1410274,,,
L2137,?,,Dalton Island,"?, Dalton Island",1671.840679244858,-1458.731584908423,"Fisher Island Club Salon, Miami Beach, FL 33109, USA",25.7578812,-80.14059189999999,,,
L2138,?,,Dalton Island,"?, Dalton Island",1702.846037734574,-1470.006320755142,"QV55+4V7 Fisher Island, Florida, USA",25.7577875,-80.14032809999999,,,
L2139,?,,Dalton Island,"?, Dalton Island",1697.208641510284,-1505.239245285994,"QV45+XW6 Fisher Island, Florida, USA",25.7574125,-80.1402344,,,
L2140,?,,Gloriana Key,"?, Gloriana Key",437.2423731183417,-1421.3613587077439,"PRWW+8P2 Miami, Florida, USA",25.7457625,-80.1532344,,,
L2141,?,,Catalan Key,"?, Catalan Key",-482.1400169213972,-1801.832213735167,,,,,,
L2142,?,,Catalan Key,"?, Catalan Key",-321.90821279251224,-2054.4942275057824,,,,,,
L2143,?,,Catalan Key,"?, Catalan Key",-342.99394920666316,-1991.8420126404194,,,,,,
L2144,?,,Vice City International Airport,"?, Vice City International Airport",-1700.1581132055371,-1255.1767267002463,,,,,landmarks/Vice_City_International_Airport/L2144_unnamed_ingame.jpg,
L2145,?,,Vice Beach,"?, Vice Beach",1380.4857106047525,1655.9106051533463,"Sunset Harbour Yacht Club, 1928 Sunset Harbour Dr, Miami Beach, FL 33139, USA",25.7956057,-80.1449767,,landmarks/Vice_Beach/L2145_unnamed_ingame.jpg,landmarks/Vice_Beach/L2145_unnamed_reallife.jpg
L2146,?,Ocean Beach,Vice Beach,"?, Ocean Beach, Vice Beach",1656.8105,72.62049999999999,"800 1st St, Miami Beach, FL 33139, USA",25.769646,-80.1360459,,landmarks/Vice_Beach/L2146_unnamed_ingame.jpg,landmarks/Vice_Beach/L2146_unnamed_reallife.jpg
L2147,?,Little Cuba,Vice City,"?, Little Cuba, Vice City",-1088.357,58.391999999999996,"1434 SW 7th St, Miami, FL 33135, USA",25.7664719,-80.2183905,l4,landmarks/Vice_City/L2147_unnamed_ingame.jpg,landmarks/Vice_City/L2147_unnamed_reallife.jpg
L2148,?,Ocean Beach,Vice Beach,"?, Ocean Beach, Vice Beach",1769.8245,25.939500000000066,"316 Washington Ave, Miami Beach, FL 33139, USA",25.7728134,-80.1347547,,landmarks/Vice_Beach/L2148_unnamed_ingame.jpg,landmarks/Vice_Beach/L2148_unnamed_reallife.jpg
L2149,?,Ocean Beach,Vice Beach,"?, Ocean Beach, Vice Beach",1680.2090660600757,533.4672656002219,"1300 Washington Ave, Miami Beach, FL 33119, USA",25.7845207,-80.1327432,,landmarks/Vice_Beach/L2149_unnamed_ingame.jpg,landmarks/Vice_Beach/L2149_unnamed_reallife.jpg
L2150,Fleeca,Ocean Beach,Vice Beach,"Fleeca, Ocean Beach, Vice Beach",1694.644,44.629999999999995,"830 5th St, Miami Beach, FL 33139, USA",25.7741547,-80.1368832,retail,landmarks/Vice_Beach/L2150_Fleeca_ingame.jpg,landmarks/Vice_Beach/L2150_Fleeca_reallife.jpg
L2151,Frills & Fancy,Ocean Beach,Vice Beach,"Frills & Fancy, Shorefront Ave, Ocean Beach, Vice Beach",1600.7566667349638,543.0017466313664,"1224 Washington Ave, Miami Beach, FL 33139, USA",25.7834843,-80.13240230000001,retail,landmarks/Vice_Beach/L2151_Frills_Fancy_ingame.jpg,landmarks/Vice_Beach/L2151_Frills_Fancy_reallife.jpg
L2152,?,Ocean Beach,Vice Beach,"?, Ocean Beach, Vice Beach",1604.3917343884114,568.9982195703266,"101 Collins Ave, Miami Beach, FL 33139, USA",25.7700071,-80.13374730000001,residential,landmarks/Vice_Beach/L2152_unnamed_ingame.jpg,landmarks/Vice_Beach/L2152_unnamed_reallife.jpg
L2153,?,Ocean Beach,Vice Beach,"?, Ocean Beach, Vice Beach",1661.0971839831805,625.7832788107987,"610 8th St, Miami Beach, FL 33139, USA",25.778137,-80.1343615,residential,landmarks/Vice_Beach/L2153_unnamed_ingame.jpg,landmarks/Vice_Beach/L2153_unnamed_reallife.jpg
L2154,?,Ocean Beach,Vice Beach,"?, Ocean Beach, Vice Beach",1707.3690000000001,1290.6174999999998,"Miami Beach Community Church, 1620 Drexel Ave, Miami Beach, FL 33139, USA",25.7904238,-80.1335677,public,landmarks/Vice_Beach/L2154_unnamed_ingame.jpg,landmarks/Vice_Beach/L2154_unnamed_reallife.jpg
L2155,Lombank,Ocean Beach,Vice Beach,"Lombank, Ocean Beach, Vice Beach",1659.4189999999999,16.289499999999975,"704 1st St, Miami Beach, FL 33139, USA",25.7697111,-80.13544379999999,,landmarks/Vice_Beach/L2155_Lombank_ingame.jpg,landmarks/Vice_Beach/L2155_Lombank_reallife.jpg
L2156,?,Ocean Beach,Vice Beach,"?, Ocean Beach, Vice Beach",1704.169467160211,-119.64390922129053,"11 Washington Ave, Miami Beach, FL 33139, USA",25.7688388,-80.135261,unconfirmed,landmarks/Vice_Beach/L2156_unnamed_ingame.jpg,landmarks/Vice_Beach/L2156_unnamed_reallife.jpg
L2157,?,Ocean Beach,Vice Beach,"?, Ocean Beach, Vice Beach",1706.079,-92.62300000000002,,,,,landmarks/Vice_Beach/L2157_unnamed_ingame.jpg,
L2158,?,Ocean Beach,Vice Beach,"?, Ocean Beach, Vice Beach",1757.579,-82.62300000000005,"42 Collins Ave, Miami Beach, FL 33139, USA",25.7694569,-80.13439699999999,,landmarks/Vice_Beach/L2158_unnamed_ingame.jpg,landmarks/Vice_Beach/L2158_unnamed_reallife.jpg
L2159,?,Ocean Beach,Vice Beach,"?, Ocean Beach, Vice Beach",1794.079,-115.12299999999999,"101 Collins Ave, Miami Beach, FL 33139, USA",25.7700071,-80.13374730000001,,landmarks/Vice_Beach/L2159_unnamed_ingame.jpg,landmarks/Vice_Beach/L2159_unnamed_reallife.jpg
L2160,?,Ocean Beach,Vice Beach,"?, Ocean Beach, Vice Beach",1409.579,419.37699999999995,"101 Collins Ave, Miami Beach, FL 33139, USA",25.7700071,-80.13374730000001,reused,landmarks/Vice_Beach/L2160_unnamed_ingame.jpg,landmarks/Vice_Beach/L2160_unnamed_reallife.jpg
L2161,Pharmacy,Ocean Beach,Vice Beach,"Pharmacy, Ocean Beach, Vice Beach",1464.579,476.87699999999995,"1011 Alton Rd, Miami Beach, FL 33139, USA",25.7807787,-80.1405426,,landmarks/Vice_Beach/L2161_Pharmacy_ingame.jpg,landmarks/Vice_Beach/L2161_Pharmacy_reallife.jpg
L2162,?,Ocean Beach,Vice Beach,"?, Ocean Beach, Vice Beach",1501.579,483.37699999999995,"1000 Lenox Ave, Miami Beach, FL 33139, USA",25.7807433,-80.14007,residential,landmarks/Vice_Beach/L2162_unnamed_ingame.jpg,landmarks/Vice_Beach/L2162_unnamed_reallife.jpg
L2163,?,Ocean Beach,Vice Beach,"?, Ocean Beach, Vice Beach",1539.6821507102657,496.5470131648201,"1200 Washington Ave, Miami Beach, FL 33139, USA",25.7830149,-80.1324851,,landmarks/Vice_Beach/L2163_unnamed_ingame.jpg,landmarks/Vice_Beach/L2163_unnamed_reallife.jpg
L2164,?,,Vice Beach,"?, Vice Beach",,,,,,,landmarks/Vice_Beach/L2164_unnamed_ingame.jpg,
L2165,Bean Machine,Ocean Beach,Vice Beach,"Bean Machine, Ocean Beach, Vice Beach",1632.579,469.87699999999995,"601 Washington Ave, Miami Beach, FL 33139, USA",25.7756488,-80.13363369999999,,landmarks/Vice_Beach/L2165_Bean_Machine_ingame.jpg,landmarks/Vice_Beach/L2165_Bean_Machine_reallife.jpg
L2166,?,Ocean Beach,Vice Beach,"?, Ocean Beach, Vice Beach",1650.4640075290963,591.4904496801643,"730 Pennsylvania Ave, Miami Beach, FL 33139, USA",25.7777892,-80.1342569,,landmarks/Vice_Beach/L2166_unnamed_ingame.jpg,landmarks/Vice_Beach/L2166_unnamed_reallife.jpg
L2167,?,Ocean Beach,Vice Beach,"?, Ocean Beach, Vice Beach",1645.419094176902,629.207050286852,"750 Pennsylvania Ave, Miami Beach, FL 33139, USA",25.7781425,-80.1341712,residential,landmarks/Vice_Beach/L2167_unnamed_ingame.jpg,landmarks/Vice_Beach/L2167_unnamed_reallife.jpg
L2168,?,Ocean Beach,Vice Beach,"?, Ocean Beach, Vice Beach",1691.08,656.627,"1601 Euclid Ave, Miami Beach, FL 33139, USA",25.7892016,-80.135142,unconfirmed,landmarks/Vice_Beach/L2168_unnamed_ingame.jpg,landmarks/Vice_Beach/L2168_unnamed_reallife.jpg
L2169,?,Ocean Beach,Vice Beach,"?, Ocean Beach, Vice Beach",1650.579,674.377,"829 15th St, Miami Beach, FL 33139, USA",25.787632,-80.13714209999999,,landmarks/Vice_Beach/L2169_unnamed_ingame.jpg,landmarks/Vice_Beach/L2169_unnamed_reallife.jpg
L2170,?,Ocean Beach,Vice Beach,"?, Ocean Beach, Vice Beach",,,,,,,landmarks/Vice_Beach/L2170_unnamed_ingame.jpg,
L2171,?,Ocean Beach,Vice Beach,"?, Ocean Beach, Vice Beach",1655.579,703.877,"1439 West Ave, Miami Beach, FL 33139, USA",25.7865762,-80.1420019,,landmarks/Vice_Beach/L2171_unnamed_ingame.jpg,landmarks/Vice_Beach/L2171_unnamed_reallife.jpg
L2172,?,Ocean Beach,Vice Beach,"?, Ocean Beach, Vice Beach",1688.4575,694.899,"1615 Euclid Ave, Miami Beach, FL 33139, USA",25.7896594,-80.1349807,,landmarks/Vice_Beach/L2172_unnamed_ingame.jpg,landmarks/Vice_Beach/L2172_unnamed_reallife.jpg
L2173,Electrical,Ocean Beach,Vice Beach,"Electrical, Ocean Beach, Vice Beach",1689.2359999999999,715.369,"QVQ8+X2H Miami Beach, Florida, USA",25.7899375,-80.13489059999999,,landmarks/Vice_Beach/L2173_Electrical_ingame.jpg,landmarks/Vice_Beach/L2173_Electrical_reallife.jpg
L2174,?,Ocean Beach,Vice Beach,"?, Ocean Beach, Vice Beach",1660.6025,737.4005,"1500 Pennsylvania Ave, Miami Beach, FL 33139, USA",25.7876718,-80.1345748,residential,landmarks/Vice_Beach/L2174_unnamed_ingame.jpg,landmarks/Vice_Beach/L2174_unnamed_reallife.jpg
L2175,?,Ocean Beach,Vice Beach,"?, Ocean Beach, Vice Beach",1698.257,754.996,,,,,landmarks/Vice_Beach/L2175_unnamed_ingame.jpg,
L2176,?,Ocean Beach,Vice Beach,"?, Ocean Beach, Vice Beach",1701.3785,774.9915000000001,,,,,landmarks/Vice_Beach/L2176_unnamed_ingame.jpg,
L2177,?,Ocean Beach,Vice Beach,"?, Ocean Beach, Vice Beach",1704.757,798.23,"1600 Euclid Ave, Miami Beach, FL 33139, USA",25.7892499,-80.1358018,,landmarks/Vice_Beach/L2177_unnamed_ingame.jpg,landmarks/Vice_Beach/L2177_unnamed_reallife.jpg
L2178,Hobbs Milford,Ocean Beach,Vice Beach,"Hobbs Milford, Ocean Beach, Vice Beach",1650.6531067811866,811.1047186257614,"1679 Washington Ave, Miami Beach, FL 33139, USA",25.7920181,-80.1316392,demolished retail,landmarks/Vice_Beach/L2178_Hobbs_Milford_ingame.jpg,landmarks/Vice_Beach/L2178_Hobbs_Milford_reallife.jpg
L2179,?,Ocean Beach,Vice Beach,"?, Ocean Beach, Vice Beach",1714.2931067811867,836.2075050633885,,,,,landmarks/Vice_Beach/L2179_unnamed_ingame.jpg,
L2180,?,Ocean Beach,Vice Beach,"?, Ocean Beach, Vice Beach",1571.1760000000002,1183.187,"836 Española Wy, Miami Beach, FL 33139, USA",25.7866625,-80.1372246,,landmarks/Vice_Beach/L2180_unnamed_ingame.jpg,landmarks/Vice_Beach/L2180_unnamed_reallife.jpg
L2181,Void,Ocean Beach,Vice Beach,"Void, Ocean Beach, Vice Beach",1563.1009999999999,1216.2354999999998,"546 Lincoln Rd, Miami Beach, FL 33139, USA",25.7904421,-80.13417989999999,,landmarks/Vice_Beach/L2181_Void_ingame.jpg,landmarks/Vice_Beach/L2181_Void_reallife.jpg
L2182,?,,Vice Beach,"?, Vice Beach",,,,,,//todo,landmarks/Vice_Beach/L2182_unnamed_ingame.jpg,
L2183,Ocean Beach Pharmacy,,Vice Beach,"Ocean Beach Pharmacy, Vice Beach",1761.314,1281.717,"Lincoln Building, 350 Lincoln Rd, Miami Beach, FL 33139, USA",25.7903484,-80.1316293,,landmarks/Vice_Beach/L2183_Ocean_Beach_Pharmacy_ingame.jpg,landmarks/Vice_Beach/L2183_Ocean_Beach_Pharmacy_reallife.jpg
L2184,?,,Vice Beach,"?, Vice Beach",,,,,,//todo,landmarks/Vice_Beach/L2184_unnamed_ingame.jpg,
L2185,?,,Vice Beach,"?, Vice Beach",,,,,,//todo,landmarks/Vice_Beach/L2185_unnamed_ingame.jpg,
L2186,?,,Vice Beach,"?, Vice Beach",,,,,,//todo,landmarks/Vice_Beach/L2186_unnamed_ingame.jpg,
L2187,Train Tunnel,,Kelly County,"Train Tunnel, Kelly County",-4172.775492756043,4335.353997886661,,,,,,
L2188,Juxta Gallery,Ocean Beach,Vice Beach,"Juxta Gallery, Ocean Beach, Vice Beach",1564.011,1273.841,"1626 Michigan Ave, Miami Beach, FL 33139, USA",25.7900098,-80.1389872,,landmarks/Vice_Beach/L2188_Juxta_Gallery_ingame.jpg,landmarks/Vice_Beach/L2188_Juxta_Gallery_reallife.jpg
L2189,Lickety Split,Ocean Beach,Vice Beach,"Lickety Split, Ocean Beach, Vice Beach",1565.011,1256.091,"1626 Michigan Ave, Miami Beach, FL 33139, USA",25.7900098,-80.1389872,,landmarks/Vice_Beach/L2189_Lickety_Split_ingame.jpg,landmarks/Vice_Beach/L2189_Lickety_Split_reallife.jpg
L2190,?,,Starfish Island,"?, Starfish Island",602.2248364396851,335.90830848252244,,,,l4,landmarks/Starfish_Island/L2190_unnamed_ingame.jpg,
L2191,?,,Starfish Island,"?, Starfish Island",588.9490278822104,455.29348661288077,,,,l4,landmarks/Starfish_Island/L2191_unnamed_ingame.jpg,
L2192,?,,Vice Beach,"?, Vice Beach",,,,,,,landmarks/Vice_Beach/L2192_unnamed_ingame.jpg,
L2193,Pharaoh,Ocean Beach,Vice Beach,"Pharaoh, Ocean Beach, Vice Beach",1779.757,1344.147,,,,,landmarks/Vice_Beach/L2193_Pharaoh_ingame.jpg,
L2194,?,Ocean Beach,Vice Beach,"?, Ocean Beach, Vice Beach",1664.578,1201.422,"710 11th St, Miami Beach, FL 33139, USA",25.7817033,-80.1355725,,landmarks/Vice_Beach/L2194_unnamed_ingame.jpg,landmarks/Vice_Beach/L2194_unnamed_reallife.jpg
L2195,Electrotoke,Ocean Beach,Vice Beach,"Electrotoke, Ocean Beach, Vice Beach",1768.078,1248.672,"1635 Washington Ave, Miami Beach, FL 33139, USA",25.7900163,-80.1316733,,landmarks/Vice_Beach/L2195_Electrotoke_ingame.jpg,landmarks/Vice_Beach/L2195_Electrotoke_reallife.jpg
L2196,?,Washington Beach,Vice Beach,"?, Washington Beach, Vice Beach",1824.69,1736.244,"3127 Indian Creek Dr, Miami Beach, FL 33140, USA",25.8072067,-80.1246551,residential,landmarks/Vice_Beach/L2196_unnamed_ingame.jpg,landmarks/Vice_Beach/L2196_unnamed_reallife.jpg
L2197,?,,Mariana County,"?, Mariana County",-3995.208,-2219.443,,,,,landmarks/Mariana_County/L2197_unnamed_ingame.jpg,
L2198,Train Bridge,,Leonida,"Train Bridge, Leonida",-2773.5860964234125,1693.9846201975402,,,,transportation,,
L2199,?,,Tequesta Retreat,"?, Tequesta Retreat",-297.264,-1158.299,"Mandarin Oriental Parking Garage, 500 Brickell Key Dr, Miami, FL 33131, USA",25.7649907,-80.1853951,,landmarks/Tequesta_Retreat/L2199_unnamed_ingame.jpg,landmarks/Tequesta_Retreat/L2199_unnamed_reallife.jpg
L2200,?,Washington Beach,Vice Beach,"?, Washington Beach, Vice Beach",1971.590401846523,1858.0794030865939,"Soho Beach House, 4385 Collins Ave, Miami Beach, FL 33140, USA",25.8160016,-80.12199009999999,,landmarks/Vice_Beach/L2200_unnamed_ingame.jpg,landmarks/Vice_Beach/L2200_unnamed_reallife.jpg
L2201,?,,Vice Beach,"?, Vice Beach",1631.955,2094.333,,,,,,
L2202,?,,Vice Beach,"?, Vice Beach",1174.955,2374.583,"91st Roundabout, 1101-1131 91st St, Miami Beach, FL 33154, USA",25.877727,-80.1293508,,landmarks/Vice_Beach/L2202_unnamed_ingame.jpg,landmarks/Vice_Beach/L2202_unnamed_reallife.jpg
L2203,?,,Mariana County,"?, Mariana County",-3485.245,-4581.389,,,,,landmarks/Mariana_County/L2203_unnamed_ingame.jpg,
L2204,?,,Mariana County,"?, Mariana County",-3453.0429999999997,-4537.3365,,,,,landmarks/Mariana_County/L2204_unnamed_ingame.jpg,
L2205,?,,Mariana County,"?, Mariana County",-3472.4129999999996,-4445.912,,,,,landmarks/Mariana_County/L2205_unnamed_ingame.jpg,
L2206,?,Goliath,Mariana County,"?, Goliath, Mariana County",-3728.7504002707774,-1448.595386282615,"Titan America Receiving Warehouse, 11000 NW 121st Way, Medley, FL 33178, USA",25.8752906,-80.3724696,industrial l4 unconfirmed,landmarks/Mariana_County/L2206_unnamed_ingame.jpg,landmarks/Mariana_County/L2206_unnamed_reallife.jpg
L2207,?,Ocean Beach,Vice Beach,"?, Ocean Beach, Vice Beach",1908.857607505684,-470.8674766742454,"South Pointe Cafe, 1 Washington Ave, Miami Beach, FL 33139, USA",25.7656324,-80.132595,l4,landmarks/Vice_Beach/L2207_unnamed_ingame.jpg,
L2208,?,Ocean Beach,Vice Beach,"?, Ocean Beach, Vice Beach",1724.097,-408.756,"Smith & Wollensky Miami Beach, 1 Washington Ave, Miami Beach, FL 33139, USA",25.76594,-80.13389649999999,l4 unconfirmed,landmarks/Vice_Beach/L2208_unnamed_ingame.jpg,
L2209,?,Ocean Beach,Vice Beach,"?, Ocean Beach, Vice Beach",2080.253,-538.482,"QV89+F7F Miami Beach, Florida, USA",25.7661875,-80.13182809999999,l4 unconfirmed,landmarks/Vice_Beach/L2209_unnamed_ingame.jpg,
L2210,?,,Catalan Key,"?, Catalan Key",-0.6578860210794346,-1612.5282428510307,"Miami Seaquarium, 4400 Rickenbacker Cswy, Key Biscayne, FL 33149, USA",25.7343245,-80.16499,l6,landmarks/Catalan_Key/L2210_unnamed_ingame.jpg,landmarks/Catalan_Key/L2210_unnamed_reallife.jpg
L2211,?,,Catalan Key,"?, Catalan Key",84.80463494596165,-1624.7031611305006,"Miami Seaquarium, 4400 Rickenbacker Cswy, Key Biscayne, FL 33149, USA",25.7343245,-80.16499,l6,landmarks/Catalan_Key/L2211_unnamed_ingame.jpg,landmarks/Catalan_Key/L2211_unnamed_reallife.jpg
L2212,?,,Catalan Key,"?, Catalan Key",189.485,-1648.6815000000001,"PRJM+JPP Miami, Florida, USA",25.7315875,-80.16567189999999,l6,landmarks/Catalan_Key/L2212_unnamed_ingame.jpg,landmarks/Catalan_Key/L2212_unnamed_reallife.jpg
L2213,?,,Catalan Key,"?, Catalan Key",170.86,-1624.137,"3400 Rickenbacker Cswy, Key Biscayne, FL 33149, USA",25.731544,-80.16540379999999,l6,landmarks/Catalan_Key/L2213_unnamed_ingame.jpg,landmarks/Catalan_Key/L2213_unnamed_reallife.jpg
L2214,?,,Kelly County,"?, Kelly County",-8070.564,4297.455,"Spoil Island 2D, Tampa Port Authority, VHFF+X3, Tampa, FL 33619, USA",27.874996,-82.427256,industrial,,
L2215,?,,Catalan Key,"?, Catalan Key",148.13049462365063,-1699.7905376344456,"Miami Seaquarium, 4400 Rickenbacker Cswy, Key Biscayne, FL 33149, USA",25.7343245,-80.16499,l6,landmarks/Catalan_Key/L2215_unnamed_ingame.jpg,landmarks/Catalan_Key/L2215_unnamed_reallife.jpg
L2216,Vice City Seaquarium,,Catalan Key,"Vice City Seaquarium, Catalan Key",-32.79600000000005,-1694.545,"Miami Seaquarium, 4400 Rickenbacker Cswy, Key Biscayne, FL 33149, USA",25.7343245,-80.16499,closed l6,landmarks/Catalan_Key/L2216_Vice_City_Seaquarium_ingame.jpg,landmarks/Catalan_Key/L2216_Vice_City_Seaquarium_reallife.jpg
L2217,?,,Catalan Key,"?, Catalan Key",174.954,-1811.795,"Miami Seaquarium, 4400 Rickenbacker Cswy, Key Biscayne, FL 33149, USA",25.7343245,-80.16499,,,landmarks/Catalan_Key/L2217_unnamed_reallife.jpg
L2218,?,,Catalan Key,"?, Catalan Key",126.70400000000001,-1897.545,,,,,,
L2219,?,,Catalan Key,"?, Catalan Key",21.42365076006365,-1802.3410902420153,"Miami Seaquarium, 4400 Rickenbacker Cswy, Key Biscayne, FL 33149, USA",25.7343245,-80.16499,,,landmarks/Catalan_Key/L2219_unnamed_reallife.jpg
L2220,?,,Catalan Key,"?, Catalan Key",174.765,-1665.403,"Miami Seaquarium, 4400 Rickenbacker Cswy, Key Biscayne, FL 33149, USA",25.7343245,-80.16499,l6,landmarks/Catalan_Key/L2220_unnamed_ingame.jpg,landmarks/Catalan_Key/L2220_unnamed_reallife.jpg
L2221,?,,Gloriana Key,"?, Gloriana Key",1172.31,-1479.027,,,,,,
L2222,?,,Gloriana Key,"?, Gloriana Key",1199.084,-1514.147,,,,,,
L2223,?,,Dalton Island,"?, Dalton Island",1577.7513229575648,-1631.329204929275,"QV45+CH5 Miami, Florida, USA",25.7560125,-80.1410156,,,
L2224,?,,Catalan Key,"?, Catalan Key",161.272,-1771.937,"Miami Seaquarium, 4400 Rickenbacker Cswy, Key Biscayne, FL 33149, USA",25.7343245,-80.16499,l6,landmarks/Catalan_Key/L2224_unnamed_ingame.jpg,landmarks/Catalan_Key/L2224_unnamed_reallife.jpg
L2225,?,,Catalan Key,"?, Catalan Key",72.36164944949019,-1882.1777527525494,"PRPM+2J3 Miami, Florida, USA",25.7350125,-80.1659531,l6,landmarks/Catalan_Key/L2225_unnamed_ingame.jpg,landmarks/Catalan_Key/L2225_unnamed_reallife.jpg
L2226,?,Ocean Beach,Vice Beach,"?, Ocean Beach, Vice Beach",1643.7933433771782,1350.0355289162653,"455 Lincoln Rd, Miami Beach, FL 33139, USA",25.7908706,-80.1329875,,landmarks/Vice_Beach/L2226_unnamed_ingame.jpg,landmarks/Vice_Beach/L2226_unnamed_reallife.jpg
L2227,?,Downtown,Vice City,"?, Downtown, Vice City",-629.8664999999999,-164.49400000000009,"205 E Flagler St, Miami, FL 33131, USA",25.7744222,-80.1900794,l4,landmarks/Vice_City/L2227_unnamed_ingame.jpg,landmarks/Vice_City/L2227_unnamed_reallife.jpg
L2228,?,Downtown,Vice City,"?, Downtown, Vice City",-548.0971469733544,-87.60743740901299,,,,,landmarks/Vice_City/L2228_unnamed_ingame.jpg,
L2229,Oceanside Style,Ocean Beach,Vice Beach,"Oceanside Style, Thompson Ave, Ocean Beach, Vice Beach",1767.257,1345.147,,,,,landmarks/Vice_Beach/L2229_Oceanside_Style_ingame.jpg,
L2230,Luna,Ocean Beach,Vice Beach,"Luna, Ocean Beach, Vice Beach",1562.506,1230.897,,,,,landmarks/Vice_Beach/L2230_Luna_ingame.jpg,
L2231,Void,Ocean Beach,Vice Beach,"Void, Ocean Beach, Vice Beach",,,,,,,landmarks/Vice_Beach/L2231_Void_ingame.jpg,
L2232,Electrotoke,Ocean Beach,Vice Beach,"Electrotoke, Ocean Beach, Vice Beach",,,,,,,landmarks/Vice_Beach/L2232_Electrotoke_ingame.jpg,
L2233,City Picnic Market,Ocean Beach,Vice Beach,"City Picnic Market, Ocean Beach, Vice Beach",1768.259,1226.647,,,,,landmarks/Vice_Beach/L2233_City_Picnic_Market_ingame.jpg,
L2234,?,Peacock Bay,Vice City,"?, Peacock Bay, Vice City",-1094.3728219899317,-1950.2656925454012,,,,l4,landmarks/Vice_City/L2234_unnamed_ingame.jpg,
L2235,?,Peacock Bay,Vice City,"?, Peacock Bay, Vice City",-1105.6264433465626,-1933.1173171448204,,,,l4,landmarks/Vice_City/L2235_unnamed_ingame.jpg,
L2236,?,Peacock Bay,Vice City,"?, Peacock Bay, Vice City",-1115.8083592247822,-1919.1840660513133,,,,l4,landmarks/Vice_City/L2236_unnamed_ingame.jpg,
L2237,?,Peacock Bay,Vice City,"?, Peacock Bay, Vice City",-1041.3201035785098,-1682.8585534487918,,,,l4,landmarks/Vice_City/L2237_unnamed_ingame.jpg,
L2238,?,Stockyard,Vice City,"?, Stockyard, Vice City",-393.1471770413433,1900.6501053710763,"3621 NE 1st Ct, Miami, FL 33137, USA",25.8110028,-80.19193270000001,l4,landmarks/Vice_City/L2238_unnamed_ingame.jpg,landmarks/Vice_City/L2238_unnamed_reallife.jpg
L2239,?,Ocean Beach,Vice Beach,"?, Ocean Beach, Vice Beach",1753.715812437653,1556.875360965211,,,,,landmarks/Vice_Beach/L2239_unnamed_ingame.jpg,
L2240,?,Peacock Bay,Vice City,"?, Peacock Bay, Vice City",-1305.5107618395025,-1537.6321437256597,"298 SW 15th Rd, Miami, FL 33129, USA",25.7611605,-80.19888279999999,l4,landmarks/Vice_City/L2240_unnamed_ingame.jpg,landmarks/Vice_City/L2240_unnamed_reallife.jpg
L2241,?,Tequesta,Vice City,"?, Tequesta, Vice City",-1116.5545000000002,-1023.5040000000001,"1090 SW 1st Ave, Miami, FL 33130, USA",25.7637683,-80.1959256,l4 unconfirmed,landmarks/Vice_City/L2241_unnamed_ingame.jpg,landmarks/Vice_City/L2241_unnamed_reallife.jpg
L2242,?,Tequesta,Vice City,"?, SW 4th Ave, Tequesta, Vice City",-1104.9080000000001,-994.3140000000001,"1090 SW 1st Ave, Miami, FL 33130, USA",25.7637683,-80.1959256,l4 unconfirmed,landmarks/Vice_City/L2242_unnamed_ingame.jpg,landmarks/Vice_City/L2242_unnamed_reallife.jpg
L2243,?,Allied Crystal,Ambrosia,"?, Allied Crystal, Ambrosia",-2850.694,3971.957,,,,,,
L2244,Train Tunnel,,Lummox County,"Train Tunnel, Lummox County",-435.89099999999985,5628.319461139507,,,,,,
L2245,Gas Station,,Buckskin,"Gas Station, Buckskin",-3956.892918318481,883.6756350644827,"17696 SW 8th St, Miami, FL 33194, USA",25.7604594,-80.48027479999999,retail,landmarks/Buckskin/L2245_Gas_Station_ingame.jpg,landmarks/Buckskin/L2245_Gas_Station_reallife.jpg
L2246,?,,Mariana County,"?, Mariana County",-5371.198122246959,-344.17708731925734,"PGF6+2QF West End, Florida, USA",25.7225625,-80.4880781,industrial,,
L2247,?,,Gloriana Key,"?, Gloriana Key",401.93953656965857,-2181.066983121696,,,,,,
L2248,?,,Gloriana Key,"?, Gloriana Key",516.7222089908539,-2179.8921539947687,,,,,,
L2249,?,,Gloriana Key,"?, Gloriana Key",655.0090056261014,-2167.7479887477975,,,,,,
L2250,?,,Gloriana Key,"?, Gloriana Key",772.141508439152,-2085.0889943738985,,,,,,
L2251,?,,Gloriana Key,"?, Gloriana Key",401.851,-2093.744,,,,,,
L2252,?,,Gloriana Key,"?, Gloriana Key",481.1298451405971,-2088.1044225702985,,,,,,
L2253,?,,Gloriana Key,"?, Gloriana Key",500.03773228910427,-2106.349,,,,,,
L2254,?,,Gloriana Key,"?, Gloriana Key",597.8928451405972,-2115.305,,,,,,
L2255,?,,Gloriana Key,"?, Gloriana Key",678.4988871485072,-2037.3524934138816,,,,,,
L2256,?,,Gloriana Key,"?, Gloriana Key",688.7821548594029,-2021.7622677108957,,,,,,
L2257,?,,Gloriana Key,"?, Gloriana Key",531.6193745455807,-1913.0918327274412,"3501 Rickenbacker Cswy, Miami, FL 33149, USA",25.7432468,-80.1719498,,,
L2258,?,,Gloriana Key,"?, Gloriana Key",473.8463745455808,-1922.7208545453493,"PRVG+PWJ Miami, Florida, USA",25.7443375,-80.1727344,,,
L2259,?,,Gloriana Key,"?, Gloriana Key",720.0162282420663,-1814.8129332193632,,,,,,
L2260,?,,Gloriana Key,"?, Gloriana Key",807.6579568895615,-1798.2540862208768,,,,,,
L2261,?,,Gloriana Key,"?, Gloriana Key",424.205,-1212.684,,,,,landmarks/Gloriana_Key/L2261_unnamed_ingame.jpg,
L2262,?,Washington Beach,Vice Beach,"?, Washington Beach, Vice Beach",1685.516,2585.1070206892455,,,,,landmarks/Vice_Beach/L2262_unnamed_ingame.jpg,
L2263,?,Washington Beach,Vice Beach,"?, Washington Beach, Vice Beach",1503.134,2839.162,,,,,landmarks/Vice_Beach/L2263_unnamed_ingame.jpg,
L2264,Bus Stop,Stockyard,Vice City,"Bus Stop, Stockyard, Vice City",-427.23800000000006,1859.409,,,,#bus l4,landmarks/Vice_City/L2264_Bus_Stop_ingame.jpg,
L2265,Fufu,Bohemia,Vice City,"Fufu, Bohemia, Vice City",-329.2054005114529,2248.7834253325314,"110 NE 39th St, Miami, FL 33137, USA",25.8125949,-80.1930643,retail,landmarks/Vice_City/L2265_Fufu_ingame.jpg,landmarks/Vice_City/L2265_Fufu_reallife.jpg
L2266,?,Downtown,Vice City,"?, Downtown, Vice City",-445.8258691576028,-634.8397119720522,"315 S Biscayne Blvd Ste 100, Miami, FL 33131, USA",25.7713322,-80.18693979999999,,landmarks/Vice_City/L2266_unnamed_ingame.jpg,landmarks/Vice_City/L2266_unnamed_reallife.jpg
L2267,?,,Hamlet,"?, Hamlet",-2654.0222812452257,-3227.739812452259,,,,l4 residential,landmarks/Hamlet/L2267_unnamed_ingame.jpg,
L2268,?,,Hamlet,"?, Hamlet",-2612.4015937738704,-3185.4741249809035,,,,l4,landmarks/Hamlet/L2268_unnamed_ingame.jpg,
L2269,?,,Hamlet,"?, Hamlet",-2650.150156264322,-3183.215374942711,"611 NW 14th Ave, Miami, FL 33125, USA",25.7794588,-80.218014,l4 residential,landmarks/Hamlet/L2269_unnamed_ingame.jpg,
L2270,?,,Bluegrass,"?, Bluegrass",-2445.8570983918426,-2600.359352412236,,,,l4,landmarks/Bluegrass/L2270_unnamed_ingame.jpg,
L2271,?,,Bluegrass,"?, Bluegrass",-2488.0052540203933,-2447.977057236708,,,,l4,landmarks/Bluegrass/L2271_unnamed_ingame.jpg,
L2272,?,,Bluegrass,"?, Bluegrass",-2655.518,-2366.923,,,,l4,landmarks/Bluegrass/L2272_unnamed_ingame.jpg,
L2273,?,,Bluegrass,"?, Bluegrass",-2686.8585536919145,-2592.794839875456,,,,l4,landmarks/Bluegrass/L2273_unnamed_ingame.jpg,
L2274,?,Salton,Vice City,"?, Salton, Vice City",-1483.391,-1408.271,,,,l4,landmarks/Vice_City/L2274_unnamed_ingame.jpg,
L2275,?,Salton,Vice City,"?, Salton, Vice City",-1452.3124537077488,-1422.3204444929875,,,,l4,landmarks/Vice_City/L2275_unnamed_ingame.jpg,
L2276,Car Park,Salton,Vice City,"Car Park, SW 7th Ave, Salton, Vice City",-1400.246,-1107.4805,"Car Park, 600 NW 6th St, Miami, FL 33136, USA",25.7789446,-80.20546379999999,,landmarks/Vice_City/L2276_Car_Park_ingame.jpg,landmarks/Vice_City/L2276_Car_Park_reallife.jpg
L2277,?,,Vice City,"?, Vice City",-1153.143,-2456.409,"225 N Hibiscus Dr, Miami Beach, FL 33139, USA",25.7838596,-80.1602191,l4 unconfirmed,landmarks/Vice_City/L2277_unnamed_ingame.jpg,landmarks/Vice_City/L2277_unnamed_reallife.jpg
L2278,?,,Vice City,"?, Vice City",-1135.6879999999999,-2481.527,"181 Leucadendra Dr, Coral Gables, FL 33156, USA",25.692396,-80.25489139999999,l4 unconfirmed,landmarks/Vice_City/L2278_unnamed_ingame.jpg,landmarks/Vice_City/L2278_unnamed_reallife.jpg
L2279,?,,Vice City,"?, Vice City",-1118.2338010088536,-2511.7531064066447,,,,l4,landmarks/Vice_City/L2279_unnamed_ingame.jpg,
L2280,?,,Vice City,"?, Vice City",-1088.858648091515,-2558.1573334789623,,,,l4,landmarks/Vice_City/L2280_unnamed_ingame.jpg,
L2281,?,Downtown,Vice City,"?, Downtown, Vice City",-702.4219981451653,-165.80563828197054,"19 W Flagler St, Miami, FL 33130, USA",25.7742678,-80.1940168,l4,landmarks/Vice_City/L2281_unnamed_ingame.jpg,landmarks/Vice_City/L2281_unnamed_reallife.jpg
L2282,?,Downtown,Vice City,"?, Downtown, Vice City",-743.2265,-172.88399999999996,"24 W Flagler St, Miami, FL 33130, USA",25.774262,-80.19436689999999,l4,landmarks/Vice_City/L2282_unnamed_ingame.jpg,landmarks/Vice_City/L2282_unnamed_reallife.jpg
L2283,?,Downtown,Vice City,"?, Downtown, Vice City",-627.4929999999999,-121.52849999999998,,,,l4,landmarks/Vice_City/L2283_unnamed_ingame.jpg,
L2284,?,Downtown,Vice City,"?, Downtown, Vice City",-620.8700000000001,-93.42499999999998,"200 E Flagler St, Miami, FL 33131, USA",25.7741104,-80.18988519999999,l4 unconfirmed,landmarks/Vice_City/L2284_unnamed_ingame.jpg,landmarks/Vice_City/L2284_unnamed_reallife.jpg
L2285,?,Downtown,Vice City,"?, Downtown, Vice City",-694.6490000000001,-256.479,"24 SW 1st St, Miami, FL 33130, USA",25.7735011,-80.1938261,l4,landmarks/Vice_City/L2285_unnamed_ingame.jpg,landmarks/Vice_City/L2285_unnamed_reallife.jpg
L2286,?,Downtown,Vice City,"?, Downtown, Vice City",-742.0335000000001,-300.52149999999995,,,,l4,landmarks/Vice_City/L2286_unnamed_ingame.jpg,
L2287,?,Downtown,Vice City,"?, Downtown, Vice City",-732.4205000000002,-230.81200000000004,,,,l4,landmarks/Vice_City/L2287_unnamed_ingame.jpg,
L2288,?,Downtown,Vice City,"?, Downtown, Vice City",-702.7312337791185,-307.21485091226674,"4 SE 1st St, Miami, FL 33130, USA",25.7731647,-80.193388,demolished l4,landmarks/Vice_City/L2288_unnamed_ingame.jpg,landmarks/Vice_City/L2288_unnamed_reallife.jpg
L2289,?,Downtown,Vice City,"?, Downtown, Vice City",-864.5141480448472,-218.12443387556965,"111 SW 3rd St Fl 3, Miami, FL 33130, USA",25.7719573,-80.195982,l4,landmarks/Vice_City/L2289_unnamed_ingame.jpg,landmarks/Vice_City/L2289_unnamed_reallife.jpg
L2290,?,Downtown,Vice City,"?, Downtown, Vice City",-869.3046898902785,-178.42534132634304,"140 W Flagler St, Miami, FL 33130, USA",25.773823,-80.19670359999999,//qrf3+f8 demolished l4,landmarks/Vice_City/L2290_unnamed_ingame.jpg,landmarks/Vice_City/L2290_unnamed_reallife.jpg
L2291,Parking Lot,Downtown,Vice City,"Parking Lot, Downtown, Vice City",-808.2105354800857,-142.29362711727993,,,,l4,landmarks/Vice_City/L2291_Parking_Lot_ingame.jpg,
L2292,Excavator Parking Lot,Downtown,Vice City,"Excavator Parking Lot, Downtown, Vice City",-912.9437251436287,-247.60980476125474,,,,l4,landmarks/Vice_City/L2292_Excavator_Parking_Lot_ingame.jpg,
L2293,?,Little Cuba,Vice City,"?, Little Cuba, Vice City",-1125.509112000678,-442.63333426157715,,,,l4,landmarks/Vice_City/L2293_unnamed_ingame.jpg,
L2294,?,Little Cuba,Vice City,"?, Little Cuba, Vice City",-1111.9893612305493,-212.32969735244416,"453 SW 2nd St, Miami, FL 33130, USA",25.7726279,-80.2020624,l4,landmarks/Vice_City/L2294_unnamed_ingame.jpg,landmarks/Vice_City/L2294_unnamed_reallife.jpg
L2295,?,Little Cuba,Vice City,"?, Little Cuba, Vice City",-1083.2299215255248,-167.7824015673491,"400 SW 2nd St, Miami, FL 33130, USA",25.7716855,-80.2011948,l4,landmarks/Vice_City/L2295_unnamed_ingame.jpg,landmarks/Vice_City/L2295_unnamed_reallife.jpg
L2296,?,Little Cuba,Vice City,"?, Little Cuba, Vice City",-1080.142,-124.198,,,,l4,landmarks/Vice_City/L2296_unnamed_ingame.jpg,
L2297,?,Little Cuba,Vice City,"?, Little Cuba, Vice City",-1117.0633130205806,-127.03857517899863,,,,l4,landmarks/Vice_City/L2297_unnamed_ingame.jpg,
L2298,?,Little Cuba,Vice City,"?, Little Cuba, Vice City",-1152.09,-129.879,,,,l4,landmarks/Vice_City/L2298_unnamed_ingame.jpg,
L2299,?,Little Cuba,Vice City,"?, Little Cuba, Vice City",-1192.167,-226.126,,,,l4,landmarks/Vice_City/L2299_unnamed_ingame.jpg,
L2300,?,Little Cuba,Vice City,"?, Little Cuba, Vice City",-1155.562,-228.02,,,,l4,landmarks/Vice_City/L2300_unnamed_ingame.jpg,
L2301,?,Little Cuba,Vice City,"?, Little Cuba, Vice City",-1226.6525424898377,1.2458185336217866,,,,l4,landmarks/Vice_City/L2301_unnamed_ingame.jpg,
L2302,?,Little Cuba,Vice City,"?, Little Cuba, Vice City",-1225.5581015929906,65.52921204162288,"Tower Theater, 1508 SW 8th St, Miami, FL 33135, USA",25.7654353,-80.2196728,l4 leisure,landmarks/Vice_City/L2302_unnamed_ingame.jpg,landmarks/Vice_City/L2302_unnamed_reallife.jpg
L2303,?,,Vice City,"?, Vice City",-1406.931,162.517,,,,,landmarks/Vice_City/L2303_unnamed_ingame.jpg,
L2304,?,Little Cuba,Vice City,"?, Little Cuba, Vice City",-1297.1640253030396,-14.250974696960384,,,,l4,landmarks/Vice_City/L2304_unnamed_ingame.jpg,
L2305,?,Little Cuba,Vice City,"?, Little Cuba, Vice City",-1313.049,17.131,,,,l4,landmarks/Vice_City/L2305_unnamed_ingame.jpg,
L2306,?,Little Cuba,Vice City,"?, Little Cuba, Vice City",-1332.0325421962023,43.08913904994927,,,,l4,landmarks/Vice_City/L2306_unnamed_ingame.jpg,
L2307,?,Little Cuba,Vice City,"?, Little Cuba, Vice City",-1233.6258389643876,-87.86228813808162,,,,l4,landmarks/Vice_City/L2307_unnamed_ingame.jpg,
L2308,?,Westbrook Dr,Vice City,"?, Westbrook Dr, Vice City",-1431.9891355857549,-2.627999999999986,,,,l4,landmarks/Vice_City/L2308_unnamed_ingame.jpg,
L2309,?,Westbrook Dr,Vice City,"?, Westbrook Dr, Vice City",-1456.07,65.87400000000002,"QPVW+XW2, Miami, FL, USA",25.7948875,-80.2527344,l4,landmarks/Vice_City/L2309_unnamed_ingame.jpg,landmarks/Vice_City/L2309_unnamed_reallife.jpg
L2310,?,Westbrook Dr,Vice City,"?, Westbrook Dr, Vice City",-1486.251,111.42849999999999,"3480 NW 21st St, Miami, FL 33142, USA",25.7949684,-80.2520365,,landmarks/Vice_City/L2310_unnamed_ingame.jpg,landmarks/Vice_City/L2310_unnamed_reallife.jpg
L2311,?,Westbrook Dr,Vice City,"?, Westbrook Dr, Vice City",-1506.3600000000001,153.582,"Chamonix Marina, 3480 NW 21st St, Miami, FL 33142, USA",25.7949341,-80.2517853,,landmarks/Vice_City/L2311_unnamed_ingame.jpg,landmarks/Vice_City/L2311_unnamed_reallife.jpg
L2312,?,,Vice City,"?, Vice City",-1521.107,28.292500000000018,"QQJP+77H Miami, Florida, USA",25.7806875,-80.21426559999999,,landmarks/Vice_City/L2312_unnamed_ingame.jpg,landmarks/Vice_City/L2312_unnamed_reallife.jpg
L2313,?,,Vice City,"?, Vice City",-1532.8095,86.56799999999998,"1111 NW 7th St, Miami, FL 33136, USA",25.7805365,-80.21361139999999,,landmarks/Vice_City/L2313_unnamed_ingame.jpg,landmarks/Vice_City/L2313_unnamed_reallife.jpg
L2314,?,,Vice City,"?, Vice City",-1673.431,-23.982999999999947,"2190 NW 33rd Ave, Miami, FL 33142, USA",25.7957243,-80.25040589999999,,landmarks/Vice_City/L2314_unnamed_ingame.jpg,landmarks/Vice_City/L2314_unnamed_reallife.jpg
L2315,?,Little Cuba,Vice City,"?, Little Cuba, Vice City",-1240.2252309590042,198.177441413662,,,,l4,landmarks/Vice_City/L2315_unnamed_ingame.jpg,
L2316,?,Little Cuba,Vice City,"?, Little Cuba, Vice City",-1284.656,185.469,,,,l4,landmarks/Vice_City/L2316_unnamed_ingame.jpg,
L2317,?,Little Cuba,Vice City,"?, Little Cuba, Vice City",-1253.2543049436597,286.3475959455496,,,,l4,landmarks/Vice_City/L2317_unnamed_ingame.jpg,
L2318,?,Little Cuba,Vice City,"?, Little Cuba, Vice City",-1288.4238769505425,279.6412683477955,,,,l4,landmarks/Vice_City/L2318_unnamed_ingame.jpg,
L2319,?,Downtown,Vice City,"?, Downtown, Vice City",-767.5445,-171.7775000000001,"47 W Flagler St, Miami, FL 33130, USA",25.7744075,-80.1945243,l4,landmarks/Vice_City/L2319_unnamed_ingame.jpg,landmarks/Vice_City/L2319_unnamed_reallife.jpg
L2320,?,Little Cuba,Vice City,"?, Little Cuba, Vice City",-1406.2281607061313,334.863880941509,,,,l4,landmarks/Vice_City/L2320_unnamed_ingame.jpg,
L2321,?,Little Cuba,Vice City,"?, Little Cuba, Vice City",-1378.7060000000001,127.74050000000005,,,,l4,landmarks/Vice_City/L2321_unnamed_ingame.jpg,
L2322,?,Little Cuba,Vice City,"?, Little Cuba, Vice City",-1410.815991173352,396.3457231775933,,,,l4,landmarks/Vice_City/L2322_unnamed_ingame.jpg,
L2323,?,Little Cuba,Vice City,"?, Little Cuba, Vice City",-1341.993,402.7692023537727,,,,l4,landmarks/Vice_City/L2323_unnamed_ingame.jpg,
L2324,Parking Lot,Downtown,Vice City,"Parking Lot, Downtown, Vice City",-766.7354200292873,-109.65256229119873,"40 NW 1st St, Miami, FL 33128, USA",25.7748222,-80.1945679,l4,landmarks/Vice_City/L2324_Parking_Lot_ingame.jpg,landmarks/Vice_City/L2324_Parking_Lot_reallife.jpg
L2325,?,Little Cuba,Vice City,"?, Little Cuba, Vice City",-1153.0410416476407,211.22808329528175,,,,l4,landmarks/Vice_City/L2325_unnamed_ingame.jpg,
L2326,Parking Lot,Downtown,Vice City,"Parking Lot, Downtown, Vice City",-858.6824747417324,-260.8900535254593,,,,l4,landmarks/Vice_City/L2326_Parking_Lot_ingame.jpg,
L2327,?,Downtown,Vice City,"?, Downtown, Vice City",-760.7795000000001,-295.28049999999996,"88 SE 1st St, Miami, FL 33131, USA",25.7731931,-80.19232029999999,l4 unconfirmed,landmarks/Vice_City/L2327_unnamed_ingame.jpg,landmarks/Vice_City/L2327_unnamed_reallife.jpg
L2328,?,Downtown,Vice City,"?, Downtown, Vice City",-670.5930000000001,-282.6105,"49-37 S Miami Ave, Miami, FL 33130, USA",25.7736193,-80.1935733,l4,landmarks/Vice_City/L2328_unnamed_ingame.jpg,landmarks/Vice_City/L2328_unnamed_reallife.jpg
L2329,?,Downtown,Vice City,"?, Downtown, Vice City",-589.3489999999999,-236.522,"256 E Flagler St, Miami, FL 33131, USA",25.774186,-80.1894109,l4 unconfirmed,landmarks/Vice_City/L2329_unnamed_ingame.jpg,landmarks/Vice_City/L2329_unnamed_reallife.jpg
L2330,?,Downtown,Vice City,"?, Downtown, Vice City",-602.6150000000002,-165.28200000000007,"223 E Flagler St, Miami, FL 33131, USA",25.7745712,-80.189751,l4,landmarks/Vice_City/L2330_unnamed_ingame.jpg,landmarks/Vice_City/L2330_unnamed_reallife.jpg
L2331,?,Downtown,Vice City,"?, Downtown, Vice City",-578.375,-81.25000000000003,,,,,landmarks/Vice_City/L2331_unnamed_ingame.jpg,
L2332,?,Downtown,Vice City,"?, Downtown, Vice City",-501.37299999999993,-111.24999999999994,"New World Tower, 133 NE 3rd Ave, Miami, FL 33132, USA",25.7758125,-80.1882476,l4,landmarks/Vice_City/L2332_unnamed_ingame.jpg,landmarks/Vice_City/L2332_unnamed_reallife.jpg
L2333,?,Downtown,Vice City,"?, Downtown, Vice City",-499.3739999999998,-90.75,"141 NE 3rd Ave, Miami, FL 33132, USA",25.7760745,-80.1884001,l4,landmarks/Vice_City/L2333_unnamed_ingame.jpg,landmarks/Vice_City/L2333_unnamed_reallife.jpg
L2334,?,Downtown,Vice City,"?, Downtown, Vice City",-758.9169474704489,-534.8662319766538,"333 S Miami Ave, Miami, FL 33130, USA",25.7710405,-80.1930838,l4 reused,landmarks/Vice_City/L2334_unnamed_ingame.jpg,landmarks/Vice_City/L2334_unnamed_reallife.jpg
L2335,?,Downtown,Vice City,"?, Downtown, Vice City",-924.4377302249085,-593.1524088870805,,,,,landmarks/Vice_City/L2335_unnamed_ingame.jpg,
L2336,?,Downtown,Vice City,"?, Downtown, Vice City",-774.9620000000001,-228.03599999999997,"99 SE 2nd St, Miami, FL 33131, USA",25.7726718,-80.1920289,l4 unconfirmed,landmarks/Vice_City/L2336_unnamed_ingame.jpg,landmarks/Vice_City/L2336_unnamed_reallife.jpg
L2337,Parking Lot,Downtown,Vice City,"Parking Lot, Downtown, Vice City",-808.0810000000001,-48.81800000000004,,,,,landmarks/Vice_City/L2337_Parking_Lot_ingame.jpg,
L2338,?,Downtown,Vice City,"?, Downtown, Vice City",-751.9475000000001,-229.70399999999998,"89 SE 2nd St, Miami, FL 33131, USA",25.7727352,-80.19229039999999,l4 unconfirmed,landmarks/Vice_City/L2338_unnamed_ingame.jpg,landmarks/Vice_City/L2338_unnamed_reallife.jpg
L2339,?,Tequesta,Vice City,"?, Tequesta, Vice City",-1037.5249153921577,-792.5728346202432,"311 SW 7th St, Miami, FL 33130, USA",25.7676496,-80.1994494,l4,landmarks/Vice_City/L2339_unnamed_ingame.jpg,landmarks/Vice_City/L2339_unnamed_reallife.jpg
L2340,?,,Vice City International Airport,"?, Vice City International Airport",-1834.0149942864505,-350.58122376694075,"QPRJ+M9Q Miami, Florida, USA",25.7917125,-80.2690156,,landmarks/Vice_City_International_Airport/L2340_unnamed_ingame.jpg,landmarks/Vice_City_International_Airport/L2340_unnamed_reallife.jpg
L2341,?,Tequesta,Vice City,"?, Tequesta, Vice City",-1054.3710762825212,-884.1999432395573,,,,l4,landmarks/Vice_City/L2341_unnamed_ingame.jpg,
L2342,?,Salton,Vice City,"?, Salton, Vice City",-1277.1474473881283,-770.8180661156639,,,,l4,landmarks/Vice_City/L2342_unnamed_ingame.jpg,
L2343,?,Salton,Vice City,"?, Salton, Vice City",-1247.6754201221188,-757.4381729914606,,,,l4,landmarks/Vice_City/L2343_unnamed_ingame.jpg,
L2344,?,Salton,Vice City,"?, Salton, Vice City",-1268.1311288596085,-723.0353901147737,,,,l4,landmarks/Vice_City/L2344_unnamed_ingame.jpg,
L2345,?,Salton,Vice City,"?, Salton, Vice City",-1220.7110767863371,-694.2114368937657,,,,l4,landmarks/Vice_City/L2345_unnamed_ingame.jpg,
L2346,?,Salton,Vice City,"?, Salton, Vice City",-1253.2542497777977,-643.0721650500418,,,,l4,landmarks/Vice_City/L2346_unnamed_ingame.jpg,
L2347,?,Salton,Vice City,"?, Salton, Vice City",-1296.9550820806162,-656.0894342466261,,,,l4,landmarks/Vice_City/L2347_unnamed_ingame.jpg,
L2348,?,Salton,Vice City,"?, Salton, Vice City",-1216.9926485468607,-617.1807515786779,,,,l4,landmarks/Vice_City/L2348_unnamed_ingame.jpg,
L2349,?,Salton,Vice City,"?, Salton, Vice City",-1564.3142091229606,-600.8295385547831,"3845 NW 25th St, Miami, FL 33142, USA",25.7989306,-80.25962659999999,l4,landmarks/Vice_City/L2349_unnamed_ingame.jpg,landmarks/Vice_City/L2349_unnamed_reallife.jpg
L2350,?,Salton,Vice City,"?, Salton, Vice City",-1666.3548813309176,-577.1127911824719,"901 S Royal Poinciana Blvd, Miami, FL 33166, USA",25.8103936,-80.2654433,l4,landmarks/Vice_City/L2350_unnamed_ingame.jpg,landmarks/Vice_City/L2350_unnamed_reallife.jpg
L2351,Tennis Court,Salton,Vice City,"Tennis Court, Salton, Vice City",-1345.0352648546861,-679.5329785073098,,,,l4,landmarks/Vice_City/L2351_Tennis_Court_ingame.jpg,
L2352,?,Little Cuba,Vice City,"?, Little Cuba, Vice City",-1407.983,225.082,"1270 NW 11th St, Miami, FL 33125, USA",25.7836215,-80.21618219999999,demolished,landmarks/Vice_City/L2352_unnamed_ingame.jpg,landmarks/Vice_City/L2352_unnamed_reallife.jpg
L2353,?,Salton,Vice City,"?, Salton, Vice City",-1314.9309264907492,-425.05360002369736,,,,l4,landmarks/Vice_City/L2353_unnamed_ingame.jpg,
L2354,?,Downtown,Vice City,"?, Downtown, Vice City",-1088.578207240907,-509.19518676054975,,,,l4,landmarks/Vice_City/L2354_unnamed_ingame.jpg,
L2355,Parking Lot,Downtown,Vice City,"Parking Lot, Downtown, Vice City",-629.1930871473154,398.74424546115563,,,,l4,landmarks/Vice_City/L2355_Parking_Lot_ingame.jpg,
L2356,Parking Lot,Downtown,Vice City,"Parking Lot, Downtown, Vice City",-630.4242315606602,550.175623874787,,,,l4,landmarks/Vice_City/L2356_Parking_Lot_ingame.jpg,
L2357,?,Downtown,Vice City,"?, Downtown, Vice City",-560.249,395.667,,,,,,
L2358,?,Crosstown,Vice City,"?, Crosstown, Vice City",-714.903,848.049,,,,l4,landmarks/Vice_City/L2358_unnamed_ingame.jpg,
L2359,?,Crosstown,Vice City,"?, Crosstown, Vice City",-720.096,868.7510000000001,,,,l4,landmarks/Vice_City/L2359_unnamed_ingame.jpg,
L2360,Mami's Grocery Market,Southside,Vice City,"Mami's Grocery Market, El Joven Blvd, Southside, Vice City",-1685.158,-2099.943,"10200 SW 183rd St, Miami, FL 33157, USA",25.5990694,-80.3569593,retail,landmarks/Vice_City/L2360_Mamis_Grocery_Market_ingame.jpg,landmarks/Vice_City/L2360_Mamis_Grocery_Market_reallife.jpg
L2361,A1 Fashions,Southside,Vice City,"A1 Fashions, El Joven Blvd, Southside, Vice City",-1679.658,-2092.443,"10200 SW 183rd St, Miami, FL 33157, USA",25.5990694,-80.3569593,retail,landmarks/Vice_City/L2361_A1_Fashions_ingame.jpg,landmarks/Vice_City/L2361_A1_Fashions_reallife.jpg
L2362,?,Little Cuba,Vice City,"?, Little Cuba, Vice City",-1090.8485149054861,12.91941745297737,,,,l4,landmarks/Vice_City/L2362_unnamed_ingame.jpg,
L2363,?,Little Cuba,Vice City,"?, Little Cuba, Vice City",-1116.9143712524485,20.46428994209498,,,,l4,landmarks/Vice_City/L2363_unnamed_ingame.jpg,
L2364,?,Little Cuba,Vice City,"?, Little Cuba, Vice City",-1154.7613656931633,9.210177190383433,,,,l4,landmarks/Vice_City/L2364_unnamed_ingame.jpg,
L2365,?,Little Cuba,Vice City,"?, Little Cuba, Vice City",-1087.7469999999998,38.766999999999996,"1418 SW 7th St, Miami, FL 33135, USA",25.7663838,-80.21829749999999,l4,landmarks/Vice_City/L2365_unnamed_ingame.jpg,landmarks/Vice_City/L2365_unnamed_reallife.jpg
L2366,?,Little Cuba,Vice City,"?, Little Cuba, Vice City",-1034.9738550411694,198.12049280579953,,,,l4,landmarks/Vice_City/L2366_unnamed_ingame.jpg,
L2367,?,Little Cuba,Vice City,"?, Little Cuba, Vice City",-1029.8965060830608,121.42011739617419,,,,l4,landmarks/Vice_City/L2367_unnamed_ingame.jpg,
L2368,?,Little Cuba,Vice City,"?, Little Cuba, Vice City",-1059.6999878338786,209.3018826038258,,,,l4,landmarks/Vice_City/L2368_unnamed_ingame.jpg,
L2369,?,,Buckskin,"?, Buckskin",-3978.003327631389,802.2083588105522,,,,,landmarks/Buckskin/L2369_unnamed_ingame.jpg,
L2370,?,,Hamlet,"?, Hamlet",-3168.096,-3011.08,,,,l4,landmarks/Hamlet/L2370_unnamed_ingame.jpg,
L2371,?,,Hamlet,"?, Hamlet",-2910.954920159675,-3144.9206780791374,,,,,landmarks/Hamlet/L2371_unnamed_ingame.jpg,
L2372,?,,Hamlet,"?, Hamlet",-2818.422156698368,-3336.1546239520976,,,,,landmarks/Hamlet/L2372_unnamed_ingame.jpg,
L2373,?,,Hamlet,"?, Hamlet",-2800.6867322061767,-3383.9631595397436,,,,,landmarks/Hamlet/L2373_unnamed_ingame.jpg,
L2374,?,,Hamlet,"?, Hamlet",-2863.768,-3326.203,,,,,landmarks/Hamlet/L2374_unnamed_ingame.jpg,
L2375,Rideout Customs,Crosstown,Vice City,"Rideout Customs, Crosstown, Vice City",-865.5640000000001,975.3410000000001,,,,retail,landmarks/Vice_City/L2375_Rideout_Customs_ingame.jpg,
L2376,The Flamingrill,Crosstown,Vice City,"The Flamingrill, Crosstown, Vice City",-829.5639999999999,963.3409999999999,"2156 NW 7th Ave, Miami, FL 33127, USA",25.797202,-80.207358,,landmarks/Vice_City/L2376_The_Flamingrill_ingame.jpg,landmarks/Vice_City/L2376_The_Flamingrill_reallife.jpg
L2377,Carnicero,Crosstown,Vice City,"Carnicero, Crosstown, Vice City",-827.5920000000001,932.614,"723-735 NW 20th St, Miami, FL 33127, USA",25.7954646,-80.2077303,,landmarks/Vice_City/L2377_Carnicero_ingame.jpg,landmarks/Vice_City/L2377_Carnicero_reallife.jpg
L2378,?,,Mariana County,"?, Mariana County",-4031.164,-3138.552,,,,l4,landmarks/Mariana_County/L2378_unnamed_ingame.jpg,
L2379,?,Ocean Beach,Vice Beach,"?, Ocean Beach, Vice Beach",1656.2615,1302.9155,"600 Lincoln Rd, Miami Beach, FL 33139, USA",25.790319,-80.1345071,,landmarks/Vice_Beach/L2379_unnamed_ingame.jpg,landmarks/Vice_Beach/L2379_unnamed_reallife.jpg
L2380,?,,Capri,"?, Capri",-6942.060860729457,168.1221643767417,,,,//pink retail,,
L2381,?,,Capri,"?, Capri",-6896.9018607294565,272.455139270543,,,,//pink retail,,
L2382,?,,Capri,"?, Capri",-6948.289417811629,329.03413927054305,"123 N Ridgewood Dr, Sebring, FL 33870, USA",27.4965558,-81.4409141,//pink retail unconfirmed,,landmarks/Capri/L2382_unnamed_reallife.jpg
L2383,?,,Capri,"?, Capri",-6944.655721458914,371.07888583565557,,,,//pink retail,,
L2384,?,Ocean Beach,Vice Beach,"?, Ocean Beach, Vice Beach",1664.3977010950314,1167.1977462247792,"736 13th St, Miami Beach, FL 33139, USA",25.7838862,-80.13601539999999,//todo,landmarks/Vice_Beach/L2384_unnamed_ingame.jpg,landmarks/Vice_Beach/L2384_unnamed_reallife.jpg
L2385,?,,Waning Sands,"?, Waning Sands",-281.28727460237076,3967.596215084589,,,,//pink retail,,
L2386,?,,Waning Sands,"?, Waning Sands",-238.96182380711264,3956.125176192887,,,,//pink retail,,
L2387,?,,Waning Sands,"?, Waning Sands",-156.288,3956.5209404822185,,,,//pink retail,,
L2388,?,,Waning Sands,"?, Waning Sands",-153.51941190355626,4031.283803181033,,,,//pink retail,,
L2389,?,,Waning Sands,"?, Waning Sands",-180.81413730118538,4053.831077783404,,,,//pink retail,,
L2390,?,,Waning Sands,"?, Waning Sands",-233.4246865059273,4044.7329015905166,,,,//pink retail,,
L2391,?,,Port Gellhorn,"?, Port Gellhorn",-5961.192460432928,4545.739190649392,,,,//blue leisure,,
L2392,?,,Leonard County,"?, Leonard County",-2323.7859931485573,1235.7120068514428,,,,//blue leisure,,
L2393,?,,Leonard County,"?, Leonard County",-2570.318993148557,1369.390979445672,,,,retail,,
L2394,?,,Vice City,"?, Vice City",-1604.8565640593172,381.513162533721,,,,retail,,
L2395,?,,Vice City,"?, Vice City",-1713.5353645708292,418.9056776711819,"5150 NW 37th Ave, Miami, FL 33142, USA",25.8213369,-80.2576088,//pink l6 retail,,
L2396,?,,Vice City,"?, Vice City",-2251.1660448642347,293.73699999999997,,,,//pink retail,,
L2397,?,,La Perle,"?, La Perle",-1119.0540785531273,1320.2937855312757,,,,//pink retail,,
L2398,?,,La Perle,"?, La Perle",-1050.1899557949996,1392.9044401245826,,,,//pink retail,,
L2399,?,,Lummox County,"?, Lummox County",-995.977824012972,7520.702532071346,"Fort Clinch State Park, 2601 Atlantic Ave, Fernandina Beach, FL 32034, USA",30.6990695,-81.45673710000001,natural unconfirmed,landmarks/Lummox_County/L2399_unnamed_ingame.jpg,
L2400,?,,La Perle,"?, La Perle",-1007.0915692388683,1496.9036576488686,,,,//pink retail,,
L2401,?,,La Perle,"?, La Perle",-934.4801571062553,1636.0364925094236,,,,//pink retail,,
L2402,?,Stockyard,Vice City,"?, Stockyard, Vice City",-254.2215,1942.5765000000001,,,,//pink l4 retail,landmarks/Vice_City/L2402_unnamed_ingame.jpg,
L2403,?,,Belville,"?, Belville",-1234.753430957987,2883.8088116743093,,,,//pink retail,,
L2404,?,,Belville,"?, Belville",-1308.4431238567354,2886.4096243648532,,,,//pink retail,,
L2405,?,,Belville,"?, Belville",-2014.9975005081174,2797.114749237824,,,,//pink retail,,
L2406,?,,Watson Bay,"?, Watson Bay",-4835.519,-3372.787,,,,//pink retail,,
L2407,?,Crosstown,Vice City,"?, Crosstown, Vice City",-747.9704075969403,650.299,,,,//pink retail,landmarks/Vice_City/L2407_unnamed_ingame.jpg,
L2408,?,Ocean Beach,Vice Beach,"?, Ocean Beach, Vice Beach",1626.89410041989,216.03152839147572,,,,//pink retail,,
L2409,?,Ocean Beach,Vice Beach,"?, Ocean Beach, Vice Beach",1589.6169432170486,221.56764195737873,,,,//pink retail,,
L2410,?,Ocean Beach,Vice Beach,"?, Ocean Beach, Vice Beach",1595.8915283914757,250.7245851744272,,,,//pink retail,,
L2411,?,Ocean Beach,Vice Beach,"?, Ocean Beach, Vice Beach",1635.3826419573788,239.2829563630616,,,,//pink retail,,
L2412,?,,Ambrosia,"?, Ambrosia",-3304.8556471693623,4243.008530185538,,,,//pink retail,,
L2413,?,,Port Gellhorn,"?, Port Gellhorn",-6738.641,4041.393,,,,//pink retail,,
L2414,?,,Port Gellhorn,"?, Port Gellhorn",-6273.199,4514.809,,,,,landmarks/Port_Gellhorn/L2414_unnamed_ingame.jpg,
L2415,?,,Leonard County,"?, Leonard County",655.0504126819872,3361.2747063409934,"South Cove Natural Area, 301 N Olive Ave, West Palm Beach, FL 33401, USA",26.7079895,-80.047975,natural,landmarks/Leonard_County/L2415_unnamed_ingame.jpg,landmarks/Leonard_County/L2415_unnamed_reallife.jpg
L2416,?,Ocean Beach,Vice Beach,"?, Cabeça St, Ocean Beach, Vice Beach",1528.5307566091597,1168.6446258899766,"850 15th Street, Miami Beach, FL, USA",25.7871845,-80.13738570000001,,landmarks/Vice_Beach/L2416_unnamed_ingame.jpg,landmarks/Vice_Beach/L2416_unnamed_reallife.jpg
L2417,?,Ocean Beach,Vice Beach,"?, Ocean Beach, Vice Beach",1565.3135478755653,1162.192523986564,,,,,landmarks/Vice_Beach/L2417_unnamed_ingame.jpg,
L2418,?,Ocean Beach,Vice Beach,"?, Ocean Beach, Vice Beach",1393.893,1163.9789999999998,,,,,landmarks/Vice_Beach/L2418_unnamed_ingame.jpg,
L2419,?,Ocean Beach,Vice Beach,"?, Ocean Beach, Vice Beach",1394.393,1252.4789999999998,"1404 Lincoln Rd, Miami Beach, FL 33139, USA",25.7901131,-80.1439017,,landmarks/Vice_Beach/L2419_unnamed_ingame.jpg,landmarks/Vice_Beach/L2419_unnamed_reallife.jpg
L2420,Construction Site?,Ocean Beach,Vice Beach,"Construction Site?, Ocean Beach, Vice Beach",1519.5038942269737,314.59973437898753,,,,,landmarks/Vice_Beach/L2420_Construction_Site_ingame.jpg,landmarks/Vice_Beach/L2420_Construction_Site_reallife.jpg
L2421,?,Southside,Vice City,"?, Southside, Vice City",-1868.304,-2024.8645,,,,l4,landmarks/Vice_City/L2421_unnamed_ingame.jpg,landmarks/Vice_City/L2421_unnamed_reallife.jpg
L2422,?,,Vice City International Airport,"?, Vice City Internation Airport",-1894.077376922161,-473.0152782257554,"QPRJ+RJR Miami, Florida, USA",25.7921125,-80.26848439999999,,landmarks/Vice_City_International_Airport/L2422_unnamed_ingame.jpg,landmarks/Vice_City_International_Airport/L2422_unnamed_reallife.jpg
L2423,Banner Parking Garage,Salton,Vice City,"Banner Parking Garage, Salton, Vice City",-1668.895827075737,-693.2675112762971,"3900 Northwest 21st Street Miami Parking, 4000 NW 21st St, Miami, FL 33142, USA",25.7947875,-80.25893529999999,l4,landmarks/Vice_City/L2423_Banner_Parking_Garage_ingame.jpg,landmarks/Vice_City/L2423_Banner_Parking_Garage_reallife.jpg
L2424,Gas Station,Salton,Vice City,"Gas Station, Salton, Vice City",-1562.047692653582,-666.0127510089626,,,,l4,landmarks/Vice_City/L2424_Gas_Station_ingame.jpg,
L2425,Parking Lot,,Vice City International Airport,"Parking Lot, Vice City International Airport",-1770.3560705501675,-730.1181930500302,,,,l4,landmarks/Vice_City_International_Airport/L2425_Parking_Lot_ingame.jpg,
L2426,?,Salton,Vice City,"?, Lot, Salton, Vice City",-1615.436,-838.5409999999999,"3629 NW 21st St, Miami, FL 33142, USA",25.795367,-80.25368820000001,l4,landmarks/Vice_City/L2426_unnamed_ingame.jpg,landmarks/Vice_City/L2426_unnamed_reallife.jpg
L2427,?,Salton,Vice City,"?, Salton, Vice City",-1547.086109579971,-855.3422312700947,"QPWW+CP2 Miami, Florida, USA",25.7960125,-80.2532344,l4,landmarks/Vice_City/L2427_unnamed_ingame.jpg,landmarks/Vice_City/L2427_unnamed_reallife.jpg
L2428,G. Hanson,Salton,Vice City,"G. Hanson, Salton, Vice City",-1588.6840000000002,-997.6039999999999,"3275 NW 42nd Ave, Miami, FL 33142, USA",25.8044861,-80.2635214,l4,landmarks/Vice_City/L2428_G_Hanson_ingame.jpg,landmarks/Vice_City/L2428_G_Hanson_reallife.jpg
L2429,?,,Vice City,"?, Vice City",-1497.7,-968.8444999999999,"2945 NW 21st Ter, Miami, FL 33142, USA",25.7963117,-80.24274559999999,l4,landmarks/Vice_City/L2429_unnamed_ingame.jpg,landmarks/Vice_City/L2429_unnamed_reallife.jpg
L2430,?,,Vice City International Airport,"?, Vice City International Airport",-1839.57955869426,-1034.1583491279973,"6300 NW 36th St, Miami, FL 33122, USA",25.8063799,-80.2989326,l4,landmarks/Vice_City_International_Airport/L2430_unnamed_ingame.jpg,landmarks/Vice_City_International_Airport/L2430_unnamed_reallife.jpg
L2431,Hangars,,Vice City International Airport,"Hangars, Vice City International Airport",-2854.3591543164694,-1270.5633470914963,,,,l4,landmarks/Vice_City_International_Airport/L2431_Hangars_ingame.jpg,
L2432,?,,Vice City,"?, Vice City",-2511.907096387513,-1629.322473972014,,,,l4,landmarks/Vice_City/L2432_unnamed_ingame.jpg,
L2433,Service Gate,,Vice City International Airport,"Service Gate, Vice City International Airport",-1895.8451559824557,-1561.2696591490974,"South East Gate, Doral, FL 33126, USA",25.7887407,-80.27203730000001,l4,landmarks/Vice_City_International_Airport/L2433_Service_Gate_ingame.jpg,landmarks/Vice_City_International_Airport/L2433_Service_Gate_reallife.jpg
L2434,?,,Vice City International Airport,"?, Vice City International Airport",-1845.6717875060563,-1424.8752058184323,"5815 NW 18th St, Miami, FL 33126, USA",25.790245,-80.2914351,l4,landmarks/Vice_City_International_Airport/L2434_unnamed_ingame.jpg,landmarks/Vice_City_International_Airport/L2434_unnamed_reallife.jpg
L2435,?,,Vice City International Airport,"?, Vice City International Airport",-1842.6346624630978,-1188.5419992658753,"3401 NW 67th Ave, Miami, FL 33122, USA",25.805574,-80.3042723,l4,landmarks/Vice_City_International_Airport/L2435_unnamed_ingame.jpg,landmarks/Vice_City_International_Airport/L2435_unnamed_reallife.jpg
L2436,Electric Substation,,Vice City International Airport,"Electric Substation, Vice City International Airport",-1884.2965798539449,-1524.0664923547536,"11775 SW 99th Ave, Miami, FL 33176, USA",25.6604977,-80.3550313,l4 unconfirmed,landmarks/Vice_City_International_Airport/L2436_Electric_Substation_ingame.jpg,landmarks/Vice_City_International_Airport/L2436_Electric_Substation_reallife.jpg
L2437,?,Downtown,Vice City,"?, Catalan Blvd, Downtown, Vice City",-490.5667864376268,221.77725253169422,"440 NE 5th St, Miami, FL 33132, USA",25.7784703,-80.1889886,l4,landmarks/Vice_City/L2437_unnamed_ingame.jpg,landmarks/Vice_City/L2437_unnamed_reallife.jpg
L2438,?,,Vice City,"?, Vice City",-1469.9250000000002,-974.7049999999999,"2945 NW 21st Ter, Miami, FL 33142, USA",25.7963117,-80.24274559999999,l4,landmarks/Vice_City/L2438_unnamed_ingame.jpg,landmarks/Vice_City/L2438_unnamed_reallife.jpg
L2439,?,,Vice City,"?, Vice City",-1523.825,-973.4364999999999,"4111 NW 31st St, Miami, FL 33142, USA",25.803764,-80.2629723,l4,landmarks/Vice_City/L2439_unnamed_ingame.jpg,landmarks/Vice_City/L2439_unnamed_reallife.jpg
L2440,?,Southside,Vice City,"?, SW 3rd Ave, Southside, Vice City",-1970.2540000000004,-2007.183,"Mamalou's Kitchen, 10000 SW 182nd St, Miami, FL 33157, USA",25.6003729,-80.3558881,closed restaurant,,landmarks/Vice_City/L2440_unnamed_reallife.jpg
L2441,?,Southside,Vice City,"?, Calderone Ave, Southside, Vice City",-1963.7329999999997,-1971.792,"18216 Homestead Ave, Miami, FL 33157, USA",25.5999502,-80.35609079999999,l1 l4 residential,landmarks/Vice_City/L2441_unnamed_ingame.jpg,landmarks/Vice_City/L2441_unnamed_reallife.jpg
L2442,?,,Vice City International Airport,"?, Vice City International Airport",-1916.5297899832076,-619.9094534071828,,,,l4,landmarks/Vice_City_International_Airport/L2442_unnamed_ingame.jpg,
L2443,?,,Vice City International Airport,"?, Vice City International Airport",-1853.523184974811,-545.7841154346999,,,,l4,landmarks/Vice_City_International_Airport/L2443_unnamed_ingame.jpg,
L2444,Gator's Piano Bar?,,Vice City,"Gator's Piano Bar?, Vice City",-1793.8906828706718,-506.9485423574028,,,,#bar l4 leisure,landmarks/Vice_City/L2444_Gators_Piano_Bar_ingame.jpg,
L2445,X Hotel Parking Lot,,Vice City,"X Hotel Parking Lot, Vice City",-1737.0001413275854,-461.0065352141803,,,,l4,landmarks/Vice_City/L2445_X_Hotel_Parking_Lot_ingame.jpg,
L2446,Covered Parking Lot,,Vice City,"Covered Parking Lot, Vice City",-1673.974006187464,-421.35056038348165,"4101 NW 31st St, Miami, FL 33142, USA",25.8050307,-80.26122939999999,,landmarks/Vice_City/L2446_Covered_Parking_Lot_ingame.jpg,landmarks/Vice_City/L2446_Covered_Parking_Lot_reallife.jpg
L2447,?,,Vice City,"?, Vice City",-1619.4426549672678,-532.9331776964391,,,,l4,landmarks/Vice_City/L2447_unnamed_ingame.jpg,
L2448,?,,Vice City,"?, Vice City",-1546.6269750378171,-577.3021970000652,,,,l4,landmarks/Vice_City/L2448_unnamed_ingame.jpg,
L2449,?,,Vice City,"?, Vice City",-1528.454015966256,-599.0043173450056,,,,l4,landmarks/Vice_City/L2449_unnamed_ingame.jpg,
L2450,?,Tequesta,Vice City,"?, Tequesta, Vice City",-1077.4011937604841,-1153.4155150948204,,,,l4,landmarks/Vice_City/L2450_unnamed_ingame.jpg,
L2451,Cash For Scrap Scrapyard,Southside,Vice City,"Cash For Scrap Scrapyard, Southside, Vice City",-1970.6835587768733,-1922.7180975625367,,,,l4,landmarks/Vice_City/L2451_Cash_For_Scrap_Scrapyard_ingame.jpg,
L2452,Gator Plaza Sign,Southside,Vice City,"Gator Plaza Sign, Southside, Vice City",-1946.6920546892422,-2572.7906311942584,,,,l4,landmarks/Vice_City/L2452_Gator_Plaza_Sign_ingame.jpg,
L2453,Apollo,,Peregrine Bay,"Apollo, Peregrine Bay",-1837.433672996649,-2876.1108279662053,,,,l4,landmarks/Peregrine_Bay/L2453_Apollo_ingame.jpg,
L2454,?,,Vice City,"?, Vice City",-1903.4859999999999,687.288,"Palmer Lake, Florida 33142, USA",25.8127791,-80.2377078,,,
L2455,?,,Hamlet,"?, Hamlet",-2205.38102213178,-3031.3410337977675,,,,l4,landmarks/Hamlet/L2455_unnamed_ingame.jpg,
L2456,?,,Hamlet,"?, Hamlet",-2794.868,-3273.515,,,,residential,landmarks/Hamlet/L2456_unnamed_ingame.jpg,
L2457,?,Ocean Beach,Vice Beach,"?, Ocean Beach, Vice Beach",1500.0515083443743,1164.7892890585474,"737 11th St, Miami Beach, FL, USA",25.7820178,-80.1359413,,landmarks/Vice_Beach/L2457_unnamed_ingame.jpg,landmarks/Vice_Beach/L2457_unnamed_reallife.jpg
L2458,?,,Bluegrass,"?, Bluegrass",-2275.061,-2553.13,,,,l4,landmarks/Bluegrass/L2458_unnamed_ingame.jpg,
L2459,?,,Bluegrass,"?, Bluegrass",-2282.271,-2491.448,,,,l4,landmarks/Bluegrass/L2459_unnamed_ingame.jpg,
L2460,?,,Vice City International Airport,"?, Vice City International Airport",-2749.4289999999996,-69.44086874615073,,,,l4,landmarks/Vice_City_International_Airport/L2460_unnamed_ingame.jpg,
L2461,?,,Vice City International Airport,"?, Vice City International Airport",-1976.3897161629716,-867.7401859924144,"11 Miad Cir, Miami, FL 33126, USA",25.794517,-80.27314229999999,l4,landmarks/Vice_City_International_Airport/L2461_unnamed_ingame.jpg,landmarks/Vice_City_International_Airport/L2461_unnamed_reallife.jpg
L2462,?,,Vice City,"?, Vice City",-1242.849,-2654.28,,,,l4,landmarks/Vice_City/L2462_unnamed_ingame.jpg,
L2463,?,,Vice City,"?, Vice City",-1205.567044765202,-2703.260012683198,,,,l4,landmarks/Vice_City/L2463_unnamed_ingame.jpg,
L2464,?,,Vice City,"?, Vice City",-1163.8984074858008,-2749.313360250351,,,,l4,landmarks/Vice_City/L2464_unnamed_ingame.jpg,
L2465,?,,Vice City,"?, Vice City",-1122.2297702064,-2802.6799191744003,,,,l4,landmarks/Vice_City/L2465_unnamed_ingame.jpg,
L2466,?,,Vice City,"?, Vice City",-957.7482872420003,-2777.0937468292004,"1 Arvida Pkwy, Miami, FL 33156, USA",25.6880019,-80.2523434,l4,landmarks/Vice_City/L2466_unnamed_ingame.jpg,landmarks/Vice_City/L2466_unnamed_reallife.jpg
L2467,Train Bridge,,Kelly County,"Train Bridge, Kelly County",-5336.643995086294,4547.807483548337,,,,,landmarks/Kelly_County/L2467_Train_Bridge_ingame.jpg,landmarks/Kelly_County/L2467_Train_Bridge_reallife.jpg
L2468,?,,Vice City,"?, Vice City",-2387.649726086729,307.51620543495324,,,,l4,landmarks/Vice_City/L2468_unnamed_ingame.jpg,
L2469,?,,Vice City,"?, Vice City",-2432.4755891300933,406.55013695663547,,,,l4,landmarks/Vice_City/L2469_unnamed_ingame.jpg,
L2470,?,,Vice City,"?, Vice City",-2318.851835587069,142.80692602284353,,,,hotel,,
L2471,Break Inn,,Vice City,"Break Inn, Vice City",-1885.106494024752,-28.77187569123157,"Holiday Inn Miami International Airport, 1111 S Royal Poinciana Blvd, Miami Springs, FL 33166, USA",25.8091518,-80.26358979999999,hotel l4,landmarks/Vice_City/L2471_Break_Inn_ingame.jpg,landmarks/Vice_City/L2471_Break_Inn_reallife.jpg
L2472,?,,Vice City,"?, Vice City",-295.384,-41.07,"401 Biscayne Blvd, Miami, FL 33132, USA",25.7789868,-80.1871578,,,
L2473,Bridge,,Vice City,"Bridge, Vice City",-1408.1060165922104,54.359473037658745,"5th Street Bridge, NW 5th St, Miami, FL 33128, USA",25.7783216,-80.2069642,transportation,landmarks/Vice_City/L2473_Bridge_ingame.jpg,landmarks/Vice_City/L2473_Bridge_reallife.jpg
L2474,?,,Port Gellhorn,"?, Port Gellhorn",-6383.0560000000005,3906.832,"237 N Tyndall Pkwy, Panama City, FL 32404, USA",30.1506844,-85.5918612,demolished retail,landmarks/Port_Gellhorn/L2474_unnamed_ingame.jpg,landmarks/Port_Gellhorn/L2474_unnamed_reallife.jpg
L2475,Money Shift,,Port Gellhorn,"Money Shift, Port Gellhorn",-6390.0560000000005,3914.832,"243 N Tyndall Pkwy, Callaway, FL 32404, USA",30.1508026,-85.5920402,demolished retail,landmarks/Port_Gellhorn/L2475_Money_Shift_ingame.jpg,landmarks/Port_Gellhorn/L2475_Money_Shift_reallife.jpg
L2476,?,,Port Gellhorn,"?, Port Gellhorn",-6390.0560000000005,3921.832,"243 N Tyndall Pkwy, Callaway, FL 32404, USA",30.1508026,-85.5920402,demolished retail,landmarks/Port_Gellhorn/L2476_unnamed_ingame.jpg,landmarks/Port_Gellhorn/L2476_unnamed_reallife.jpg
L2477,?,,Port Gellhorn,"?, Port Gellhorn",-6390.0560000000005,3931.332,"243 N Tyndall Pkwy, Callaway, FL 32404, USA",30.1508026,-85.5920402,demolished retail,landmarks/Port_Gellhorn/L2477_unnamed_ingame.jpg,landmarks/Port_Gellhorn/L2477_unnamed_reallife.jpg
L2478,Complete Tools,,Port Gellhorn,"Complete Tools, Port Gellhorn",-6347.556,3784.8320000000003,,,,l4,landmarks/Port_Gellhorn/L2478_Complete_Tools_ingame.jpg,
L2479,?,,Port Gellhorn,"?, Port Gellhorn",-6355.5560000000005,3810.832,,,,demolished l4 retail,landmarks/Port_Gellhorn/L2479_unnamed_ingame.jpg,
L2480,?,,Port Gellhorn,"?, Port Gellhorn",-6355.155,3967.798,,,,l4,landmarks/Port_Gellhorn/L2480_unnamed_ingame.jpg,
L2481,?,,Port Gellhorn,"?, Port Gellhorn",-6429.738729864496,3978.287530641048,,,,,landmarks/Port_Gellhorn/L2481_unnamed_ingame.jpg,
L2482,?,Ocean Beach,Vice Beach,"?, Ocean Beach, Vice Beach",1652.2532247153013,-439.8343820329215,,,,,,
L2483,Train Bridge,,Leonida,"Train Bridge, Leonida",-2614.303020635046,5341.000826824083,,,,transportation,,
L2484,?,,Peregrine Bay,"?, Peregrine Bay",-2013.6836490759224,-2797.97459630369,"CHH2+JX9 Florida City, Florida, USA",25.4290375,-80.4475156,industrial unconfirmed,,
L2485,Lake,St Joseph,Lummox County,"Lake, St Joseph, Lummox County",-578.3673284043327,6414.901562127557,,,,,,
L2486,?,Crosstown,Vice City,"?, Crosstown, Vice City",-827.237,912.3647186257615,"715 NW 20th St, Miami, FL 33127, USA",25.795473,-80.207475,,landmarks/Vice_City/L2486_unnamed_ingame.jpg,landmarks/Vice_City/L2486_unnamed_reallife.jpg
L2487,Lake,,Mariana County,"Lake, Mariana County",-2951.137982726084,-4548.9429693641105,"8PGF+9JP North Key Largo, FL 33037, USA",25.3259625,-80.2759219,natural unconfirmed,,landmarks/Mariana_County/L2487_Lake_reallife.jpg
L2488,Lake,,Lummox County,"Lake, Lummox County",-1932.404,6080.91836406907,,,,,,
L2489,Reservoir,,Lummox County,"Reservoir, Lummox County",-2901.9755579970943,6720.911557997094,,,,,,
L2490,Lake,,Lummox County,"Lake, Lummox County",-1627.7186520174337,7043.303652017434,,,,,,
L2491,?,Downtown,Vice City,"?, Downtown, Vice City",-938.2921625464694,-666.8864236988811,,,,l4,landmarks/Vice_City/L2491_unnamed_ingame.jpg,
L2492,Metro Station,Tequesta,Vice City,"Metro Station, Tequesta, Vice City",-799.1357454237536,-859.0232140025942,"Fifth Street Station, Miami, FL 33131, USA",25.7691431,-80.192229,l4 transportation,landmarks/Vice_City/L2492_Metro_Station_ingame.jpg,landmarks/Vice_City/L2492_Metro_Station_reallife.jpg
L2493,?,Crosstown,Vice City,"?, Crosstown, Vice City",-460.8140000000001,970.319,,,,construction,landmarks/Vice_City/L2493_unnamed_ingame.jpg,
L2494,Lake,,Lummox County,"Lake, Lummox County",-3338.172,7263.731696620223,,,,natural,landmarks/Lummox_County/L2494_Lake_ingame.jpg,landmarks/Lummox_County/L2494_Lake_reallife.jpg
L2495,Bus Loop?,Bayside,Vice City,"Bus Loop?, Bayside, Vice City",-585.5852772617461,748.1912180939696,,,,l4,landmarks/Vice_City/L2495_Bus_Loop_ingame.jpg,
L2496,?,Downtown,Vice City,"?, Downtown, Vice City",-719.1190000000001,452.102,"1112 N Miami Ave, Miami, FL 33136, USA",25.7850252,-80.1942201,#nightclub l4 unconfirmed,landmarks/Vice_City/L2496_unnamed_ingame.jpg,landmarks/Vice_City/L2496_unnamed_reallife.jpg
L2497,Lake,,Lummox County,"Lake, Lummox County",-2840.0082333643504,6291.838463796935,,,,natural,,
L2498,Train Bridge,,Redhill,"Train Bridge, Redhill",-3629.535158307118,7268.24420365142,,,,,,
L2499,?,,Lummox County,"?, Lummox County",-99.81737550565094,5941.301262772619,"Anastasia State Park, 300 Anastasia Park Rd, St. Augustine, FL 32080, USA",29.8732423,-81.27637849999999,natural unconfirmed,landmarks/Lummox_County/L2499_unnamed_ingame.jpg,landmarks/Lummox_County/L2499_unnamed_reallife.jpg
L2500,?,Ocean Beach,Vice Beach,"?, Ocean Beach, Vice Beach",2336.839,-1008.4275,"QV6F+RR2 Miami Beach, Florida, USA",25.7620125,-80.12548439999999,,,
L2501,Park,Downtown,Vice City,"Park, Downtown, Vice City",-493.480396662131,-9.998668696800621,,,,l4,landmarks/Vice_City/L2501_Park_ingame.jpg,
L2502,?,Downtown,Vice City,"?, Downtown, Vice City",-491.4423793878552,-354.8735926810183,"200 S Miami Ave, Miami, FL 33130, USA",25.772371,-80.1941756,,landmarks/Vice_City/L2502_unnamed_ingame.jpg,landmarks/Vice_City/L2502_unnamed_reallife.jpg
L2503,Lake,,Mariana County,"Lake, Mariana County",-3253.509,-1632.173,,,,natural,,
L2504,?,Downtown,Vice City,"?, Downtown, Vice City",-497.6479999999999,-140.959,"New World Tower, 111 NE 3rd Ave, Miami, FL 33132, USA",25.7758125,-80.1882476,l4,landmarks/Vice_City/L2504_unnamed_ingame.jpg,landmarks/Vice_City/L2504_unnamed_reallife.jpg
L2505,Vicycle,Rockridge,Vice City,"Vicycle, Rockridge, Vice City",-1305.764,585.9000000000001,"726 W Flagler St, Miami, FL 33130, USA",25.7735833,-80.2066686,demolished,landmarks/Vice_City/L2505_Vicycle_ingame.jpg,landmarks/Vice_City/L2505_Vicycle_reallife.jpg
L2506,Go Postal,Rockridge,Vice City,"Go Postal, Rockridge, Vice City",-1278.3249999999998,607.7910000000002,,,,l6,landmarks/Vice_City/L2506_Go_Postal_ingame.jpg,
L2507,"""Welcome to Hamlet"" Sign",,Hamlet,"""Welcome to Hamlet"" Sign, Hamlet",-2221.101753827009,-3207.3817196639807,,,,l4 landmark,landmarks/Hamlet/L2507_Welcome_to_Hamlet_Sign_ingame.jpg,
L2508,?,Southside,Vice City,"?, Calderone Ave, Southside, Vice City",-1636.5879999999997,-1661.529,,,,l4,landmarks/Vice_City/L2508_unnamed_ingame.jpg,
L2509,?,,Leonard County,"?, Leonard County",-654.3329583309205,3168.8052083453977,,,,l4,landmarks/Leonard_County/L2509_unnamed_ingame.jpg,
L2510,?,,Leonard County,"?, Leonard County",-540.8848333236815,3173.781125007238,,,,l4,landmarks/Leonard_County/L2510_unnamed_ingame.jpg,
L2511,?,,Leonard County,"?, Leonard County",-1040.455,2312.968,,,,l4,landmarks/Leonard_County/L2511_unnamed_ingame.jpg,
L2512,?,,Leonard County,"?, Leonard County",-978.7547638945189,2288.0894861199586,,,,l4,landmarks/Leonard_County/L2512_unnamed_ingame.jpg,
L2513,?,,Leonard County,"?, Leonard County",-921.0352777745607,2269.181444450878,,,,l4,landmarks/Leonard_County/L2513_unnamed_ingame.jpg,
L2514,?,,Waning Sands,"?, Waning Sands",277.41591666184104,3204.63136111272,,,,l4,landmarks/Waning_Sands/L2514_unnamed_ingame.jpg,
L2515,?,,Waning Sands,"?, Waning Sands",390.8641250072387,3227.520250014477,,,,,,
L2516,?,,Starfish Island,"?, Stafish Island",968.8066012459723,607.4298130253529,"46 W Star Island Dr, Miami Beach, FL 33139, USA",25.7808944,-80.15116979999999,l4,landmarks/Starfish_Island/L2516_unnamed_ingame.jpg,landmarks/Starfish_Island/L2516_unnamed_reallife.jpg
L2517,R,,Bohemia,"R, Bohemia",-326.31137790162506,2215.3962674097506,,,,retail,landmarks/Bohemia/L2517_R_ingame.jpg,
L2518,?,,Bohemia,"?, Bohemia",-382.86097678699934,2166.3305116065003,,,,l4,landmarks/Bohemia/L2518_unnamed_ingame.jpg,
L2519,?,,Bohemia,"?, Bohemia",-411.96815691787606,2162.5882674097506,,,,l4,landmarks/Bohemia/L2519_unnamed_ingame.jpg,
L2520,?,Bayside,Vice City,"?, Bayside, Vice City",-303.246,1054.237,"Beach Volleyball, Margaret Pace Park Baywalk, Miami, FL 33132, USA",25.7930431,-80.1860765,leisure,landmarks/Vice_City/L2520_unnamed_ingame.jpg,landmarks/Vice_City/L2520_unnamed_reallife.jpg
L2521,?,,Lummox County,"?, Lummox County",-1071.1538353240835,5204.734649696509,,,,,,
L2522,?,,Peacock Bay,"?, Peacock Bay",-1260.637,-1785.227,,,,l4,landmarks/Peacock_Bay/L2522_unnamed_ingame.jpg,
L2523,?,,Peacock Bay,"?, Peacock Bay",-1232.137,-1755.977,,,,l4,landmarks/Peacock_Bay/L2523_unnamed_ingame.jpg,
L2524,?,,Peacock Bay,"?, Peacock Bay",-1226.637,-1778.227,,,,l4,landmarks/Peacock_Bay/L2524_unnamed_ingame.jpg,
L2525,Marina,Peacock Bay,Vice City,"Marina, Peacock Bay, Vice City",-923.4626403053164,-2356.968980879424,"Dinner Key Marina, SW 27th Ave, Miami, FL 33133, USA",25.72650877952778,-80.23440918827896,l4,landmarks/Vice_City/L2525_Marina_ingame.jpg,
L2526,?,,Catalan Key,"?, Catalan Key",-176.7041089888719,-2504.793108988872,,,,l4 residential,landmarks/Catalan_Key/L2526_unnamed_ingame.jpg,
L2527,?,,Catalan Key,"?, Catalan Key",-201.42000000000007,-2536.128623970325,,,,l4 residential,landmarks/Catalan_Key/L2527_unnamed_ingame.jpg,
L2528,?,,Catalan Key,"?, Catalan Key",-227.018,-2561.286,,,,l4 residential,landmarks/Catalan_Key/L2528_unnamed_ingame.jpg,
L2529,?,,Catalan Key,"?, Catalan Key",-250.85099999999989,-2588.2085149814534,,,,l4 residential,landmarks/Catalan_Key/L2529_unnamed_ingame.jpg,
L2530,?,,Mariana County,"?, Mariana County",-7878.845000000001,-497.439,"Sanibel City Pier, Fishing Pier, Sanibel, FL 33957, USA",26.4545499,-82.01550499999999,unconfirmed,,
L2531,?,,Lummox County,"?, Lummox County",-3117.015279352458,8236.459039136611,,,,,,
L2532,?,,Mariana County,"?, Mariana County",-3830.776333468957,-2149.7003935091006,,,,l4,landmarks/Mariana_County/L2532_unnamed_ingame.jpg,
L2533,?,,Mariana County,"?, Mariana County",-4290.525187547741,-1959.5786874713554,,,,l4,landmarks/Mariana_County/L2533_unnamed_ingame.jpg,
L2534,?,,Mariana County,"?, Mariana County",-3518.1342790553203,-2084.626854671629,,,,l4,landmarks/Mariana_County/L2534_unnamed_ingame.jpg,
L2535,?,Goliath,Mariana County,"?, Goliath, Mariana County",-3879.0888286434297,-1442.0863949025068,"VJFG+H3M Medley, Florida, USA",25.8739625,-80.3748281,l4,landmarks/Mariana_County/L2535_unnamed_ingame.jpg,landmarks/Mariana_County/L2535_unnamed_reallife.jpg
L2536,?,Goliath,Mariana County,"?, Goliath, Mariana County",-3822.129659782324,-1449.2359097779527,"VJFG+RFG Medley, Florida, USA",25.8745625,-80.3737969,l4,landmarks/Mariana_County/L2536_unnamed_ingame.jpg,landmarks/Mariana_County/L2536_unnamed_reallife.jpg
L2537,Alpha,Ocean Beach,Vice Beach,"Alpha, Ocean Beach, Vice Beach",1722.2922736780527,-149.04826660282458,"TD Bank, 500 South Pointe Dr, Miami Beach, FL 33139, USA",25.7681096,-80.1346731,,landmarks/Vice_Beach/L2537_Alpha_ingame.jpg,landmarks/Vice_Beach/L2537_Alpha_reallife.jpg
L2538,?,Ocean Beach,Vice Beach,"?, Ocean Beach, Vice Beach",1745.7223186925635,-157.51643096055665,"500 South Pointe Dr, Miami Beach, FL 33139, USA",25.7681096,-80.1346731,,landmarks/Vice_Beach/L2538_unnamed_ingame.jpg,landmarks/Vice_Beach/L2538_unnamed_reallife.jpg
L2539,?,Ocean Beach,Vice Beach,"?, Ocean Beach, Vice Beach",1932.795,-155.806,"40 South Pointe Dr Apt 109, Miami Beach, FL 33139, USA",25.7681858,-80.1330692,,landmarks/Vice_Beach/L2539_unnamed_ingame.jpg,landmarks/Vice_Beach/L2539_unnamed_reallife.jpg
L2540,?,Ocean Beach,Vice Beach,"?, Ocean Beach, Vice Beach",1844.8939999999998,-121.25799999999998,"100 Ocean Dr, Miami Beach, FL 33139, USA",25.7697656,-80.13330049999999,,landmarks/Vice_Beach/L2540_unnamed_ingame.jpg,landmarks/Vice_Beach/L2540_unnamed_reallife.jpg
L2541,Ride & Glide,,Vice City,"Ride & Glide, Vice City",-1772.9985000000001,117.12599999999998,"Park N Fly, 3901 NW 28th St, Miami, FL 33142, USA",25.8013444,-80.26140140000001,,landmarks/Vice_City/L2541_Ride_Glide_ingame.jpg,landmarks/Vice_City/L2541_Ride_Glide_reallife.jpg
L2542,?,,Vice City,"?, Vice City",-1904.3825000000002,110.83699999999999,"3901 NW 28th St, Miami, FL 33142, USA",25.8016617,-80.2613066,,landmarks/Vice_City/L2542_unnamed_ingame.jpg,landmarks/Vice_City/L2542_unnamed_reallife.jpg
L2543,?,,Vice City,"?, Vice City",-1693.931,-30.482999999999947,"3333 NW 21st St, Miami, FL 33142, USA",25.7955627,-80.2505582,,landmarks/Vice_City/L2543_unnamed_ingame.jpg,landmarks/Vice_City/L2543_unnamed_reallife.jpg
L2544,?,,Vice City,"?, Vice City",-1708.431,4.017000000000053,"2101 NW 34th Ave, Miami, FL 33142, USA",25.795644,-80.25094759999999,,landmarks/Vice_City/L2544_unnamed_ingame.jpg,landmarks/Vice_City/L2544_unnamed_reallife.jpg
L2545,?,,Vice City,"?, Vice City",-1676.275,22.609500000000025,"2185 NW 34th Ave, Miami, FL 33142, USA",25.7960349,-80.25082189999999,,landmarks/Vice_City/L2545_unnamed_ingame.jpg,landmarks/Vice_City/L2545_unnamed_reallife.jpg
L2546,?,,Vice City,"?, Vice City",-1641.8714406086085,180.2743919340411,,,,,landmarks/Vice_City/L2546_unnamed_ingame.jpg,
L2547,?,,Vice City,"?, Vice City",-1599.3228661892408,22.437154141566793,"1122 NW S River Dr, Miami, FL 33125, USA",25.7813713,-80.214034,,landmarks/Vice_City/L2547_unnamed_ingame.jpg,landmarks/Vice_City/L2547_unnamed_reallife.jpg
L2548,?,,Vice City,"?, Vice City",-1562.5645,145.70100000000002,,,,,landmarks/Vice_City/L2548_unnamed_ingame.jpg,
L2549,?,Little Cuba,Vice City,"?, Little Cuba, Vice City",-1389.8976497284325,95.36876648562168,"QQHV+89M Miami, Florida, USA",25.7783375,-80.2065781,,landmarks/Vice_City/L2549_unnamed_ingame.jpg,landmarks/Vice_City/L2549_unnamed_reallife.jpg
L2550,?,Salton,Vice City,"?, Salton, Vice City",-1611.85549384083,-495.104922028671,,,,,landmarks/Vice_City/L2550_unnamed_ingame.jpg,
L2551,?,Salton,Vice City,"?, Salton, Vice City",-1605.6335950726639,-428.44172094117823,,,,,landmarks/Vice_City/L2551_unnamed_ingame.jpg,
L2552,Electric Substation,,Vice City International Airport,"Electric Substation, Vice City Internation Airport",-1952.282618333169,-197.3423255798317,,,,,landmarks/Vice_City_International_Airport/L2552_Electric_Substation_ingame.jpg,
L2553,Parking Lot,,Vice City,"Parking Lot, Vice City",-1878.5086087671793,-106.68086456549628,,,,,landmarks/Vice_City/L2553_Parking_Lot_ingame.jpg,
L2554,?,,Vice City,"?, Vice City",-1969.7885076333876,-65.94677331997423,,,,,landmarks/Vice_City/L2554_unnamed_ingame.jpg,
L2555,?,,Vice City,"?, Vice City",-1779.4162411705433,-88.79825213886323,,,,,landmarks/Vice_City/L2555_unnamed_ingame.jpg,
L2556,?,,Vice City,"?, Vice City",-1746.6329792918768,-110.04666261577654,,,,,landmarks/Vice_City/L2556_unnamed_ingame.jpg,
L2557,?,,Vice City,"?, Vice City",-1700.4930974421977,-108.83231303471584,,,,,landmarks/Vice_City/L2557_unnamed_ingame.jpg,
L2558,Parking Lot,,Vice City,"Parking Lot, Vice City",-1611.857358092347,-110.04786237007312,,,,,landmarks/Vice_City/L2558_Parking_Lot_ingame.jpg,
L2559,Gas Station,,Vice City,"Gas Station, Vice City",-1558.4017585562883,-65.25953945240536,,,,,landmarks/Vice_City/L2559_Gas_Station_ingame.jpg,
L2560,?,,Vice City,"?, Vice City",-1489.6061048537244,-41.01726148102563,,,,,landmarks/Vice_City/L2560_unnamed_ingame.jpg,
L2561,?,,Vice City,"?, Vice City",-1409.431,-59.483000000000004,,,,,landmarks/Vice_City/L2561_unnamed_ingame.jpg,
L2562,?,,Vice City,"?, Vice City",-1331.431,178.017,,,,,landmarks/Vice_City/L2562_unnamed_ingame.jpg,
L2563,?,Little Cuba,Vice City,"?, Little Cuba, Vice City",-1288.7459426282612,232.16050576320254,,,,,landmarks/Vice_City/L2563_unnamed_ingame.jpg,
L2564,?,,Vice City,"?, Vice City",-1039.931,62.516999999999996,,,,,landmarks/Vice_City/L2564_unnamed_ingame.jpg,
L2565,?,,Vice City,"?, Vice City",-1037.431,20.516999999999996,,,,,landmarks/Vice_City/L2565_unnamed_ingame.jpg,
L2566,?,Little Cuba,Vice City,"?, Little Cuba, Vice City",-1178.431,220.517,,,,,landmarks/Vice_City/L2566_unnamed_ingame.jpg,
L2567,?,Little Cuba,Vice City,"?, Little Cuba, Vice City",-1183.431,246.517,,,,,landmarks/Vice_City/L2567_unnamed_ingame.jpg,
L2568,?,Salton,Vice City,"?, Salton, Vice City",-1144.413986308142,-660.9065350018312,,,,,landmarks/Vice_City/L2568_unnamed_ingame.jpg,
L2569,?,,Vice City,"?, Salton Vice City",-1156.581183805395,-633.1923629247547,,,,,landmarks/Vice_City/L2569_unnamed_ingame.jpg,
L2570,?,Little Cuba,Vice City,"?, Little Cuba, Vice City",-1199.0550868549813,-168.87437583804717,,,,,landmarks/Vice_City/L2570_unnamed_ingame.jpg,landmarks/Vice_City/L2570_unnamed_reallife.jpg
L2571,?,Salton,Vice City,"?, Salton, Vice City",-1320.8181275141415,-411.5987611488018,,,,,landmarks/Vice_City/L2571_unnamed_ingame.jpg,
L2572,?,,Vice City,"?, Vice City",-1524.266,201.00099999999998,,,,,landmarks/Vice_City/L2572_unnamed_ingame.jpg,
L2573,Parking Lot,Downtown,Vice City,"Parking Lot, Downtown, Vice City",-437.56100000000004,8.829999999999984,"Lot 19 Section 4, 384 NE 2nd St, Miami, FL 33132, USA",25.7758003,-80.18767079999999,l4,landmarks/Vice_City/L2573_Parking_Lot_ingame.jpg,landmarks/Vice_City/L2573_Parking_Lot_reallife.jpg
L2574,Parking Lot,Downtown,Vice City,"Parking Lot, Downtown, Vice City",-445.56100000000004,121.32999999999998,"Lot 19-3, Miami, FL 33132, USA",25.7765856,-80.1878551,,,landmarks/Vice_City/L2574_Parking_Lot_reallife.jpg
L2575,Parking Lot,Downtown,Vice City,"Parking Lot, Downtown, Vice City",-505.3040657231543,111.3525752739315,,,,l4,landmarks/Vice_City/L2575_Parking_Lot_ingame.jpg,
L2576,?,Little Cuba,Vice City,"?, Little Cuba, Vice City",-1015.4721118799604,192.13404475198422,,,,,landmarks/Vice_City/L2576_unnamed_ingame.jpg,
L2577,?,Little Cuba,Vice City,"?, Little Cuba, Vice City",-1138.4144289227677,-181.60931495325903,,,,,landmarks/Vice_City/L2577_unnamed_ingame.jpg,
L2578,?,Downtown,Vice City,"?, Downtown, Vice City",-842.633,859.0070000000001,,,,l4,landmarks/Vice_City/L2578_unnamed_ingame.jpg,
L2579,?,,Vice City,"?, Vice City",-1554.272,58.013000000000034,"1103 NW S River Dr, Miami, FL 33136, USA",25.7808979,-80.2138892,,landmarks/Vice_City/L2579_unnamed_ingame.jpg,landmarks/Vice_City/L2579_unnamed_reallife.jpg
L2580,?,Ocean Beach,Vice Beach,"?, Ocean Beach, Vice Beach",,,"445 Española Wy, Miami Beach, FL 33139, USA",25.787008,-80.132865,,landmarks/Vice_Beach/L2580_unnamed_ingame.jpg,landmarks/Vice_Beach/L2580_unnamed_reallife.jpg
L2581,?,Downtown,Vice City,"?, Downtown, Vice City",-684.1285224724194,940.7688996783181,,,,,landmarks/Vice_City/L2581_unnamed_ingame.jpg,
L2582,?,,Vice City,"?, Vice City",-1520.3785,2.151499999999942,,,,,landmarks/Vice_City/L2582_unnamed_ingame.jpg,
L2583,?,Crosstown,Vice City,"?, Crosstown, Vice City",-774.8899999999999,661.647,,,,l4 retail,landmarks/Vice_City/L2583_unnamed_ingame.jpg,
L2584,Go Postal Office,Ocean Beach,Vice Beach,"Go Postal Office, Ocean Beach, Vice Beach",1431.461,1208.302,"1621 Alton Rd, Miami Beach, FL 33139, USA",25.7897425,-80.1410166,,landmarks/Vice_Beach/L2584_Go_Postal_Office_ingame.jpg,landmarks/Vice_Beach/L2584_Go_Postal_Office_reallife.jpg
L2586,?,,Vice-Dale County,"?, Vice-Dale County",460.4026945492834,143.22143272859813,,,,,landmarks/Vice-Dale_County/L2586_unnamed_ingame.jpg,
L2587,?,Ocean Beach,Vice Beach,"?, Ocean Beach, Vice Beach",1709.0263032384526,-34.701424141800715,"81 Washington Ave, Miami Beach, FL 33139, USA",25.7697102,-80.1347811,,landmarks/Vice_Beach/L2587_unnamed_ingame.jpg,landmarks/Vice_Beach/L2587_unnamed_reallife.jpg
L2588,?,Ocean Beach,Vice Beach,"?, Ocean Beach, Vice Beach",1693.3545,71.67399999999998,"The Brooklyn Hotel, 320 Euclid Ave, Miami Beach, FL 33139, USA",25.7728079,-80.13521,hotel,landmarks/Vice_Beach/L2588_unnamed_ingame.jpg,landmarks/Vice_Beach/L2588_unnamed_reallife.jpg
L2589,?,Ocean Beach,Vice Beach,"?, Ocean Beach, Vice Beach",1697.3188604897327,189.63747507706393,,,,,landmarks/Vice_Beach/L2589_unnamed_ingame.jpg,
L2590,?,Ocean Beach,Vice Beach,"?, Ocean Beach, Vice Beach",1775.446,56.09699999999998,"334 Washington Ave, Miami Beach, FL 33139, USA",25.7730727,-80.13470819999999,,landmarks/Vice_Beach/L2590_unnamed_ingame.jpg,landmarks/Vice_Beach/L2590_unnamed_reallife.jpg
L2591,Bus Station,,Vice City,"Bus Station, Vice City",-1471.4711762274474,-156.82388113723647,,,,transportation unconfirmed,landmarks/Vice_City/L2591_Bus_Station_ingame.jpg,
L2592,?,Ocean Beach,Vice Beach,"?, Ocean Beach, Vice Beach",1647.416,-35.202,,,,,landmarks/Vice_Beach/L2592_unnamed_ingame.jpg,
L2593,?,Ocean Beach,Vice Beach,"?, Ocean Beach, Vice Beach",1660.944,244.793,"Fifth and Alton, 1100 5th St, Miami Beach, FL 33139, USA",25.7754878,-80.14009089999999,,landmarks/Vice_Beach/L2593_unnamed_ingame.jpg,
L2594,?,Ocean Beach,Vice Beach,"?, Ocean Beach, Vice Beach",1766.944,83.293,,,,,landmarks/Vice_Beach/L2594_unnamed_ingame.jpg,
L2595,?,Rockridge,Vice City,"?, Rockridge, Vice City",-1257.43,627.093,,,,l6,landmarks/Vice_City/L2595_unnamed_ingame.jpg,
L2596,?,Ocean Beach,Vice Beach,"?, Ocean Beach, Vice Beach",1816.964,-175.39100000000002,"Portofino Tower, Miami Beach, FL 33139, USA",25.767862,-80.1341808,,landmarks/Vice_Beach/L2596_unnamed_ingame.jpg,landmarks/Vice_Beach/L2596_unnamed_reallife.jpg
L2597,?,Ocean Beach,Vice Beach,"?, Ocean Beach, Vice Beach",1713.72,879.105,"1436 Washington Ave, Miami Beach, FL 33139, USA",25.786764,-80.13195309999999,,landmarks/Vice_Beach/L2597_unnamed_ingame.jpg,landmarks/Vice_Beach/L2597_unnamed_reallife.jpg
L2598,?,,Lummox County,"?, Lummox County",-1176.719,7604.245,"Fort Clinch, Fernandina Beach, FL 32034, USA",30.7046609,-81.4540537,landmark unconfirmed,,
L2599,Adelphila? Jewelry,Ocean Beach,Vice Beach,"Adelphila? Jewelry, Ocean Beach, Vice Beach",1763.464,-155.89100000000002,"500 South Pointe Dr, Miami Beach, FL 33139, USA",25.7681096,-80.1346731,,landmarks/Vice_Beach/L2599_Adelphila_Jewelry_ingame.jpg,landmarks/Vice_Beach/L2599_Adelphila_Jewelry_reallife.jpg
L2600,Key Lento Sign,,Key Lento,"Key Lento Sign, Key Lento",-2055.209,-5411.039,"Key Largo Sign, 106309 Overseas Hwy, Key Largo, FL 33037, USA",25.1703459,-80.3749355,l4 landmark,landmarks/Key_Lento/L2600_Key_Lento_Sign_ingame.jpg,landmarks/Key_Lento/L2600_Key_Lento_Sign_reallife.jpg
L2601,?,Ocean Beach,Vice Beach,"?, Ocean Beach, Vice Beach",1857.464,-176.89100000000002,"QV98+6F2 Miami Beach, Florida, USA",25.7680125,-80.1338594,,landmarks/Vice_Beach/L2601_unnamed_ingame.jpg,landmarks/Vice_Beach/L2601_unnamed_reallife.jpg
L2602,?,,Leonard County,"?, Leonard County",-421.37365173079274,6172.794905426497,"WM5Q+FX3 St. Augustine, Florida, USA",29.9086375,-81.3100781,natural unconfirmed,landmarks/Leonard_County/L2602_unnamed_ingame.jpg,landmarks/Leonard_County/L2602_unnamed_reallife.jpg
L2603,Cell Tower,,Capri,"Cell Tower, Capri",-6888.75614342255,435.5080981054026,,,,l4 utilities,landmarks/Capri/L2603_Cell_Tower_ingame.jpg,
L2604,Cell Tower,Southside,Vice City,"Cell Tower, Calderone Ave, Southside, Vice City",-1628.3739999999998,-1646.497,,,,l4 utilities,landmarks/Vice_City/L2604_Cell_Tower_ingame.jpg,
L2605,?,,Lummox County,"?, Lummox County",-476.418,6525.435,,,,,,
L2606,"""Welcome to Hamlet"" Sign",,Hamlet,"""Welcome to Hamlet"" Sign, Hamlet",-2279.602,-3210.132,,,,l4 landmark,landmarks/Hamlet/L2606_Welcome_to_Hamlet_Sign_ingame.jpg,
L2607,Hamlet Platinum(?) Plaza,,Hamlet,"Hamlet Platinum(?) Plaza, Hamlet",-2247.741,-3241.43,"Golden Plaza, 1485 NE 1st Ave, Florida City, FL 33034, USA",25.4623555,-80.47460579999999,l4,landmarks/Hamlet/L2607_Hamlet_Platinum_Plaza_ingame.jpg,landmarks/Hamlet/L2607_Hamlet_Platinum_Plaza_reallife.jpg
L2608,Park,Ocean Beach,Vice Beach,"Park, Ocean Beach, Vice Beach",1565.009,456.924,,,,,landmarks/Vice_Beach/L2608_Park_ingame.jpg,
L2609,Binco,,Hamlet,"Binco, Hamlet",-2224.863,-3298.517,"Edible Arrangements, 1485 NE 1st Ave, Florida City, FL 33034, USA",25.4623555,-80.47460579999999,closed l4 unconfirmed,landmarks/Hamlet/L2609_Binco_ingame.jpg,landmarks/Hamlet/L2609_Binco_reallife.jpg
L2610,?,,Goose Key,"?, Goose Key",-6584.11898753772,-6177.079981306582,"H63M+H23 Key West, Florida, USA",24.5538875,-81.7674531,natural unconfirmed,landmarks/Goose_Key/L2610_unnamed_ingame.jpg,landmarks/Goose_Key/L2610_unnamed_reallife.jpg
L2611,Mio,,Hamlet,"Mio, Hamlet",-2224.002,-3254.326,"Domino's, 1485 NE 1st Ave, Florida City, FL 33034, USA",25.4623555,-80.47460579999999,l4 unconfirmed,landmarks/Hamlet/L2611_Mio_ingame.jpg,landmarks/Hamlet/L2611_Mio_reallife.jpg
L2612,Fleeca,,Hamlet,"Fleeca, Hamlet",-2224.233,-3274.392,"Advance America, 1485 NE 1st Ave, Florida City, FL 33034, USA",25.4623555,-80.47460579999999,closed l4 unconfirmed,landmarks/Hamlet/L2612_Fleeca_ingame.jpg,landmarks/Hamlet/L2612_Fleeca_reallife.jpg
L2613,Cash...,,Hamlet,"Cash..., Hamlet",-2235.231,-3305.392,"Pawn Empeno, 1485 NE 1st Ave, Florida City, FL 33034, USA",25.4623555,-80.47460579999999,l4 unconfirmed,landmarks/Hamlet/L2613_Cash_ingame.jpg,landmarks/Hamlet/L2613_Cash_reallife.jpg
L2614,?,,Hamlet,"?, Hamlet",-2252.231,-3305.642,"Dunkin' Donuts, 1485 NE 1st Ave, Florida City, FL 33034, USA",25.4623555,-80.47460579999999,l4 unconfirmed,landmarks/Hamlet/L2614_unnamed_ingame.jpg,landmarks/Hamlet/L2614_unnamed_reallife.jpg
L2615,Paperclips,,Hamlet,"Paperclips, Hamlet",-2224.122,-3264.412,"Florida City Insurance Inc., 1485 NE 1st Ave, Florida City, FL 33034, USA",25.4621707,-80.47460509999999,l4 retail unconfirmed,landmarks/Hamlet/L2615_Paperclips_ingame.jpg,landmarks/Hamlet/L2615_Paperclips_reallife.jpg
L2616,Construction Site,,Peregrine Bay,"Construction Site, Peregrine Bay",-1629.1324556723148,-2686.1241427629084,,,,l4,landmarks/Peregrine_Bay/L2616_Construction_Site_ingame.jpg,
L2617,?,Ocean Beach,Vice Beach,"?, Ocean Beach, Vice Beach",1708.59,694.3870000000001,,,,,landmarks/Vice_Beach/L2617_unnamed_ingame.jpg,
L2618,?,Ocean Beach,Vice Beach,"?, Ocean Beach, Vice Beach",1684.59,858.387,,,,,landmarks/Vice_Beach/L2618_unnamed_ingame.jpg,
L2619,?,Ocean Beach,Vice Beach,"?, Ocean Beach, Vice Beach",1685.09,881.387,"448 Española Wy, Miami Beach, FL 33139, USA",25.786804,-80.13275089999999,,landmarks/Vice_Beach/L2619_unnamed_ingame.jpg,
L2620,Bocamar Bay,,Port Gellhorn,"Bocamar Bay, Port Gellhorn",-6938.196689020664,4476.40916965336,"Firth of Forth, United Kingdom",56.03774749999999,-3.2609567,natural,landmarks/Port_Gellhorn/L2620_Bocamar_Bay_ingame.jpg,landmarks/Port_Gellhorn/L2620_Bocamar_Bay_reallife.jpg
L2621,?,Ocean Beach,Vice Beach,"?, Ocean Beach, Vice Beach",1713.59,862.887,,,,,landmarks/Vice_Beach/L2621_unnamed_ingame.jpg,
L2622,?,Ocean Beach,Vice Beach,"?, Ocean Beach, Vice Beach",1398.5900000000001,1163.887,,,,,landmarks/Vice_Beach/L2622_unnamed_ingame.jpg,
L2623,?,Ocean Beach,Vice Beach,"?, Ocean Beach, Vice Beach",1395.59,1235.887,"1622 Bay Rd, Miami Beach, FL 33139, USA",25.7898513,-80.1438968,,landmarks/Vice_Beach/L2623_unnamed_ingame.jpg,landmarks/Vice_Beach/L2623_unnamed_reallife.jpg
L2624,Third Eye,Ocean Beach,Vice Beach,"Third Eye, Ocean Beach, Vice Beach",1428.461,1233.302,"1623 Alton Rd, Miami Beach, FL 33139, USA",25.7896776,-80.1409721,,landmarks/Vice_Beach/L2624_Third_Eye_ingame.jpg,landmarks/Vice_Beach/L2624_Third_Eye_reallife.jpg
L2625,?,Ocean Beach,Vice Beach,"?, Ocean Beach, Vice Beach",1429.961,1222.802,,,,,landmarks/Vice_Beach/L2625_unnamed_ingame.jpg,
L2626,?,,Rialto Islands,"?, Rialto Islands",508.603,1147.279,"212 W Dilido Dr, Miami Beach, FL 33139, USA",25.7887213,-80.1596821,residential reused,,landmarks/Rialto_Islands/L2626_unnamed_reallife.jpg
L2627,?,,Rialto Islands,"?, Rialto Islands",176.781,1251.809,,,,residential,,
L2628,Y Vice City,Washington Beach,Vice Beach,"Y Vice City, Washington Beach, Vice Beach",2014.086,1621.0915,"QVXF+47H Miami Beach, Florida, USA",25.7978125,-80.1267656,,landmarks/Vice_Beach/L2628_Y_Vice_City_ingame.jpg,landmarks/Vice_Beach/L2628_Y_Vice_City_reallife.jpg
L2629,?,Stockyard,Vice City,"?, Stockyard, Vice City",-348.80234642840105,1652.578295309016,,,,l4,landmarks/Vice_City/L2629_unnamed_ingame.jpg,
L2630,?,Stockyard,Vice City,"?, Stockyard, Vice City",-298.625,1749.315,,,,l4,landmarks/Vice_City/L2630_unnamed_ingame.jpg,
L2631,?,Stockyard,Vice City,"?, Stockyard, Vice City",-280.125,1737.815,,,,l4,landmarks/Vice_City/L2631_unnamed_ingame.jpg,
L2632,?,Stockyard,Vice City,"?, Stockyard, Vice City",-287.625,1943.315,,,,l4,landmarks/Vice_City/L2632_unnamed_ingame.jpg,
L2633,?,Ocean Beach,Vice Beach,"?, Ocean Beach, Vice Beach",1396.164,1212.53,"1620 Bay Rd, Miami Beach, FL 33139, USA",25.7897174,-80.143894,,landmarks/Vice_Beach/L2633_unnamed_ingame.jpg,landmarks/Vice_Beach/L2633_unnamed_reallife.jpg
L2634,?,Stockyard,Vice City,"?, Stockyard, Vice City",-231.625,1940.815,,,,l4,landmarks/Vice_City/L2634_unnamed_ingame.jpg,
L2635,?,Stockyard,Vice City,"?, Stockyard, Vice City",-210.125,1941.815,,,,l4,landmarks/Vice_City/L2635_unnamed_ingame.jpg,
L2636,?,Stockyard,Vice City,"?, Stockyard, Vice City",-180.625,1940.815,,,,l4,landmarks/Vice_City/L2636_unnamed_ingame.jpg,
L2637,?,Crosstown,Vice City,"?, Crosstown, Vice City",-786.837,902.577,,,,//green l4,landmarks/Vice_City/L2637_unnamed_ingame.jpg,
L2638,?,,Rialto Islands,"?, Rialto Islands",570.801803374436,1022.3700243210765,"300 W Rivo Alto Dr, Miami Beach, FL 33139, USA",25.792027,-80.1559614,,landmarks/Rialto_Islands/L2638_unnamed_ingame.jpg,landmarks/Rialto_Islands/L2638_unnamed_reallife.jpg
L2639,?,Vickery Dr,Vice Beach,"?, Vickery Dr, Vice Beach",1511.005,1685.5910000000001,,,,,landmarks/Vice_Beach/L2639_unnamed_ingame.jpg,
L2640,Paño tapas Rojo,Ocean Beach,Vice Beach,"Paño tapas Rojo, Ocean Beach, Vice Beach",1662.947,885.6019999999999,"448 Española Wy, Miami Beach, FL 33139, USA",25.786804,-80.13275089999999,,landmarks/Vice_Beach/L2640_Paño_tapas_Rojo_ingame.jpg,landmarks/Vice_Beach/L2640_Paño_tapas_Rojo_reallife.jpg
L2641,?,Ocean Beach,Vice Beach,"?, Ocean Beach, Vice Beach",1558.38,1427.256,"1675 Meridian Ave, Miami Beach, FL 33139, USA",25.7917549,-80.1340481,l4,landmarks/Vice_Beach/L2641_unnamed_ingame.jpg,landmarks/Vice_Beach/L2641_unnamed_reallife.jpg
L2642,?,Southside,Vice City,"?, Southside, Vice City",-1756.939671442828,-2223.459749022015,,,,//green l4,landmarks/Vice_City/L2642_unnamed_ingame.jpg,
L2643,Train Bridge,,Ambrosia,"Train Bridge, Ambrosia",-2175.67024312126,3729.6532821370074,,,,transportation,landmarks/Ambrosia/L2643_Train_Bridge_ingame.jpg,
L2644,Train Bridge,,Leonard County,"Train Bridge, Leonard County",-1228.6317163585306,4643.231254622047,,,,transportation,,
L2645,Bridge,,Port Gellhorn,"Bridge, Port Gellhorn",-6098.282902983578,4878.774742088076,,,,transportation,,
L2646,Road Tunnel,,Lummox County,"Road Tunnel, Lummox County",-2591.508347816747,6314.605966508532,,,,transportation,,
L2647,River,,Lummox County,"River, Lummox County",-3761.892717808797,6962.448544693376,,,,natural,,
L2648,Train Tunnel,,Lummox County,"Train Tunnel, Lummox County",-2690.45586173344,7081.52578773503,,,,//may-not-exist transportation,,
L2649,Train Tunnel,,Lummox County,"Train Tunnel, Lummox County",-5657.242768300021,6592.422965956698,,,,transportation,,
L2650,Train Tunnel,,Lummox County,"Train Tunnel, Lummox County",-5166.306574267177,7001.05481470447,,,,transportation,,
L2651,Train Tunnel,,Lummox County,"Train Tunnel, Lummox County",-4734.571744805951,7197.429185295529,,,,transportation,,
L2652,Train Tunnel,,Lummox County,"Train Tunnel, Lummox County",-4149.780435376096,7470.331442301495,,,,transportation,,
L2653,Train Bridge,,Lummox County,"Train Bridge, Lummox County",-4444.341991262685,7419.793920458208,,,,transportation,,
L2654,Train Bridge,,Lummox County,"Train Bridge, Lummox County",-2597.4016496014447,7349.040859297003,,,,transportation,,
L2655,Bridge,,Leonida,"Bridge, Leonida",-2531.0545367590544,5281.960873925984,,,,transportation,,
L2656,River,,Lummox County,"River, Lummox County",-2282.573046404448,6255.923583910449,,,,natural,,
L2657,Train Bridge,,Port Gellhorn,"Train Bridge, Port Gellhorn",-6319.245204582075,4998.992354022388,,,,transportation,,
L2658,Train Bridge,,Port Gellhorn,"Train Bridge, Port Gellhorn",-6768.307184389571,5040.86630069254,,,,transportation,,
L2659,Train Bridge,,Port Gellhorn,"Train Bridge, Port Gellhorn",-6229.72159445968,4857.487292861183,,,,transportation,,
L2660,River,,Lummox County,"River, Lummox County",-1180.1066648568103,6827.294983254267,,,,natural,,
L2661,Bridge,,Kelly County,"Bridge, Kelly County",-5035.608842837588,4540.266462608204,,,,transportation,,
L2662,Bridge,,Kelly County,"Bridge, Kelly County",-5252.29352583754,4288.443722905557,,,,transportation,,
L2663,Bridge,,Kelly County,"Bridge, Kelly County",-4517.322997432388,3673.5274046217023,,,,transportation,,
L2664,Turn ?,,Gellhorn International Raceway,"Turn ?, Gellhorn International Raceway",-6677.060967281033,1876.8036557603446,"9GQW+8R7 Zandvoort, Netherlands",52.3882875,4.547046900000001,unconfirmed,,
L2665,?,,Capri,"?, Capri",-7391.010519657493,165.41747458441955,,,,,,
L2666,?,,Kelly County,"?, Kelly County",-7562.565483854241,1935.0994977410571,"492P+5GQ, Bonita Bay, FL 32403, USA",30.1004625,-85.6136406,l6 unconfirmed,landmarks/Kelly_County/L2666_unnamed_ingame.jpg,landmarks/Kelly_County/L2666_unnamed_reallife.jpg
L2667,?,,Gellhorn International Raceway,"?, Gellhorn International Raceway",-7115.641562552673,1871.792376644637,,,,,,
L2668,Turn ?,,Gellhorn International Raceway,"Turn ?, Gellhorn International Raceway",-6147.899796430187,2724.741381121335,8WWG+69Q Quiddelbach,50.3455875,6.9259844,,,landmarks/Gellhorn_International_Raceway/L2668_Turn_reallife.jpg
L2669,?,,Hamlet,"?, Hamlet",-2623.826005047156,-2968.4995127269954,"8000 NW 80th Pl, Lawtey, FL 32058, USA",30.0606861,-82.1782439,l4,landmarks/Hamlet/L2669_unnamed_ingame.jpg,landmarks/Hamlet/L2669_unnamed_reallife.jpg
L2670,Turn ?,,Gellhorn International Raceway,"Turn ?, Gellhorn International Raceway",-6018.238408078852,2758.9659983380743,8WWG+P84 Quiddelbach,50.3467625,6.9258281,,,
L2671,Turn ?,,Gellhorn International Raceway,"Turn ?, Gellhorn International Raceway",-5581.1488665500365,2441.834634205536,,,,,,
L2672,Turn ?,,Gellhorn International Raceway,"Turn ?, Gellhorn International Raceway",-5567.665083883075,2312.6746984532533,9W8J+56V Adenau,50.3654875,6.9305469,,,
L2673,Turn ?,,Gellhorn International Raceway,"Turn ?, Gellhorn International Raceway",-5639.281696024517,2213.6775673122797,9W8J+CJP Adenau,50.3660875,6.931578099999999,,,landmarks/Gellhorn_International_Raceway/L2673_Turn_reallife.jpg
L2674,Turn ?,,Gellhorn International Raceway,"Turn ?, Gellhorn International Raceway",-5599.27023272086,2122.0299616304005,9W8J+QF3 Adenau,50.3668875,6.9311719,,,
L2675,Turn ?,,Gellhorn International Raceway,"Turn ?, Gellhorn International Raceway",-5782.83658835568,2095.050264596787,,,,,,
L2676,Turn ?,,Gellhorn International Raceway,"Turn ?, Gellhorn International Raceway",-5880.516188860825,2058.421559324741,,,,,,
L2677,Turn ?,,Gellhorn International Raceway,"Turn ?, Gellhorn International Raceway",-6289.573,2550.965,8WVH+3XG Quiddelbach,50.3426875,6.9299531,,,
L2678,Turn ?,,Gellhorn International Raceway,"Turn ?, Gellhorn International Raceway",-5853.998633803677,2732.664896712683,,,,,,
L2679,Turn ?,,Gellhorn International Raceway,"Turn ?, Gellhorn International Raceway",-6606.106154864819,2014.0348889132326,,,,,,
L2680,Turn ?,,Gellhorn International Raceway,"Turn ?, Gellhorn International Raceway",-6360.211649885132,2459.800292875073,,,,,,
L2681,Turn ?,,Gellhorn International Raceway,"Turn ?, Gellhorn International Raceway",-6630.945,2548.963493673182,,,,,,
L2682,Turn ?,,Gellhorn International Raceway,"Turn ?, Gellhorn International Raceway",-6568.184638337987,2415.6987106703896,,,,,,
L2683,Turn ?,,Gellhorn International Raceway,"Turn ?, Gellhorn International Raceway",-6866.501566005584,2055.8443490083764,,,,,,
L2684,Turn ?,,Gellhorn International Raceway,"Turn ?, Gellhorn International Raceway",-6219.066812046779,2002.4249368654919,,,,,,
L2685,Turn ?,,Gellhorn International Raceway,"Turn ?, Gellhorn International Raceway",-7208.505753504475,1994.1872266677346,,,,,,
L2686,Turn ?,,Gellhorn International Raceway,"Turn ?, Gellhorn International Raceway",-7173.547722941989,2116.9666510823204,,,,,,
L2687,Turn ?,,Gellhorn International Raceway,"Turn ?, Gellhorn International Raceway",-7064.410456795691,2209.0512193932595,,,,,,
L2688,Turn ?,,Gellhorn International Raceway,"Turn ?, Gellhorn International Raceway",-6963.470506388508,2196.6709837411277,,,,,,
L2689,Turn ?,,Gellhorn International Raceway,"Turn ?, Gellhorn International Raceway",-6422.608850139948,2206.067223466204,"4FJQ+7W3 Dunfermline, United Kingdom",56.13063750000001,-3.5102031,,,
L2690,Turn ?,,Gellhorn International Raceway,"Turn ?, Gellhorn International Raceway",-6379.518795672877,2367.96271382106,"4FJQ+C2P Dunfermline, United Kingdom",56.1310875,-3.5124219,,,
L2691,Turn ?,,Gellhorn International Raceway,"Turn ?, Gellhorn International Raceway",-6293.983524098308,1274.8604538142356,"4FJX+672 Dunfermline, United Kingdom",56.13051249999999,-3.5018594,,,
L2692,Turn ?,,Gellhorn International Raceway,"Turn ?, Gellhorn International Raceway",-6357.406409639324,1225.7076526013398,"4FHX+XJ3 Dunfermline, United Kingdom",56.1298875,-3.5009531,,,
L2693,Turn ?,,Gellhorn International Raceway,"Turn ?, Gellhorn International Raceway",-6563.530475901692,1137.7085682732209,"4GH2+952 Dunfermline, United Kingdom",56.1283875,-3.4996094,,,
L2694,Turn ?,,Gellhorn International Raceway,"Turn ?, Gellhorn International Raceway",-6611.0975682732205,1226.5006164698377,"4FHX+5M2 Dunfermline, United Kingdom",56.1278875,-3.5008594,,,
L2695,Turn ?,,Gellhorn International Raceway,"Turn ?, Gellhorn International Raceway",-6653.419331264366,1256.5754321047484,"4FHX+3H4 Dunfermline, United Kingdom",56.1276375,-3.5010469,,,
L2696,Turn ?,,Gellhorn International Raceway,"Turn ?, Gellhorn International Raceway",-7002.050004086766,1340.1456648854519,"W6M5+GW, 72230 Le Mans, France",47.93381249999999,0.2098125,,,
L2697,Turn ?,,Gellhorn International Raceway,"Turn ?, Gellhorn International Raceway",-7087.72171868775,1697.4591355204163,"W6P6+J5H Le Mans, France",47.9365625,0.2104844,,,
L2698,Turn ?,,Gellhorn International Raceway,"Turn ?, Gellhorn International Raceway",-7259.156035214757,1795.2151246604149,"W6Q5+4JM Le Mans, France",47.9378375,0.2090469,,,
L2699,Turn ?,,Gellhorn International Raceway,"Turn ?, Gellhorn International Raceway",-6991.284718400573,2124.1618041901106,,,,,,
L2700,Turn ?,,Gellhorn International Raceway,"Turn ?, Gellhorn International Raceway",-7031.59395877598,1946.6230412240197,,,,,,
L2701,Turn ?,,Gellhorn International Raceway,"Turn ?, Gellhorn International Raceway",-6394.7735946665925,1827.3969134723666,,,,,,
L2702,Turn ?,,Gellhorn International Raceway,"Turn ?, Gellhorn International Raceway",-6427.7324545183765,1414.7425625242104,,,,,,
L2703,Turn ?,,Gellhorn International Raceway,"Turn ?, Gellhorn International Raceway",-6581.412345052588,1365.1367252629384,,,,,,
L2704,Turn ?,,Gellhorn International Raceway,"Turn ?, Gellhorn International Raceway",-6618.373690105176,1420.0917955784648,,,,,,
L2705,Turn ?,,Gellhorn International Raceway,"Turn ?, Gellhorn International Raceway",-6667.978690105176,1476.9921054732895,,,,,,
L2706,Turn ?,,Gellhorn International Raceway,"Turn ?, Gellhorn International Raceway",-6255.970777248561,1722.41956402302,,,,,,
L2707,Turn ?,,Gellhorn International Raceway,"Turn ?, Gellhorn International Raceway",-6238.439,1483.4043460345301,,,,,,
L2708,Prison Building,,Hamlet,"Prison Building, Hamlet",-2768.763656537357,-2924.775018701356,"3R6C+QHC Raiford, Florida, USA",30.0619375,-82.1786094,closed government l4,landmarks/Hamlet/L2708_Prison_Building_ingame.jpg,
L2709,Prison Building,,Hamlet,"Prison Building, Hamlet",-2826.263664854496,-2924.2037987502144,"3R6C+WCW Raiford, Florida, USA",30.0623625,-82.17892189999999,closed government l4,landmarks/Hamlet/L2709_Prison_Building_ingame.jpg,
L2710,Prison Building,,Hamlet,"Prison Building, Hamlet",-2824.263748849084,-2813.6804923212653,"3R7C+5RQ Raiford, Florida, USA",30.0629625,-82.17789060000001,closed government l4,landmarks/Hamlet/L2710_Prison_Building_ingame.jpg,
L2711,Prison Building,,Hamlet,"Prison Building, Hamlet",-2764.9712471558514,-2816.6186564817194,"3R7C+2X7 Raiford, Florida, USA",30.06253749999999,-82.17757809999999,closed government l4,landmarks/Hamlet/L2711_Prison_Building_ingame.jpg,
L2712,Prison Building,,Hamlet,"Prison Building, Hamlet",-2725.8252337394265,-2885.661314105697,"3R6C+QR2 Raiford, Florida, USA",30.06188749999999,-82.1779844,closed government l4,landmarks/Hamlet/L2712_Prison_Building_ingame.jpg,
L2713,Prison Building,,Hamlet,"Prison Building, Hamlet",-2733.97157980735,-2837.72277820603,"3R6C+VX6 Raiford, Florida, USA",30.0621625,-82.1776094,closed government l4,landmarks/Hamlet/L2713_Prison_Building_ingame.jpg,
L2714,Prison Building,,Hamlet,"Prison Building, Hamlet",-2685.117411927176,-2849.849570992317,"3R6F+Q44 Raiford, Florida, USA",30.06188749999999,-82.17717189999999,closed government l4,landmarks/Hamlet/L2714_Prison_Building_ingame.jpg,
L2715,Prison Building,,Hamlet,"Prison Building, Hamlet",-2654.17913133813,-2879.7229528489174,"3R6F+G5M Raiford, Florida, USA",30.0613375,-82.1770781,closed government l4,landmarks/Hamlet/L2715_Prison_Building_ingame.jpg,
L2716,Prison Building,,Hamlet,"Prison Building, Hamlet",-2828.9717902110965,-2871.972712923585,,,,closed government l4,landmarks/Hamlet/L2716_Prison_Building_ingame.jpg,
L2717,Prison Building,,Hamlet,"Prison Building, Hamlet",-2773.2636290936366,-2874.868875617043,,,,closed government l4,landmarks/Hamlet/L2717_Prison_Building_ingame.jpg,
L2718,Prison Building,,Hamlet,"Prison Building, Hamlet",-2813.0564651017958,-2884.118891002331,,,,closed government l4,landmarks/Hamlet/L2718_Prison_Building_ingame.jpg,
L2719,Prison Building,,Hamlet,"Prison Building, Hamlet",-2799.0564068875,-2881.8689047241915,,,,closed government l4,landmarks/Hamlet/L2719_Prison_Building_ingame.jpg,
L2720,Prison Building,,Hamlet,"Prison Building, Hamlet",-2783.1178194272475,-2885.618666462286,,,,closed government l4,landmarks/Hamlet/L2720_Prison_Building_ingame.jpg,
L2721,Prison Building,,Hamlet,"Prison Building, Hamlet",-2881.3250033802215,-2791.0765951370004,,,,closed government,,
L2722,?,,Hamlet,"?, Hamlet",-3013.839,-2921.254,,,,l4,landmarks/Hamlet/L2722_unnamed_ingame.jpg,
L2723,Prison Building,,Hamlet,"Prison Building, Hamlet",-2927.9440470398076,-2925.2467274845385,,,,closed government l4,landmarks/Hamlet/L2723_Prison_Building_ingame.jpg,
L2724,Prison Building,,Hamlet,"Prison Building, Hamlet",-2829.42411370182,-2846.097870724976,"3R7C+4PC Raiford, Florida, USA",30.0628125,-82.1782344,closed government l4,landmarks/Hamlet/L2724_Prison_Building_ingame.jpg,
L2725,?,,Hamlet,"?, Hamlet",-2960.4200539541034,-3076.3562122914245,,,,l4,landmarks/Hamlet/L2725_unnamed_ingame.jpg,
L2726,?,,Hamlet,"?, Hamlet",-2968.959921458956,-3123.521921198371,,,,l4,landmarks/Hamlet/L2726_unnamed_ingame.jpg,
L2727,?,,Leonard County,"?, Leonard County",-2289.758005789381,1039.3359999999998,,,,,,
L2728,?,,La Perle,"?, La Perle",-1223.9548075071061,1343.5546150142125,"Hurricane Cove Marina & Boatyard, 1884 NW N River Dr, Miami, FL 33125, USA",25.7876108,-80.2260752,unconfirmed,,
L2729,?,,Starfish Island,"?, Starfish Island",637.6423524122363,511.6552951755277,"25 N Hibiscus Dr, Miami Beach, FL 33139, USA",25.7819744,-80.15599200000001,l4 unconfirmed,landmarks/Starfish_Island/L2729_unnamed_ingame.jpg,
L2730,?,,Starfish Island,"?, Starfish Island",697.1721683816846,554.3880502772856,,,,l4,landmarks/Starfish_Island/L2730_unnamed_ingame.jpg,
L2731,Vercetti Estate,,Starfish Island,"Vercetti Estate, Starfish Island",903.5824606546231,656.655621964427,"21 W Star Island Dr, Miami Beach, FL 33139, USA",25.7803065,-80.1517684,l4,landmarks/Starfish_Island/L2731_Vercetti_Estate_ingame.jpg,landmarks/Starfish_Island/L2731_Vercetti_Estate_reallife.jpg
L2732,Bridge,,Waning Sands,"Bridge, Waning Sands",296.4679717246438,4049.5190063719115,,,,,,
L2733,Bridge,,Waning Sands,"Bridge, Waning Sands",215.52200119473332,4233.895994026333,,,,,,
L2734,Turn ?,,Gellhorn International Raceway,"Turn ?, Gellhorn International Raceway",-5619.300090010775,2735.6952057389126,,,,,,
L2735,Turn ?,,Gellhorn International Raceway,"Turn ?, Gellhorn International Raceway",-5544.433974282636,2652.2730257173644,,,,,,
L2736,?,,Gellhorn International Raceway,"?, Gellhorn International Raceway",-6776.508733508888,2011.388449868334,,,,,landmarks/Gellhorn_International_Raceway/L2736_unnamed_ingame.jpg,
L2737,Train Bridge,,Ambrosia,"Train Bridge, Ambrosia",-2468.206,3708.746,,,,transportation,,
L2738,Guard Booth,,Allied Crystal,"Guard Booth, Allied Crystal",-2658.076907986924,3646.985364004359,,,,l4,landmarks/Allied_Crystal/L2738_Guard_Booth_ingame.jpg,
L2739,Lake,,Vice-Dale County,"Lake, Vice-Dale County",-2828.626342737148,1123.2135673983653,,,,,,
L2740,Lake,,Leonard County,"Lake, Leonard County",-1289.509044932243,1769.4870898644865,,,,,,
L2741,?,,Capri,"?, Capri",-7006.132904935009,631.3370000000001,,,,,,
L2742,"""Now Leaving The Keys"" Sign",,Key Lento,"""Now Leaving The Keys"" Sign, Key Lento",-2123.801,-5181.902,"Key Largo Sign, 106309 Overseas Hwy, Key Largo, FL 33037, USA",25.1703459,-80.3749355,demolished l4 landmark,landmarks/Key_Lento/L2742_Now_Leaving_The_Keys_Sign_ingame.jpg,landmarks/Key_Lento/L2742_Now_Leaving_The_Keys_Sign_reallife.jpg
L2743,Fruitshots,Ocean Beach,Vice Beach,"Fruitshots, Huevo St, Ocean Beach, Vice Beach",1943.0321641669354,454.1821184614149,,,,,landmarks/Vice_Beach/L2743_Fruitshots_ingame.jpg,
L2744,The Grain of Truth,Downtown,Vice City,"The Grain of Truth, Downtown, Vice City",-468.83899999999994,-339.403,,,,,landmarks/Vice_City/L2744_The_Grain_of_Truth_ingame.jpg,
L2745,Diangelo,Downtown,Vice City,"Diangelo, Downtown, Vice City",-524.839,-339.153,,,,,landmarks/Vice_City/L2745_Diangelo_ingame.jpg,
L2746,?,Washington Beach,Vice Beach,"?, Washington Beach, Vice Beach",2176.4522636219926,2139.278965438258,,,,l4,landmarks/Vice_Beach/L2746_unnamed_ingame.jpg,landmarks/Vice_Beach/L2746_unnamed_reallife.jpg
L2747,Little Gems Jewellery,Rockridge,Vice City,"Little Gems Jewellery, Rockridge, Vice City",-1244.574,644.908,,,,l6,landmarks/Vice_City/L2747_Little_Gems_Jewellery_ingame.jpg,
L2748,?,Rockridge,Vice City,"?, Rockridge, Vice City",-1237.324,635.158,,,,l6,landmarks/Vice_City/L2748_unnamed_ingame.jpg,
L2749,?,Prison,Hamlet,"?, Prison, Hamlet",-2557.79,-2864.597,"3R6F+79M Raiford, Florida, USA",30.0607125,-82.1765781,l4,landmarks/Hamlet/L2749_unnamed_ingame.jpg,landmarks/Hamlet/L2749_unnamed_reallife.jpg
L2750,?,,Vice City International Airport,"?, Vice City International Airport",-1804.1853341615697,-1145.989296132347,"3401 NW 67th Ave, Miami, FL 33122, USA",25.805574,-80.3042723,l4,landmarks/Vice_City_International_Airport/L2750_unnamed_ingame.jpg,landmarks/Vice_City_International_Airport/L2750_unnamed_reallife.jpg
L2751,?,Peacock Bay,Vice City,"?, Peacock Bay, Vice City",-1204.569,-1864.091,"3460 Main Hwy, Miami, FL 33133, USA",25.7270936,-80.2436442,l4,landmarks/Vice_City/L2751_unnamed_ingame.jpg,landmarks/Vice_City/L2751_unnamed_reallife.jpg
L2752,?,Peacock Bay,Vice City,"?, Peacock Bay, Vice City",-1272.569,-1896.591,"3145 Commodore Plaza, Miami, FL 33133, USA",25.727573,-80.24434959999999,l4,landmarks/Vice_City/L2752_unnamed_ingame.jpg,landmarks/Vice_City/L2752_unnamed_reallife.jpg
L2753,?,,North Beaches,"?, North Beaches",1078.7977604686648,3409.592638146256,"Boynton Inlet Pier, GXW5+65, Manalapan, FL 33462, USA",26.5455491,-80.0421227,unconfirmed,,landmarks/North_Beaches/L2753_unnamed_reallife.jpg
L2754,Casino,,Vice City,"Casino, Vice City",-2508.5651390792655,344.27313306141696,"Casino Miami, 3500 NW 37th Ave, Miami, FL 33142, USA",25.8073372,-80.2571905,//may-not-exist leisure unconfirmed,landmarks/Vice_City/L2754_Casino_ingame.jpg,landmarks/Vice_City/L2754_Casino_reallife.jpg
L2755,Berth,,Kelly County,"Berth, Kelly County",-7612.81815727167,1937.0797770373367,"492P+5GQ, Bonita Bay, FL 32403, USA",30.1004625,-85.6136406,l6,landmarks/Kelly_County/L2755_Berth_ingame.jpg,landmarks/Kelly_County/L2755_Berth_reallife.jpg
L2756,?,Rockridge,Vice City,"?, Rockridge, Vice City",-1129.4423631050038,1008.4832007823884,"Victoria Mini Market, 1751-1771 NW 7th St, Miami, FL 33125, USA",25.7801886,-80.2237085,closed,landmarks/Vice_City/L2756_unnamed_ingame.jpg,landmarks/Vice_City/L2756_unnamed_reallife.jpg
L2757,Zeke's Gadgets,Rockridge,Vice City,"Zeke's Gadgets, Rockridge, Vice City",-1144.2580000000003,998.393,"A Superior Insurance, 1761 NW 7th St, Miami, FL 33125, USA",25.780245,-80.2237006,closed enterable retail,landmarks/Vice_City/L2757_Zekes_Gadgets_ingame.jpg,landmarks/Vice_City/L2757_Zekes_Gadgets_reallife.jpg
L2758,Video Forever,Rockridge,Vice City,"Video Forever, Rockridge, Vice City",-1141.688,989.44,"Ernesto Ferro's Salon Spa, 1763 NW 7th St, Miami, FL 33125, USA",25.7802215,-80.2237778,closed,landmarks/Vice_City/L2758_Video_Forever_ingame.jpg,landmarks/Vice_City/L2758_Video_Forever_reallife.jpg
L2759,Joyeria Empenos,Rockridge,Vice City,"Joyeria Empenos, Rockridge, Vice City",-1148.188,1012.19,"Joyeria Empenos, 1757 NW 7th St, Miami, FL 33125, USA",25.7783397,-80.2759193,,landmarks/Vice_City/L2759_Joyeria_Empenos_ingame.jpg,landmarks/Vice_City/L2759_Joyeria_Empenos_reallife.jpg
L2760,Hospital,Rockridge,Vice City,"Hospital, Rockridge, Vice City",-1029.782,894.6410000000001,"Hinkes Roberta, 1695 NW 9th Ave, Miami, FL 33136, USA",25.7908219,-80.2094793,//may-not-exist l6 public,landmarks/Vice_City/L2760_Hospital_ingame.jpg,landmarks/Vice_City/L2760_Hospital_reallife.jpg
L2761,Bridge,,Vice-Dale County,"Bridge, Vice-Dale County",257.69690294540646,-1525.6748119086615,,,,transportation,landmarks/Vice-Dale_County/L2761_Bridge_ingame.jpg,
L2762,Tennis Court,,Catalan Key,"Tennis Court, Catalan Key",-255.32150586791215,-2038.8856179949307,,,,l6 leisure,landmarks/Catalan_Key/L2762_Tennis_Court_ingame.jpg,
L2763,Tennis Court,,Catalan Key,"Tennis Court, Catalan Key",-408.40690189459724,-1962.6989325304874,,,,l6 leisure,landmarks/Catalan_Key/L2763_Tennis_Court_ingame.jpg,
L2764,Tennis Court,,Catalan Key,"Tennis Court, Catalan Key",-380.63792308045436,-2023.2210658433628,,,,l6 leisure,landmarks/Catalan_Key/L2764_Tennis_Court_ingame.jpg,
L2765,?,,Leonard County,"?, Leonard County",461.47878170039087,5182.258643992754,"WWVH+8QP Jupiter Inlet Colony, Florida, USA",26.9433375,-80.0705469,unconfirmed,landmarks/Leonard_County/L2765_unnamed_ingame.jpg,
L2766,?,,Vice City,"?, Vice City",-1716.1660000000002,-1193.852,,,,,landmarks/Vice_City/L2766_unnamed_ingame.jpg,
L2767,?,Ocean Beach,Vice Beach,"?, Ocean Beach, Vice Beach",1712.859,-85.15700000000001,,,,,landmarks/Vice_Beach/L2767_unnamed_ingame.jpg,
L2768,?,Salton,Vice City,"?, SW 7th Ave, Salton, Vice City",-1428.208,-1174.78,"600 NW 6th St, Miami, FL 33136, USA",25.7789446,-80.20546379999999,l6 residential,landmarks/Vice_City/L2768_unnamed_ingame.jpg,landmarks/Vice_City/L2768_unnamed_reallife.jpg
L2769,?,Salton,Vice City,"?, SW 7th Ave, Salton, Vice City",-1426.9409999999998,-1162.537,"600 NW 6th St, Miami, FL 33136, USA",25.7789446,-80.20546379999999,l6 residential,landmarks/Vice_City/L2769_unnamed_ingame.jpg,landmarks/Vice_City/L2769_unnamed_reallife.jpg
L2770,?,Salton,Vice City,"?, SW 7th Ave, Salton, Vice City",-1425.281,-1148.66,"600 NW 6th St, Miami, FL 33136, USA",25.7789446,-80.20546379999999,l6 residential,landmarks/Vice_City/L2770_unnamed_ingame.jpg,landmarks/Vice_City/L2770_unnamed_reallife.jpg
L2771,?,Salton,Vice City,"?, SW 7th Ave, Salton, Vice City",-1423.8977913937292,-1133.0860541075385,"600 NW 6th St, Miami, FL 33136, USA",25.7789446,-80.20546379999999,l6 residential,landmarks/Vice_City/L2771_unnamed_ingame.jpg,landmarks/Vice_City/L2771_unnamed_reallife.jpg
L2772,?,Salton,Vice City,"?, SW 7th Ave, Salton, Vice City",-1421.7617161003336,-1117.4215019559706,"600 NW 6th St, Miami, FL 33136, USA",25.7789446,-80.20546379999999,l6 residential,landmarks/Vice_City/L2772_unnamed_ingame.jpg,landmarks/Vice_City/L2772_unnamed_reallife.jpg
L2773,?,Salton,Vice City,"?, SW 7th Ave, Salton, Vice City",-1419.625640806938,-1101.0449247066044,"605 NW 6th St, Miami, FL 33136, USA",25.779805,-80.204844,l6 residential,landmarks/Vice_City/L2773_unnamed_ingame.jpg,landmarks/Vice_City/L2773_unnamed_reallife.jpg
L2774,?,Salton,Vice City,"?, SW 7th Ave, Salton, Vice City",-1418.2015906113409,-1083.9563223594396,"605 NW 6th St, Miami, FL 33136, USA",25.779805,-80.204844,l6 residential,landmarks/Vice_City/L2774_unnamed_ingame.jpg,landmarks/Vice_City/L2774_unnamed_reallife.jpg
L2775,?,Salton,Vice City,"?, Salton, Vice City",-1405.165,-1078.978,"574 NW 6th Ave, Miami, FL 33136, USA",25.7794181,-80.20459679999999,l6 residential,landmarks/Vice_City/L2775_unnamed_ingame.jpg,landmarks/Vice_City/L2775_unnamed_reallife.jpg
L2776,?,Salton,Vice City,"?, Salton, Vice City",-1381.991,-1082.108,"538 NW 6th Ave, Miami, FL 33136, USA",25.7791157,-80.2045869,l6 residential,landmarks/Vice_City/L2776_unnamed_ingame.jpg,landmarks/Vice_City/L2776_unnamed_reallife.jpg
L2777,?,NW 16th St,Vice City,"?, NW 16th St, Vice City",-1673.9880000000003,588.858,"Bernuth Marine Shipping, 3163 NW S River Dr, Miami, FL 33142, USA",25.7955392,-80.24545239999999,unconfirmed,landmarks/Vice_City/L2777_unnamed_ingame.jpg,landmarks/Vice_City/L2777_unnamed_reallife.jpg
L2778,?,,Vice City,"?, Vice City",-2190.1783481168795,838.9596893763849,"Herzog Transportation, VP3R+VG, Miami, FL 33147, USA",25.8546952,-80.25868299999999,//may-not-exist l6,landmarks/Vice_City/L2778_unnamed_ingame.jpg,landmarks/Vice_City/L2778_unnamed_reallife.jpg
L2779,?,Peacock Bay,Vice City,"?, Peacock Bay, Vice City",-1247.887,-1740.893,,,,,,
L2780,?,,Peregrine Bay,"?, Peregrine Bay",-2000.295,-3834.188,"Turkey Point Cooling Basins, 9MR2+MRG Islandia, Floride, USA",25.3916875,-80.3479219,,,landmarks/Peregrine_Bay/L2780_unnamed_reallife.jpg
L2781,Bridge,,Buckskin,"Bridge, Buckskin",-4132.8723638731635,930.2258426953522,76QXQ66G+V4,25.7621875,-80.7746875,,,
L2782,?,,Buckskin,"?, Buckskin",-4102.621259003398,999.1481983578711,76QXQ67G+45,25.7628125,-80.7745625,unconfirmed,,
L2783,?,,Buckskin,"?, Buckskin",-4153.143854077011,978.5653156216868,76QXQ67G+33,25.7626875,-80.7748125,unconfirmed,,
L2784,Interchange,,Kelly County,"Interchange, Kelly County",-5916.319402895558,596.028799639975,"4FH2+CMG Greater Northdale, Florida, USA",28.1285625,-82.5482969,,,
L2785,Fire Station,,La Perle,"Fire Station, La Perle",-782.662,1739.719,"City Of Miami Fire Station 6, 701 NW 36th St, Miami, FL 33127, USA",25.8102781,-80.2078765,,,
L2786,?,Salton,Vice City,"?, Salton, Vice City",-1641.5940000000003,-580.9817327172054,"901 S Royal Poinciana Blvd, Miami, FL 33166, USA",25.8103936,-80.2654433,,,
L2787,?,Rockridge,Vice City,"?, Rockridge, Vice City",-1251.996,910.3530000000001,"1320 NW 7th St, Miami, FL 33125, USA",25.7798709,-80.21710159999999,,,
L2788,?,,Vice City,"?, Vice City",-1617.6599999999999,454.788,"3700 NW 62nd St, Miami, FL 33147, USA",25.8302105,-80.257967,industrial l6,landmarks/Vice_City/L2788_unnamed_ingame.jpg,landmarks/Vice_City/L2788_unnamed_reallife.jpg
L2789,?,,Vice City,"?, Vice City",-1769.3145216579696,413.32564737913646,"3701 NW 51st St, Miami, FL 33142, USA",25.8209267,-80.2574096,l6,,
L2790,?,,Vice City,"?, Vice City",-1825.2128576188566,409.55722023570587,"3700 NW 54th St, Miami, FL 33142, USA",25.8230059,-80.2574297,l6,,
L2791,?,,Vice City,"?, Vice City",-1885.1935016659977,404.8469321414235,"5300 NW 37th Ave, Miami, FL 33142, USA",25.822373,-80.257137,l6,,
L2792,?,,Vice City,"?, Vice City",-1717.8122479483309,476.76181869157523,"5601 SW 8th Street, Miami, FL 33134, USA",25.7638721,-80.2860216,l6,,
L2793,?,,Vice City,"?, Vice City",-1831.8071690371062,462.00277378432935,"3758 NW 54th St, Miami, FL 33142, USA",25.8232388,-80.25827269999999,l6,,
L2794,?,,Vice City,"?, Vice City",-1777.4789288094282,478.6465049979929,"3771 NW 51st St, Miami, FL 33142, USA",25.8208841,-80.25834490000001,l6,,
L2795,?,,Vice City,"?, Vice City",-1895.870430475426,463.88635928485405,"3747 NW 52nd St, Miami, FL 33142, USA",25.8219354,-80.2581807,l6,,
L2796,?,,Vice City,"?, Vice City",-1637.487,489.557,"3700 NW 62nd St, Miami, FL 33147, USA",25.8302105,-80.257967,l6,,landmarks/Vice_City/L2796_unnamed_reallife.jpg
L2797,?,,Waning Sands,"?, Waning Sands",155.98768647291467,3413.9845676354266,,,,,,
L2798,?,,Waning Sands,"?, Waning Sands",160.99800000000005,3478.006216182287,,,,,,
L2799,?,,Waning Sands,"?, Waning Sands",152.647,3540.915,,,,,,
L2800,?,,Waning Sands,"?, Waning Sands",144.2963135270852,3599.3700486723997,,,,,,
L2801,?,,Waning Sands,"?, Waning Sands",120.35815676354264,3677.8665783817714,,,,,,
L2802,?,,Waning Sands,"?, Waning Sands",113.12068647291471,3724.073940581256,,,,,,
L2803,?,,Waning Sands,"?, Waning Sands",99.20273514531391,3791.436,,,,,,
L2804,?,,Waning Sands,"?, Waning Sands",86.39847029062776,3847.663940581256,,,,,,
L2805,Train Bridge,,Kelly County,"Train Bridge, Kelly County",-3676.351871435086,5116.0502859531625,,,,,,
L2806,?,La Perle,Vice City,"?, La Perle, Vice City",-811.7450661132469,1732.522424251428,"City of Miami Fire Station 6, 701 NW 36th St, Miami, FL 33127, USA",25.8102781,-80.2078765,demolished,,landmarks/Vice_City/L2806_unnamed_reallife.jpg
L2807,?,Salton,Vice City,"?, Salton, Vice City",-1576.9092563927325,-855.0701867906558,"QPWW+7PV Miami, Florida, USA",25.7957375,-80.2532031,,landmarks/Vice_City/L2807_unnamed_ingame.jpg,landmarks/Vice_City/L2807_unnamed_reallife.jpg
L2808,?,La Perle,Vice City,"?, La Perle, Vice City",-879.176,1678.6935169479352,"2595 NW 27th Ave, Miami, FL 33142, USA",25.7996287,-80.2396887,l6 unconfirmed,,landmarks/Vice_City/L2808_unnamed_reallife.jpg
L2809,?,,Waning Sands,"?, Waning Sands",290.8106305809738,4658.798411825222,,,,l4,landmarks/Waning_Sands/L2809_unnamed_ingame.jpg,
L2810,?,Downtown,Vice City,"?, Downtown, Vice City",-778.8330000000001,-212.562,"99 SE 2nd St, Miami, FL 33131, USA",25.7726718,-80.1920289,l4,landmarks/Vice_City/L2810_unnamed_ingame.jpg,landmarks/Vice_City/L2810_unnamed_reallife.jpg
L2811,?,Little Cuba,Vice City,"?, Little Cuba, Vice City",-1087.1587163585302,105.63790020393716,,,,l4,landmarks/Vice_City/L2811_unnamed_ingame.jpg,
L2812,?,Little Cuba,Vice City,"?, Little Cuba, Vice City",-1086.6517366186354,129.46594797900286,,,,l4,landmarks/Vice_City/L2812_unnamed_ingame.jpg,
L2813,?,,Vice City International Airport,"?, Vice City International Airport",-2559.7980047845735,-500.8105739055487,,,,,,
L2814,Parking Lot,Downtown,Vice City,"Parking Lot, Downtown, Vice City",-522.8895065026246,-238.60119110026272,,,,l6,landmarks/Vice_City/L2814_Parking_Lot_ingame.jpg,
L2815,?,Westbrook Dr,Vice City,"?, Westbrook Dr, Vice City",-1656.336,728.743,,,,,landmarks/Vice_City/L2815_unnamed_ingame.jpg,
L2816,Bridge,,Lummox County,"Bridge, Lummox County",-2895.934007489207,6795.600654184655,"PJQ3+JRH Tallulah Falls, Georgia, USA",34.7390625,-83.3953906,,,
L2817,?,Downtown,Vice City,"?, Downtown, Vice City",-729.8330000000001,-217.062,"30 SW 1st St Unit 1201, Miami, FL 33130, USA",25.7731364,-80.19417709999999,demolished l4 unconfirmed,landmarks/Vice_City/L2817_unnamed_ingame.jpg,landmarks/Vice_City/L2817_unnamed_reallife.jpg
L2818,?,Downtown,Vice City,"?, Downtown, Vice City",-808.3330000000001,-226.062,,,,l6,landmarks/Vice_City/L2818_unnamed_ingame.jpg,
L2819,?,Downtown,Vice City,"?, Downtown, Vice City",-813.3330000000001,-261.562,,,,l6,landmarks/Vice_City/L2819_unnamed_ingame.jpg,
L2820,?,Downtown,Vice City,"?, Downtown, Vice City",-817.3330000000001,-283.562,,,,l6,landmarks/Vice_City/L2820_unnamed_ingame.jpg,
